ano_exercicio;ano_calendario_inferido;unidade_geografica;moeda;unidade_monetaria_agregados;unidade_limites_faixa;serie_nacional_comparavel_renda_liquida;fonte;url_archive;url_pdf;url_aef_1983_metadata;arquivo_fonte;arquivo_ocr;arquivo_ocr_xml;arquivo_imagem_tabela;pagina_pdf;pagina_impressa;observacao;codigo_faixa;ordem_faixa;faixa_rendimento_bruto_total_cr;limite_inferior_cr;limite_superior_cr;faixa_topo_aberta;renda_liquida_negativa_declarantes;renda_liquida_negativa_cr_mil_publicada;renda_liquida_zero_a_278000_declarantes;renda_liquida_zero_a_278000_cr_mil;renda_liquida_acima_278000_declarantes;renda_liquida_acima_278000_cr_mil;imposto_devido_calculado_declarantes;imposto_devido_calculado_cr_mil;tipo_rendimento_faixa;tipo_valor_monetario;quadro;observacao_linha
1982;1981;Brasil;Cr$;Cr$ 1.000;Cr$ 1,00;0;Brasil. Ministerio da Fazenda. Secretaria da Receita Federal. Coordenacao do Sistema de Informacoes Economico-Fiscais. Imposto de Renda Pessoa Fisica 1982. Brasilia: Ministerio da Fazenda, 1982.;https://archive.org/details/impostoderendape41982mini;https://archive.org/download/impostoderendape41982mini/impostoderendape41982mini.pdf;https://archive.org/details/anuareco1983minfaz;outputs/fontes-pedro-souza-irpf/irpf_scan/pdf/impostoderendape41982mini.pdf;outputs/fontes-pedro-souza-irpf/irpf_scan/ocr_txt/impostoderendape41982mini_djvu.txt;outputs/fontes-pedro-souza-irpf/irpf_scan/ocr_txt/impostoderendape41982mini_djvu.xml;outputs/fontes-pedro-souza-irpf/irpf_scan/previews/impostoderendape41982mini/crops/irpf1982_pdfpage_034_brasil_full_crop.png;34;30;"A publicacao IRPF 1982 cobre ano-base 1981/exercicio 1982. Ela traz quadros nacionais no fechamento das tabelas por Unidades Federadas e Regioes Fiscais, mas o Quadro 2 continua decompondo a renda liquida calculada apenas em tres blocos: negativa, de zero a Cr$ 278.000 e acima de Cr$ 278.000. Por isso, a extracao foi preservada como serie paralela e nao deve ser misturada diretamente com a serie nacional comparavel por classes finas de renda liquida. O item Anuario Economico-Fiscal 1983 foi localizado no Internet Archive somente com metadados, sem PDF/OCR publico. Para o ano-base 1981, foi usada a publicacao CIEF Imposto de Renda Pessoa Fisica 1982. Os valores nacionais foram conferidos nas imagens das paginas PDF 25 e 34. Algumas casas estavam borradas no scan; nesses casos, o valor foi resolvido por fechamento contra o total publicado e marcado em observacao_linha.";F01;1;Ate 278.000;;278000;0;143368;17226434;455125;48362907;0;0;0;0;rendimento bruto total;renda liquida calculada;2;
1982;1981;Brasil;Cr$;Cr$ 1.000;Cr$ 1,00;0;Brasil. Ministerio da Fazenda. Secretaria da Receita Federal. Coordenacao do Sistema de Informacoes Economico-Fiscais. Imposto de Renda Pessoa Fisica 1982. Brasilia: Ministerio da Fazenda, 1982.;https://archive.org/details/impostoderendape41982mini;https://archive.org/download/impostoderendape41982mini/impostoderendape41982mini.pdf;https://archive.org/details/anuareco1983minfaz;outputs/fontes-pedro-souza-irpf/irpf_scan/pdf/impostoderendape41982mini.pdf;outputs/fontes-pedro-souza-irpf/irpf_scan/ocr_txt/impostoderendape41982mini_djvu.txt;outputs/fontes-pedro-souza-irpf/irpf_scan/ocr_txt/impostoderendape41982mini_djvu.xml;outputs/fontes-pedro-souza-irpf/irpf_scan/previews/impostoderendape41982mini/crops/irpf1982_pdfpage_034_brasil_full_crop.png;34;30;"A publicacao IRPF 1982 cobre ano-base 1981/exercicio 1982. Ela traz quadros nacionais no fechamento das tabelas por Unidades Federadas e Regioes Fiscais, mas o Quadro 2 continua decompondo a renda liquida calculada apenas em tres blocos: negativa, de zero a Cr$ 278.000 e acima de Cr$ 278.000. Por isso, a extracao foi preservada como serie paralela e nao deve ser misturada diretamente com a serie nacional comparavel por classes finas de renda liquida. O item Anuario Economico-Fiscal 1983 foi localizado no Internet Archive somente com metadados, sem PDF/OCR publico. Para o ano-base 1981, foi usada a publicacao CIEF Imposto de Renda Pessoa Fisica 1982. Os valores nacionais foram conferidos nas imagens das paginas PDF 25 e 34. Algumas casas estavam borradas no scan; nesses casos, o valor foi resolvido por fechamento contra o total publicado e marcado em observacao_linha.";F02;2;278.001 a 394.000;278001;394000;0;46504;4035156;549331;99454944;90106;26951830;90044;104882;rendimento bruto total;renda liquida calculada;2;
1982;1981;Brasil;Cr$;Cr$ 1.000;Cr$ 1,00;0;Brasil. Ministerio da Fazenda. Secretaria da Receita Federal. Coordenacao do Sistema de Informacoes Economico-Fiscais. Imposto de Renda Pessoa Fisica 1982. Brasilia: Ministerio da Fazenda, 1982.;https://archive.org/details/impostoderendape41982mini;https://archive.org/download/impostoderendape41982mini/impostoderendape41982mini.pdf;https://archive.org/details/anuareco1983minfaz;outputs/fontes-pedro-souza-irpf/irpf_scan/pdf/impostoderendape41982mini.pdf;outputs/fontes-pedro-souza-irpf/irpf_scan/ocr_txt/impostoderendape41982mini_djvu.txt;outputs/fontes-pedro-souza-irpf/irpf_scan/ocr_txt/impostoderendape41982mini_djvu.xml;outputs/fontes-pedro-souza-irpf/irpf_scan/previews/impostoderendape41982mini/crops/irpf1982_pdfpage_034_brasil_full_crop.png;34;30;"A publicacao IRPF 1982 cobre ano-base 1981/exercicio 1982. Ela traz quadros nacionais no fechamento das tabelas por Unidades Federadas e Regioes Fiscais, mas o Quadro 2 continua decompondo a renda liquida calculada apenas em tres blocos: negativa, de zero a Cr$ 278.000 e acima de Cr$ 278.000. Por isso, a extracao foi preservada como serie paralela e nao deve ser misturada diretamente com a serie nacional comparavel por classes finas de renda liquida. O item Anuario Economico-Fiscal 1983 foi localizado no Internet Archive somente com metadados, sem PDF/OCR publico. Para o ano-base 1981, foi usada a publicacao CIEF Imposto de Renda Pessoa Fisica 1982. Os valores nacionais foram conferidos nas imagens das paginas PDF 25 e 34. Algumas casas estavam borradas no scan; nesses casos, o valor foi resolvido por fechamento contra o total publicado e marcado em observacao_linha.";F03;3;394.001 a 513.000;394001;513000;0;36318;3034196;663297;122208525;429813;143607020;429743;1247766;rendimento bruto total;renda liquida calculada;2;
1982;1981;Brasil;Cr$;Cr$ 1.000;Cr$ 1,00;0;Brasil. Ministerio da Fazenda. Secretaria da Receita Federal. Coordenacao do Sistema de Informacoes Economico-Fiscais. Imposto de Renda Pessoa Fisica 1982. Brasilia: Ministerio da Fazenda, 1982.;https://archive.org/details/impostoderendape41982mini;https://archive.org/download/impostoderendape41982mini/impostoderendape41982mini.pdf;https://archive.org/details/anuareco1983minfaz;outputs/fontes-pedro-souza-irpf/irpf_scan/pdf/impostoderendape41982mini.pdf;outputs/fontes-pedro-souza-irpf/irpf_scan/ocr_txt/impostoderendape41982mini_djvu.txt;outputs/fontes-pedro-souza-irpf/irpf_scan/ocr_txt/impostoderendape41982mini_djvu.xml;outputs/fontes-pedro-souza-irpf/irpf_scan/previews/impostoderendape41982mini/crops/irpf1982_pdfpage_034_brasil_full_crop.png;34;30;"A publicacao IRPF 1982 cobre ano-base 1981/exercicio 1982. Ela traz quadros nacionais no fechamento das tabelas por Unidades Federadas e Regioes Fiscais, mas o Quadro 2 continua decompondo a renda liquida calculada apenas em tres blocos: negativa, de zero a Cr$ 278.000 e acima de Cr$ 278.000. Por isso, a extracao foi preservada como serie paralela e nao deve ser misturada diretamente com a serie nacional comparavel por classes finas de renda liquida. O item Anuario Economico-Fiscal 1983 foi localizado no Internet Archive somente com metadados, sem PDF/OCR publico. Para o ano-base 1981, foi usada a publicacao CIEF Imposto de Renda Pessoa Fisica 1982. Os valores nacionais foram conferidos nas imagens das paginas PDF 25 e 34. Algumas casas estavam borradas no scan; nesses casos, o valor foi resolvido por fechamento contra o total publicado e marcado em observacao_linha.";F04;4;513.001 a 671.000;513001;671000;0;16872;1400692;508924;103384271;709462;271150804;709382;4515485;rendimento bruto total;renda liquida calculada;2;
1982;1981;Brasil;Cr$;Cr$ 1.000;Cr$ 1,00;0;Brasil. Ministerio da Fazenda. Secretaria da Receita Federal. Coordenacao do Sistema de Informacoes Economico-Fiscais. Imposto de Renda Pessoa Fisica 1982. Brasilia: Ministerio da Fazenda, 1982.;https://archive.org/details/impostoderendape41982mini;https://archive.org/download/impostoderendape41982mini/impostoderendape41982mini.pdf;https://archive.org/details/anuareco1983minfaz;outputs/fontes-pedro-souza-irpf/irpf_scan/pdf/impostoderendape41982mini.pdf;outputs/fontes-pedro-souza-irpf/irpf_scan/ocr_txt/impostoderendape41982mini_djvu.txt;outputs/fontes-pedro-souza-irpf/irpf_scan/ocr_txt/impostoderendape41982mini_djvu.xml;outputs/fontes-pedro-souza-irpf/irpf_scan/previews/impostoderendape41982mini/crops/irpf1982_pdfpage_034_brasil_full_crop.png;34;30;"A publicacao IRPF 1982 cobre ano-base 1981/exercicio 1982. Ela traz quadros nacionais no fechamento das tabelas por Unidades Federadas e Regioes Fiscais, mas o Quadro 2 continua decompondo a renda liquida calculada apenas em tres blocos: negativa, de zero a Cr$ 278.000 e acima de Cr$ 278.000. Por isso, a extracao foi preservada como serie paralela e nao deve ser misturada diretamente com a serie nacional comparavel por classes finas de renda liquida. O item Anuario Economico-Fiscal 1983 foi localizado no Internet Archive somente com metadados, sem PDF/OCR publico. Para o ano-base 1981, foi usada a publicacao CIEF Imposto de Renda Pessoa Fisica 1982. Os valores nacionais foram conferidos nas imagens das paginas PDF 25 e 34. Algumas casas estavam borradas no scan; nesses casos, o valor foi resolvido por fechamento contra o total publicado e marcado em observacao_linha.";F05;5;671.001 a 876.000;671001;876000;0;4831;432896;162345;34424231;830131;375514804;830104;11215410;rendimento bruto total;renda liquida calculada;2;
1982;1981;Brasil;Cr$;Cr$ 1.000;Cr$ 1,00;0;Brasil. Ministerio da Fazenda. Secretaria da Receita Federal. Coordenacao do Sistema de Informacoes Economico-Fiscais. Imposto de Renda Pessoa Fisica 1982. Brasilia: Ministerio da Fazenda, 1982.;https://archive.org/details/impostoderendape41982mini;https://archive.org/download/impostoderendape41982mini/impostoderendape41982mini.pdf;https://archive.org/details/anuareco1983minfaz;outputs/fontes-pedro-souza-irpf/irpf_scan/pdf/impostoderendape41982mini.pdf;outputs/fontes-pedro-souza-irpf/irpf_scan/ocr_txt/impostoderendape41982mini_djvu.txt;outputs/fontes-pedro-souza-irpf/irpf_scan/ocr_txt/impostoderendape41982mini_djvu.xml;outputs/fontes-pedro-souza-irpf/irpf_scan/previews/impostoderendape41982mini/crops/irpf1982_pdfpage_034_brasil_full_crop.png;34;30;"A publicacao IRPF 1982 cobre ano-base 1981/exercicio 1982. Ela traz quadros nacionais no fechamento das tabelas por Unidades Federadas e Regioes Fiscais, mas o Quadro 2 continua decompondo a renda liquida calculada apenas em tres blocos: negativa, de zero a Cr$ 278.000 e acima de Cr$ 278.000. Por isso, a extracao foi preservada como serie paralela e nao deve ser misturada diretamente com a serie nacional comparavel por classes finas de renda liquida. O item Anuario Economico-Fiscal 1983 foi localizado no Internet Archive somente com metadados, sem PDF/OCR publico. Para o ano-base 1981, foi usada a publicacao CIEF Imposto de Renda Pessoa Fisica 1982. Os valores nacionais foram conferidos nas imagens das paginas PDF 25 e 34. Algumas casas estavam borradas no scan; nesses casos, o valor foi resolvido por fechamento contra o total publicado e marcado em observacao_linha.";F06;6;876.001 a 1.154.000;876001;1154000;0;1497;150878;35531;7217248;703915;414959537;703912;22284891;rendimento bruto total;renda liquida calculada;2;"Valor da renda liquida acima de Cr$ 278.000 resolvido por fechamento do total; digito borrado no scan."
1982;1981;Brasil;Cr$;Cr$ 1.000;Cr$ 1,00;0;Brasil. Ministerio da Fazenda. Secretaria da Receita Federal. Coordenacao do Sistema de Informacoes Economico-Fiscais. Imposto de Renda Pessoa Fisica 1982. Brasilia: Ministerio da Fazenda, 1982.;https://archive.org/details/impostoderendape41982mini;https://archive.org/download/impostoderendape41982mini/impostoderendape41982mini.pdf;https://archive.org/details/anuareco1983minfaz;outputs/fontes-pedro-souza-irpf/irpf_scan/pdf/impostoderendape41982mini.pdf;outputs/fontes-pedro-souza-irpf/irpf_scan/ocr_txt/impostoderendape41982mini_djvu.txt;outputs/fontes-pedro-souza-irpf/irpf_scan/ocr_txt/impostoderendape41982mini_djvu.xml;outputs/fontes-pedro-souza-irpf/irpf_scan/previews/impostoderendape41982mini/crops/irpf1982_pdfpage_034_brasil_full_crop.png;34;30;"A publicacao IRPF 1982 cobre ano-base 1981/exercicio 1982. Ela traz quadros nacionais no fechamento das tabelas por Unidades Federadas e Regioes Fiscais, mas o Quadro 2 continua decompondo a renda liquida calculada apenas em tres blocos: negativa, de zero a Cr$ 278.000 e acima de Cr$ 278.000. Por isso, a extracao foi preservada como serie paralela e nao deve ser misturada diretamente com a serie nacional comparavel por classes finas de renda liquida. O item Anuario Economico-Fiscal 1983 foi localizado no Internet Archive somente com metadados, sem PDF/OCR publico. Para o ano-base 1981, foi usada a publicacao CIEF Imposto de Renda Pessoa Fisica 1982. Os valores nacionais foram conferidos nas imagens das paginas PDF 25 e 34. Algumas casas estavam borradas no scan; nesses casos, o valor foi resolvido por fechamento contra o total publicado e marcado em observacao_linha.";F07;7;1.154.001 a 1.496.000;1154001;1496000;0;391;50457;10008;2076692;496021;391043320;496020;34197189;rendimento bruto total;renda liquida calculada;2;
1982;1981;Brasil;Cr$;Cr$ 1.000;Cr$ 1,00;0;Brasil. Ministerio da Fazenda. Secretaria da Receita Federal. Coordenacao do Sistema de Informacoes Economico-Fiscais. Imposto de Renda Pessoa Fisica 1982. Brasilia: Ministerio da Fazenda, 1982.;https://archive.org/details/impostoderendape41982mini;https://archive.org/download/impostoderendape41982mini/impostoderendape41982mini.pdf;https://archive.org/details/anuareco1983minfaz;outputs/fontes-pedro-souza-irpf/irpf_scan/pdf/impostoderendape41982mini.pdf;outputs/fontes-pedro-souza-irpf/irpf_scan/ocr_txt/impostoderendape41982mini_djvu.txt;outputs/fontes-pedro-souza-irpf/irpf_scan/ocr_txt/impostoderendape41982mini_djvu.xml;outputs/fontes-pedro-souza-irpf/irpf_scan/previews/impostoderendape41982mini/crops/irpf1982_pdfpage_034_brasil_full_crop.png;34;30;"A publicacao IRPF 1982 cobre ano-base 1981/exercicio 1982. Ela traz quadros nacionais no fechamento das tabelas por Unidades Federadas e Regioes Fiscais, mas o Quadro 2 continua decompondo a renda liquida calculada apenas em tres blocos: negativa, de zero a Cr$ 278.000 e acima de Cr$ 278.000. Por isso, a extracao foi preservada como serie paralela e nao deve ser misturada diretamente com a serie nacional comparavel por classes finas de renda liquida. O item Anuario Economico-Fiscal 1983 foi localizado no Internet Archive somente com metadados, sem PDF/OCR publico. Para o ano-base 1981, foi usada a publicacao CIEF Imposto de Renda Pessoa Fisica 1982. Os valores nacionais foram conferidos nas imagens das paginas PDF 25 e 34. Algumas casas estavam borradas no scan; nesses casos, o valor foi resolvido por fechamento contra o total publicado e marcado em observacao_linha.";F08;8;1.496.001 a 1.965.000;1496001;1965000;0;120;39540;2113;439547;385804;415772961;385804;53349730;rendimento bruto total;renda liquida calculada;2;
1982;1981;Brasil;Cr$;Cr$ 1.000;Cr$ 1,00;0;Brasil. Ministerio da Fazenda. Secretaria da Receita Federal. Coordenacao do Sistema de Informacoes Economico-Fiscais. Imposto de Renda Pessoa Fisica 1982. Brasilia: Ministerio da Fazenda, 1982.;https://archive.org/details/impostoderendape41982mini;https://archive.org/download/impostoderendape41982mini/impostoderendape41982mini.pdf;https://archive.org/details/anuareco1983minfaz;outputs/fontes-pedro-souza-irpf/irpf_scan/pdf/impostoderendape41982mini.pdf;outputs/fontes-pedro-souza-irpf/irpf_scan/ocr_txt/impostoderendape41982mini_djvu.txt;outputs/fontes-pedro-souza-irpf/irpf_scan/ocr_txt/impostoderendape41982mini_djvu.xml;outputs/fontes-pedro-souza-irpf/irpf_scan/previews/impostoderendape41982mini/crops/irpf1982_pdfpage_034_brasil_full_crop.png;34;30;"A publicacao IRPF 1982 cobre ano-base 1981/exercicio 1982. Ela traz quadros nacionais no fechamento das tabelas por Unidades Federadas e Regioes Fiscais, mas o Quadro 2 continua decompondo a renda liquida calculada apenas em tres blocos: negativa, de zero a Cr$ 278.000 e acima de Cr$ 278.000. Por isso, a extracao foi preservada como serie paralela e nao deve ser misturada diretamente com a serie nacional comparavel por classes finas de renda liquida. O item Anuario Economico-Fiscal 1983 foi localizado no Internet Archive somente com metadados, sem PDF/OCR publico. Para o ano-base 1981, foi usada a publicacao CIEF Imposto de Renda Pessoa Fisica 1982. Os valores nacionais foram conferidos nas imagens das paginas PDF 25 e 34. Algumas casas estavam borradas no scan; nesses casos, o valor foi resolvido por fechamento contra o total publicado e marcado em observacao_linha.";F09;9;1.965.001 a 2.564.000;1965001;2564000;0;35;7506;297;61094;259524;392443737;259524;69653577;rendimento bruto total;renda liquida calculada;2;
1982;1981;Brasil;Cr$;Cr$ 1.000;Cr$ 1,00;0;Brasil. Ministerio da Fazenda. Secretaria da Receita Federal. Coordenacao do Sistema de Informacoes Economico-Fiscais. Imposto de Renda Pessoa Fisica 1982. Brasilia: Ministerio da Fazenda, 1982.;https://archive.org/details/impostoderendape41982mini;https://archive.org/download/impostoderendape41982mini/impostoderendape41982mini.pdf;https://archive.org/details/anuareco1983minfaz;outputs/fontes-pedro-souza-irpf/irpf_scan/pdf/impostoderendape41982mini.pdf;outputs/fontes-pedro-souza-irpf/irpf_scan/ocr_txt/impostoderendape41982mini_djvu.txt;outputs/fontes-pedro-souza-irpf/irpf_scan/ocr_txt/impostoderendape41982mini_djvu.xml;outputs/fontes-pedro-souza-irpf/irpf_scan/previews/impostoderendape41982mini/crops/irpf1982_pdfpage_034_brasil_full_crop.png;34;30;"A publicacao IRPF 1982 cobre ano-base 1981/exercicio 1982. Ela traz quadros nacionais no fechamento das tabelas por Unidades Federadas e Regioes Fiscais, mas o Quadro 2 continua decompondo a renda liquida calculada apenas em tres blocos: negativa, de zero a Cr$ 278.000 e acima de Cr$ 278.000. Por isso, a extracao foi preservada como serie paralela e nao deve ser misturada diretamente com a serie nacional comparavel por classes finas de renda liquida. O item Anuario Economico-Fiscal 1983 foi localizado no Internet Archive somente com metadados, sem PDF/OCR publico. Para o ano-base 1981, foi usada a publicacao CIEF Imposto de Renda Pessoa Fisica 1982. Os valores nacionais foram conferidos nas imagens das paginas PDF 25 e 34. Algumas casas estavam borradas no scan; nesses casos, o valor foi resolvido por fechamento contra o total publicado e marcado em observacao_linha.";F10;10;2.564.001 a 4.057.000;2564001;4057000;0;24;13438;98;19283;246902;555618671;246902;134072850;rendimento bruto total;renda liquida calculada;2;
1982;1981;Brasil;Cr$;Cr$ 1.000;Cr$ 1,00;0;Brasil. Ministerio da Fazenda. Secretaria da Receita Federal. Coordenacao do Sistema de Informacoes Economico-Fiscais. Imposto de Renda Pessoa Fisica 1982. Brasilia: Ministerio da Fazenda, 1982.;https://archive.org/details/impostoderendape41982mini;https://archive.org/download/impostoderendape41982mini/impostoderendape41982mini.pdf;https://archive.org/details/anuareco1983minfaz;outputs/fontes-pedro-souza-irpf/irpf_scan/pdf/impostoderendape41982mini.pdf;outputs/fontes-pedro-souza-irpf/irpf_scan/ocr_txt/impostoderendape41982mini_djvu.txt;outputs/fontes-pedro-souza-irpf/irpf_scan/ocr_txt/impostoderendape41982mini_djvu.xml;outputs/fontes-pedro-souza-irpf/irpf_scan/previews/impostoderendape41982mini/crops/irpf1982_pdfpage_034_brasil_full_crop.png;34;30;"A publicacao IRPF 1982 cobre ano-base 1981/exercicio 1982. Ela traz quadros nacionais no fechamento das tabelas por Unidades Federadas e Regioes Fiscais, mas o Quadro 2 continua decompondo a renda liquida calculada apenas em tres blocos: negativa, de zero a Cr$ 278.000 e acima de Cr$ 278.000. Por isso, a extracao foi preservada como serie paralela e nao deve ser misturada diretamente com a serie nacional comparavel por classes finas de renda liquida. O item Anuario Economico-Fiscal 1983 foi localizado no Internet Archive somente com metadados, sem PDF/OCR publico. Para o ano-base 1981, foi usada a publicacao CIEF Imposto de Renda Pessoa Fisica 1982. Os valores nacionais foram conferidos nas imagens das paginas PDF 25 e 34. Algumas casas estavam borradas no scan; nesses casos, o valor foi resolvido por fechamento contra o total publicado e marcado em observacao_linha.";F11;11;4.057.001 a 5.978.000;4057001;5978000;0;8;883;40;8305;74153;266605300;74153;83870857;rendimento bruto total;renda liquida calculada;2;
1982;1981;Brasil;Cr$;Cr$ 1.000;Cr$ 1,00;0;Brasil. Ministerio da Fazenda. Secretaria da Receita Federal. Coordenacao do Sistema de Informacoes Economico-Fiscais. Imposto de Renda Pessoa Fisica 1982. Brasilia: Ministerio da Fazenda, 1982.;https://archive.org/details/impostoderendape41982mini;https://archive.org/download/impostoderendape41982mini/impostoderendape41982mini.pdf;https://archive.org/details/anuareco1983minfaz;outputs/fontes-pedro-souza-irpf/irpf_scan/pdf/impostoderendape41982mini.pdf;outputs/fontes-pedro-souza-irpf/irpf_scan/ocr_txt/impostoderendape41982mini_djvu.txt;outputs/fontes-pedro-souza-irpf/irpf_scan/ocr_txt/impostoderendape41982mini_djvu.xml;outputs/fontes-pedro-souza-irpf/irpf_scan/previews/impostoderendape41982mini/crops/irpf1982_pdfpage_034_brasil_full_crop.png;34;30;"A publicacao IRPF 1982 cobre ano-base 1981/exercicio 1982. Ela traz quadros nacionais no fechamento das tabelas por Unidades Federadas e Regioes Fiscais, mas o Quadro 2 continua decompondo a renda liquida calculada apenas em tres blocos: negativa, de zero a Cr$ 278.000 e acima de Cr$ 278.000. Por isso, a extracao foi preservada como serie paralela e nao deve ser misturada diretamente com a serie nacional comparavel por classes finas de renda liquida. O item Anuario Economico-Fiscal 1983 foi localizado no Internet Archive somente com metadados, sem PDF/OCR publico. Para o ano-base 1981, foi usada a publicacao CIEF Imposto de Renda Pessoa Fisica 1982. Os valores nacionais foram conferidos nas imagens das paginas PDF 25 e 34. Algumas casas estavam borradas no scan; nesses casos, o valor foi resolvido por fechamento contra o total publicado e marcado em observacao_linha.";F12;12;5.978.001 a 8.114.000;5978001;8114000;0;2;2949;9;1572;18901;99877984;18901;36994820;rendimento bruto total;renda liquida calculada;2;
1982;1981;Brasil;Cr$;Cr$ 1.000;Cr$ 1,00;0;Brasil. Ministerio da Fazenda. Secretaria da Receita Federal. Coordenacao do Sistema de Informacoes Economico-Fiscais. Imposto de Renda Pessoa Fisica 1982. Brasilia: Ministerio da Fazenda, 1982.;https://archive.org/details/impostoderendape41982mini;https://archive.org/download/impostoderendape41982mini/impostoderendape41982mini.pdf;https://archive.org/details/anuareco1983minfaz;outputs/fontes-pedro-souza-irpf/irpf_scan/pdf/impostoderendape41982mini.pdf;outputs/fontes-pedro-souza-irpf/irpf_scan/ocr_txt/impostoderendape41982mini_djvu.txt;outputs/fontes-pedro-souza-irpf/irpf_scan/ocr_txt/impostoderendape41982mini_djvu.xml;outputs/fontes-pedro-souza-irpf/irpf_scan/previews/impostoderendape41982mini/crops/irpf1982_pdfpage_034_brasil_full_crop.png;34;30;"A publicacao IRPF 1982 cobre ano-base 1981/exercicio 1982. Ela traz quadros nacionais no fechamento das tabelas por Unidades Federadas e Regioes Fiscais, mas o Quadro 2 continua decompondo a renda liquida calculada apenas em tres blocos: negativa, de zero a Cr$ 278.000 e acima de Cr$ 278.000. Por isso, a extracao foi preservada como serie paralela e nao deve ser misturada diretamente com a serie nacional comparavel por classes finas de renda liquida. O item Anuario Economico-Fiscal 1983 foi localizado no Internet Archive somente com metadados, sem PDF/OCR publico. Para o ano-base 1981, foi usada a publicacao CIEF Imposto de Renda Pessoa Fisica 1982. Os valores nacionais foram conferidos nas imagens das paginas PDF 25 e 34. Algumas casas estavam borradas no scan; nesses casos, o valor foi resolvido por fechamento contra o total publicado e marcado em observacao_linha.";F13;13;8.114.001 a 24.342.000;8114001;24342000;0;1;48;4;760;12746;114845729;12746;50748485;rendimento bruto total;renda liquida calculada;2;"Imposto devido calculado resolvido por fechamento do total; digito borrado no scan."
1982;1981;Brasil;Cr$;Cr$ 1.000;Cr$ 1,00;0;Brasil. Ministerio da Fazenda. Secretaria da Receita Federal. Coordenacao do Sistema de Informacoes Economico-Fiscais. Imposto de Renda Pessoa Fisica 1982. Brasilia: Ministerio da Fazenda, 1982.;https://archive.org/details/impostoderendape41982mini;https://archive.org/download/impostoderendape41982mini/impostoderendape41982mini.pdf;https://archive.org/details/anuareco1983minfaz;outputs/fontes-pedro-souza-irpf/irpf_scan/pdf/impostoderendape41982mini.pdf;outputs/fontes-pedro-souza-irpf/irpf_scan/ocr_txt/impostoderendape41982mini_djvu.txt;outputs/fontes-pedro-souza-irpf/irpf_scan/ocr_txt/impostoderendape41982mini_djvu.xml;outputs/fontes-pedro-souza-irpf/irpf_scan/previews/impostoderendape41982mini/crops/irpf1982_pdfpage_034_brasil_full_crop.png;34;30;"A publicacao IRPF 1982 cobre ano-base 1981/exercicio 1982. Ela traz quadros nacionais no fechamento das tabelas por Unidades Federadas e Regioes Fiscais, mas o Quadro 2 continua decompondo a renda liquida calculada apenas em tres blocos: negativa, de zero a Cr$ 278.000 e acima de Cr$ 278.000. Por isso, a extracao foi preservada como serie paralela e nao deve ser misturada diretamente com a serie nacional comparavel por classes finas de renda liquida. O item Anuario Economico-Fiscal 1983 foi localizado no Internet Archive somente com metadados, sem PDF/OCR publico. Para o ano-base 1981, foi usada a publicacao CIEF Imposto de Renda Pessoa Fisica 1982. Os valores nacionais foram conferidos nas imagens das paginas PDF 25 e 34. Algumas casas estavam borradas no scan; nesses casos, o valor foi resolvido por fechamento contra o total publicado e marcado em observacao_linha.";F14;14;Acima de 24.342.000;24342000;;1;0;0;1;161;876;28003070;876;14537397;rendimento bruto total;renda liquida calculada;2;
