ano_exercicio;ano_calendario_inferido;unidade_geografica;moeda;unidade_monetaria_agregados;unidade_limites_faixa;serie_nacional_comparavel_renda_liquida;fonte;url_archive;url_pdf;url_cinii;arquivo_fonte;arquivo_ocr;arquivo_imagem_tabela;pagina_pdf;pagina_impressa;observacao;codigo_faixa;ordem_faixa;faixa_rendimento_bruto_total_cr;limite_inferior_cr;limite_superior_cr;faixa_topo_aberta;numero_declarantes;rendimento_bruto_total_cr_mil;deducoes_cedulares_calculadas_cr_mil;renda_bruta_calculada_cr_mil;abatimento_calculado_cr_mil;rendimentos_nao_tributaveis_numero_declarantes;rendimentos_nao_tributaveis_valor_cr_mil;rendimento_bruto_medio_cr;tipo_rendimento_faixa;tipo_valor_monetario;quadro
1979;1978;Brasil;Cr$;Cr$ 1.000;Cr$ 1,00;0;Brasil. Ministerio da Fazenda. Anuario Economico-Fiscal 1980. Brasilia: Ministerio da Fazenda, 1980.;https://archive.org/details/anuareco1980minfaz;https://archive.org/download/anuareco1980minfaz/anuareco1980minfaz.pdf;https://ci.nii.ac.jp/ncid/BB06332999;outputs/fontes-pedro-souza-irpf/aef_scan/pdf/anuareco1980minfaz.pdf;outputs/fontes-pedro-souza-irpf/aef_scan/ocr_txt/anuareco1980minfaz_djvu.txt;outputs/fontes-pedro-souza-irpf/aef_scan/previews/anuareco1980/aef1980_pdfpage_376.png;376;383;"O AEF 1980 cobre ano-base 1978/exercicio 1979, mas nao traz a matriz nacional detalhada de renda liquida por classes de renda liquida que foi usada nos AEF 1976-1979. As tabelas 1 e 2 classificam os declarantes por classes de rendimento bruto total; a tabela 2 decompoe a renda liquida calculada apenas em tres blocos: negativa, de zero a Cr$ 65.000 e acima de Cr$ 65.000. Por isso, a extracao foi preservada como serie paralela e nao deve ser misturada diretamente com a serie nacional comparavel. Os agregados monetarios sao publicados em Cr$ 1.000. Em algumas colunas, a soma das faixas difere do total publicado por poucos milhares de cruzeiros, consistente com arredondamento/publicacao do total.";F01;1;Ate 65.000;;65000;0;1281991;52244559;9519900;42724659;25111183;428768;56504181;40752.672211;rendimento bruto total;rendimento bruto total;1
1979;1978;Brasil;Cr$;Cr$ 1.000;Cr$ 1,00;0;Brasil. Ministerio da Fazenda. Anuario Economico-Fiscal 1980. Brasilia: Ministerio da Fazenda, 1980.;https://archive.org/details/anuareco1980minfaz;https://archive.org/download/anuareco1980minfaz/anuareco1980minfaz.pdf;https://ci.nii.ac.jp/ncid/BB06332999;outputs/fontes-pedro-souza-irpf/aef_scan/pdf/anuareco1980minfaz.pdf;outputs/fontes-pedro-souza-irpf/aef_scan/ocr_txt/anuareco1980minfaz_djvu.txt;outputs/fontes-pedro-souza-irpf/aef_scan/previews/anuareco1980/aef1980_pdfpage_376.png;376;383;"O AEF 1980 cobre ano-base 1978/exercicio 1979, mas nao traz a matriz nacional detalhada de renda liquida por classes de renda liquida que foi usada nos AEF 1976-1979. As tabelas 1 e 2 classificam os declarantes por classes de rendimento bruto total; a tabela 2 decompoe a renda liquida calculada apenas em tres blocos: negativa, de zero a Cr$ 65.000 e acima de Cr$ 65.000. Por isso, a extracao foi preservada como serie paralela e nao deve ser misturada diretamente com a serie nacional comparavel. Os agregados monetarios sao publicados em Cr$ 1.000. Em algumas colunas, a soma das faixas difere do total publicado por poucos milhares de cruzeiros, consistente com arredondamento/publicacao do total.";F02;2;65.001 a 92.000;65001;92000;0;1513274;117592337;23553788;94038548;40475369;522449;27938192;77707.234116;rendimento bruto total;rendimento bruto total;1
1979;1978;Brasil;Cr$;Cr$ 1.000;Cr$ 1,00;0;Brasil. Ministerio da Fazenda. Anuario Economico-Fiscal 1980. Brasilia: Ministerio da Fazenda, 1980.;https://archive.org/details/anuareco1980minfaz;https://archive.org/download/anuareco1980minfaz/anuareco1980minfaz.pdf;https://ci.nii.ac.jp/ncid/BB06332999;outputs/fontes-pedro-souza-irpf/aef_scan/pdf/anuareco1980minfaz.pdf;outputs/fontes-pedro-souza-irpf/aef_scan/ocr_txt/anuareco1980minfaz_djvu.txt;outputs/fontes-pedro-souza-irpf/aef_scan/previews/anuareco1980/aef1980_pdfpage_376.png;376;383;"O AEF 1980 cobre ano-base 1978/exercicio 1979, mas nao traz a matriz nacional detalhada de renda liquida por classes de renda liquida que foi usada nos AEF 1976-1979. As tabelas 1 e 2 classificam os declarantes por classes de rendimento bruto total; a tabela 2 decompoe a renda liquida calculada apenas em tres blocos: negativa, de zero a Cr$ 65.000 e acima de Cr$ 65.000. Por isso, a extracao foi preservada como serie paralela e nao deve ser misturada diretamente com a serie nacional comparavel. Os agregados monetarios sao publicados em Cr$ 1.000. Em algumas colunas, a soma das faixas difere do total publicado por poucos milhares de cruzeiros, consistente com arredondamento/publicacao do total.";F03;3;92.001 a 120.000;92001;120000;0;1116377;117610855;24203882;93406972;38429775;464259;27960893;105350.481961;rendimento bruto total;rendimento bruto total;1
1979;1978;Brasil;Cr$;Cr$ 1.000;Cr$ 1,00;0;Brasil. Ministerio da Fazenda. Anuario Economico-Fiscal 1980. Brasilia: Ministerio da Fazenda, 1980.;https://archive.org/details/anuareco1980minfaz;https://archive.org/download/anuareco1980minfaz/anuareco1980minfaz.pdf;https://ci.nii.ac.jp/ncid/BB06332999;outputs/fontes-pedro-souza-irpf/aef_scan/pdf/anuareco1980minfaz.pdf;outputs/fontes-pedro-souza-irpf/aef_scan/ocr_txt/anuareco1980minfaz_djvu.txt;outputs/fontes-pedro-souza-irpf/aef_scan/previews/anuareco1980/aef1980_pdfpage_376.png;376;383;"O AEF 1980 cobre ano-base 1978/exercicio 1979, mas nao traz a matriz nacional detalhada de renda liquida por classes de renda liquida que foi usada nos AEF 1976-1979. As tabelas 1 e 2 classificam os declarantes por classes de rendimento bruto total; a tabela 2 decompoe a renda liquida calculada apenas em tres blocos: negativa, de zero a Cr$ 65.000 e acima de Cr$ 65.000. Por isso, a extracao foi preservada como serie paralela e nao deve ser misturada diretamente com a serie nacional comparavel. Os agregados monetarios sao publicados em Cr$ 1.000. Em algumas colunas, a soma das faixas difere do total publicado por poucos milhares de cruzeiros, consistente com arredondamento/publicacao do total.";F04;4;120.001 a 157.000;120001;157000;0;912079;125102968;26438442;98664525;36390267;421925;32002872;137162.425623;rendimento bruto total;rendimento bruto total;1
1979;1978;Brasil;Cr$;Cr$ 1.000;Cr$ 1,00;0;Brasil. Ministerio da Fazenda. Anuario Economico-Fiscal 1980. Brasilia: Ministerio da Fazenda, 1980.;https://archive.org/details/anuareco1980minfaz;https://archive.org/download/anuareco1980minfaz/anuareco1980minfaz.pdf;https://ci.nii.ac.jp/ncid/BB06332999;outputs/fontes-pedro-souza-irpf/aef_scan/pdf/anuareco1980minfaz.pdf;outputs/fontes-pedro-souza-irpf/aef_scan/ocr_txt/anuareco1980minfaz_djvu.txt;outputs/fontes-pedro-souza-irpf/aef_scan/previews/anuareco1980/aef1980_pdfpage_376.png;376;383;"O AEF 1980 cobre ano-base 1978/exercicio 1979, mas nao traz a matriz nacional detalhada de renda liquida por classes de renda liquida que foi usada nos AEF 1976-1979. As tabelas 1 e 2 classificam os declarantes por classes de rendimento bruto total; a tabela 2 decompoe a renda liquida calculada apenas em tres blocos: negativa, de zero a Cr$ 65.000 e acima de Cr$ 65.000. Por isso, a extracao foi preservada como serie paralela e nao deve ser misturada diretamente com a serie nacional comparavel. Os agregados monetarios sao publicados em Cr$ 1.000. Em algumas colunas, a soma das faixas difere do total publicado por poucos milhares de cruzeiros, consistente com arredondamento/publicacao do total.";F05;5;157.001 a 205.000;157001;205000;0;669729;119767731;26543599;93224131;29874271;331340;35584455;178830.140251;rendimento bruto total;rendimento bruto total;1
1979;1978;Brasil;Cr$;Cr$ 1.000;Cr$ 1,00;0;Brasil. Ministerio da Fazenda. Anuario Economico-Fiscal 1980. Brasilia: Ministerio da Fazenda, 1980.;https://archive.org/details/anuareco1980minfaz;https://archive.org/download/anuareco1980minfaz/anuareco1980minfaz.pdf;https://ci.nii.ac.jp/ncid/BB06332999;outputs/fontes-pedro-souza-irpf/aef_scan/pdf/anuareco1980minfaz.pdf;outputs/fontes-pedro-souza-irpf/aef_scan/ocr_txt/anuareco1980minfaz_djvu.txt;outputs/fontes-pedro-souza-irpf/aef_scan/previews/anuareco1980/aef1980_pdfpage_376.png;376;383;"O AEF 1980 cobre ano-base 1978/exercicio 1979, mas nao traz a matriz nacional detalhada de renda liquida por classes de renda liquida que foi usada nos AEF 1976-1979. As tabelas 1 e 2 classificam os declarantes por classes de rendimento bruto total; a tabela 2 decompoe a renda liquida calculada apenas em tres blocos: negativa, de zero a Cr$ 65.000 e acima de Cr$ 65.000. Por isso, a extracao foi preservada como serie paralela e nao deve ser misturada diretamente com a serie nacional comparavel. Os agregados monetarios sao publicados em Cr$ 1.000. Em algumas colunas, a soma das faixas difere do total publicado por poucos milhares de cruzeiros, consistente com arredondamento/publicacao do total.";F06;6;205.001 a 270.000;205001;270000;0;496032;116269519;26887517;89382001;24505123;272321;38301611;234399.230292;rendimento bruto total;rendimento bruto total;1
1979;1978;Brasil;Cr$;Cr$ 1.000;Cr$ 1,00;0;Brasil. Ministerio da Fazenda. Anuario Economico-Fiscal 1980. Brasilia: Ministerio da Fazenda, 1980.;https://archive.org/details/anuareco1980minfaz;https://archive.org/download/anuareco1980minfaz/anuareco1980minfaz.pdf;https://ci.nii.ac.jp/ncid/BB06332999;outputs/fontes-pedro-souza-irpf/aef_scan/pdf/anuareco1980minfaz.pdf;outputs/fontes-pedro-souza-irpf/aef_scan/ocr_txt/anuareco1980minfaz_djvu.txt;outputs/fontes-pedro-souza-irpf/aef_scan/previews/anuareco1980/aef1980_pdfpage_376.png;376;383;"O AEF 1980 cobre ano-base 1978/exercicio 1979, mas nao traz a matriz nacional detalhada de renda liquida por classes de renda liquida que foi usada nos AEF 1976-1979. As tabelas 1 e 2 classificam os declarantes por classes de rendimento bruto total; a tabela 2 decompoe a renda liquida calculada apenas em tres blocos: negativa, de zero a Cr$ 65.000 e acima de Cr$ 65.000. Por isso, a extracao foi preservada como serie paralela e nao deve ser misturada diretamente com a serie nacional comparavel. Os agregados monetarios sao publicados em Cr$ 1.000. Em algumas colunas, a soma das faixas difere do total publicado por poucos milhares de cruzeiros, consistente com arredondamento/publicacao do total.";F07;7;270.001 a 350.000;270001;350000;0;332160;101652170;23958559;77693610;18578035;198616;38422035;306033.748796;rendimento bruto total;rendimento bruto total;1
1979;1978;Brasil;Cr$;Cr$ 1.000;Cr$ 1,00;0;Brasil. Ministerio da Fazenda. Anuario Economico-Fiscal 1980. Brasilia: Ministerio da Fazenda, 1980.;https://archive.org/details/anuareco1980minfaz;https://archive.org/download/anuareco1980minfaz/anuareco1980minfaz.pdf;https://ci.nii.ac.jp/ncid/BB06332999;outputs/fontes-pedro-souza-irpf/aef_scan/pdf/anuareco1980minfaz.pdf;outputs/fontes-pedro-souza-irpf/aef_scan/ocr_txt/anuareco1980minfaz_djvu.txt;outputs/fontes-pedro-souza-irpf/aef_scan/previews/anuareco1980/aef1980_pdfpage_376.png;376;383;"O AEF 1980 cobre ano-base 1978/exercicio 1979, mas nao traz a matriz nacional detalhada de renda liquida por classes de renda liquida que foi usada nos AEF 1976-1979. As tabelas 1 e 2 classificam os declarantes por classes de rendimento bruto total; a tabela 2 decompoe a renda liquida calculada apenas em tres blocos: negativa, de zero a Cr$ 65.000 e acima de Cr$ 65.000. Por isso, a extracao foi preservada como serie paralela e nao deve ser misturada diretamente com a serie nacional comparavel. Os agregados monetarios sao publicados em Cr$ 1.000. Em algumas colunas, a soma das faixas difere do total publicado por poucos milhares de cruzeiros, consistente com arredondamento/publicacao do total.";F08;8;350.001 a 460.000;350001;460000;0;243382;97057535;21549704;75507831;15892473;157961;45395112;398786.824827;rendimento bruto total;rendimento bruto total;1
1979;1978;Brasil;Cr$;Cr$ 1.000;Cr$ 1,00;0;Brasil. Ministerio da Fazenda. Anuario Economico-Fiscal 1980. Brasilia: Ministerio da Fazenda, 1980.;https://archive.org/details/anuareco1980minfaz;https://archive.org/download/anuareco1980minfaz/anuareco1980minfaz.pdf;https://ci.nii.ac.jp/ncid/BB06332999;outputs/fontes-pedro-souza-irpf/aef_scan/pdf/anuareco1980minfaz.pdf;outputs/fontes-pedro-souza-irpf/aef_scan/ocr_txt/anuareco1980minfaz_djvu.txt;outputs/fontes-pedro-souza-irpf/aef_scan/previews/anuareco1980/aef1980_pdfpage_376.png;376;383;"O AEF 1980 cobre ano-base 1978/exercicio 1979, mas nao traz a matriz nacional detalhada de renda liquida por classes de renda liquida que foi usada nos AEF 1976-1979. As tabelas 1 e 2 classificam os declarantes por classes de rendimento bruto total; a tabela 2 decompoe a renda liquida calculada apenas em tres blocos: negativa, de zero a Cr$ 65.000 e acima de Cr$ 65.000. Por isso, a extracao foi preservada como serie paralela e nao deve ser misturada diretamente com a serie nacional comparavel. Os agregados monetarios sao publicados em Cr$ 1.000. Em algumas colunas, a soma das faixas difere do total publicado por poucos milhares de cruzeiros, consistente com arredondamento/publicacao do total.";F09;9;460.001 a 600.000;460001;600000;0;155948;81345410;15328048;66017362;12652810;109622;47565612;521618.808834;rendimento bruto total;rendimento bruto total;1
1979;1978;Brasil;Cr$;Cr$ 1.000;Cr$ 1,00;0;Brasil. Ministerio da Fazenda. Anuario Economico-Fiscal 1980. Brasilia: Ministerio da Fazenda, 1980.;https://archive.org/details/anuareco1980minfaz;https://archive.org/download/anuareco1980minfaz/anuareco1980minfaz.pdf;https://ci.nii.ac.jp/ncid/BB06332999;outputs/fontes-pedro-souza-irpf/aef_scan/pdf/anuareco1980minfaz.pdf;outputs/fontes-pedro-souza-irpf/aef_scan/ocr_txt/anuareco1980minfaz_djvu.txt;outputs/fontes-pedro-souza-irpf/aef_scan/previews/anuareco1980/aef1980_pdfpage_376.png;376;383;"O AEF 1980 cobre ano-base 1978/exercicio 1979, mas nao traz a matriz nacional detalhada de renda liquida por classes de renda liquida que foi usada nos AEF 1976-1979. As tabelas 1 e 2 classificam os declarantes por classes de rendimento bruto total; a tabela 2 decompoe a renda liquida calculada apenas em tres blocos: negativa, de zero a Cr$ 65.000 e acima de Cr$ 65.000. Por isso, a extracao foi preservada como serie paralela e nao deve ser misturada diretamente com a serie nacional comparavel. Os agregados monetarios sao publicados em Cr$ 1.000. Em algumas colunas, a soma das faixas difere do total publicado por poucos milhares de cruzeiros, consistente com arredondamento/publicacao do total.";F10;10;600.001 a 950.000;600001;950000;0;138509;101609706;16632352;84977353;14707936;104804;75789447;733596.416117;rendimento bruto total;rendimento bruto total;1
1979;1978;Brasil;Cr$;Cr$ 1.000;Cr$ 1,00;0;Brasil. Ministerio da Fazenda. Anuario Economico-Fiscal 1980. Brasilia: Ministerio da Fazenda, 1980.;https://archive.org/details/anuareco1980minfaz;https://archive.org/download/anuareco1980minfaz/anuareco1980minfaz.pdf;https://ci.nii.ac.jp/ncid/BB06332999;outputs/fontes-pedro-souza-irpf/aef_scan/pdf/anuareco1980minfaz.pdf;outputs/fontes-pedro-souza-irpf/aef_scan/ocr_txt/anuareco1980minfaz_djvu.txt;outputs/fontes-pedro-souza-irpf/aef_scan/previews/anuareco1980/aef1980_pdfpage_376.png;376;383;"O AEF 1980 cobre ano-base 1978/exercicio 1979, mas nao traz a matriz nacional detalhada de renda liquida por classes de renda liquida que foi usada nos AEF 1976-1979. As tabelas 1 e 2 classificam os declarantes por classes de rendimento bruto total; a tabela 2 decompoe a renda liquida calculada apenas em tres blocos: negativa, de zero a Cr$ 65.000 e acima de Cr$ 65.000. Por isso, a extracao foi preservada como serie paralela e nao deve ser misturada diretamente com a serie nacional comparavel. Os agregados monetarios sao publicados em Cr$ 1.000. Em algumas colunas, a soma das faixas difere do total publicado por poucos milhares de cruzeiros, consistente com arredondamento/publicacao do total.";F11;11;950.001 a 1.400.000;950001;1400000;0;39451;44135503;6992974;37142528;5345918;31948;48173546;1118742.313249;rendimento bruto total;rendimento bruto total;1
1979;1978;Brasil;Cr$;Cr$ 1.000;Cr$ 1,00;0;Brasil. Ministerio da Fazenda. Anuario Economico-Fiscal 1980. Brasilia: Ministerio da Fazenda, 1980.;https://archive.org/details/anuareco1980minfaz;https://archive.org/download/anuareco1980minfaz/anuareco1980minfaz.pdf;https://ci.nii.ac.jp/ncid/BB06332999;outputs/fontes-pedro-souza-irpf/aef_scan/pdf/anuareco1980minfaz.pdf;outputs/fontes-pedro-souza-irpf/aef_scan/ocr_txt/anuareco1980minfaz_djvu.txt;outputs/fontes-pedro-souza-irpf/aef_scan/previews/anuareco1980/aef1980_pdfpage_376.png;376;383;"O AEF 1980 cobre ano-base 1978/exercicio 1979, mas nao traz a matriz nacional detalhada de renda liquida por classes de renda liquida que foi usada nos AEF 1976-1979. As tabelas 1 e 2 classificam os declarantes por classes de rendimento bruto total; a tabela 2 decompoe a renda liquida calculada apenas em tres blocos: negativa, de zero a Cr$ 65.000 e acima de Cr$ 65.000. Por isso, a extracao foi preservada como serie paralela e nao deve ser misturada diretamente com a serie nacional comparavel. Os agregados monetarios sao publicados em Cr$ 1.000. Em algumas colunas, a soma das faixas difere do total publicado por poucos milhares de cruzeiros, consistente com arredondamento/publicacao do total.";F12;12;1.400.001 a 1.900.000;1400001;1900000;0;10468;16737371;2781926;13955445;1609845;8686;26285589;1598908.196408;rendimento bruto total;rendimento bruto total;1
1979;1978;Brasil;Cr$;Cr$ 1.000;Cr$ 1,00;0;Brasil. Ministerio da Fazenda. Anuario Economico-Fiscal 1980. Brasilia: Ministerio da Fazenda, 1980.;https://archive.org/details/anuareco1980minfaz;https://archive.org/download/anuareco1980minfaz/anuareco1980minfaz.pdf;https://ci.nii.ac.jp/ncid/BB06332999;outputs/fontes-pedro-souza-irpf/aef_scan/pdf/anuareco1980minfaz.pdf;outputs/fontes-pedro-souza-irpf/aef_scan/ocr_txt/anuareco1980minfaz_djvu.txt;outputs/fontes-pedro-souza-irpf/aef_scan/previews/anuareco1980/aef1980_pdfpage_376.png;376;383;"O AEF 1980 cobre ano-base 1978/exercicio 1979, mas nao traz a matriz nacional detalhada de renda liquida por classes de renda liquida que foi usada nos AEF 1976-1979. As tabelas 1 e 2 classificam os declarantes por classes de rendimento bruto total; a tabela 2 decompoe a renda liquida calculada apenas em tres blocos: negativa, de zero a Cr$ 65.000 e acima de Cr$ 65.000. Por isso, a extracao foi preservada como serie paralela e nao deve ser misturada diretamente com a serie nacional comparavel. Os agregados monetarios sao publicados em Cr$ 1.000. Em algumas colunas, a soma das faixas difere do total publicado por poucos milhares de cruzeiros, consistente com arredondamento/publicacao do total.";F13;13;1.900.001 a 5.700.000;1900001;5700000;0;7380;19905707;3872757;16032950;1297722;6404;41432855;2697250.271003;rendimento bruto total;rendimento bruto total;1
1979;1978;Brasil;Cr$;Cr$ 1.000;Cr$ 1,00;0;Brasil. Ministerio da Fazenda. Anuario Economico-Fiscal 1980. Brasilia: Ministerio da Fazenda, 1980.;https://archive.org/details/anuareco1980minfaz;https://archive.org/download/anuareco1980minfaz/anuareco1980minfaz.pdf;https://ci.nii.ac.jp/ncid/BB06332999;outputs/fontes-pedro-souza-irpf/aef_scan/pdf/anuareco1980minfaz.pdf;outputs/fontes-pedro-souza-irpf/aef_scan/ocr_txt/anuareco1980minfaz_djvu.txt;outputs/fontes-pedro-souza-irpf/aef_scan/previews/anuareco1980/aef1980_pdfpage_376.png;376;383;"O AEF 1980 cobre ano-base 1978/exercicio 1979, mas nao traz a matriz nacional detalhada de renda liquida por classes de renda liquida que foi usada nos AEF 1976-1979. As tabelas 1 e 2 classificam os declarantes por classes de rendimento bruto total; a tabela 2 decompoe a renda liquida calculada apenas em tres blocos: negativa, de zero a Cr$ 65.000 e acima de Cr$ 65.000. Por isso, a extracao foi preservada como serie paralela e nao deve ser misturada diretamente com a serie nacional comparavel. Os agregados monetarios sao publicados em Cr$ 1.000. Em algumas colunas, a soma das faixas difere do total publicado por poucos milhares de cruzeiros, consistente com arredondamento/publicacao do total.";F14;14;Acima de 5.700.000;5700000;;1;565;5440974;1495581;3945393;145766;506;11463735;9630042.477876;rendimento bruto total;rendimento bruto total;1
