ano_calendario;ano_exercicio;unidade_geografica;moeda;unidade_monetaria_agregados;unidade_limites_faixa;fonte_bloco;fonte_torres;fonte_primaria_validacao;url_torres;url_primaria_archive;url_primaria_original;arquivo_fonte_primaria;arquivo_texto_primaria;observacao;codigo_faixa;ordem_faixa;faixa_rendimento_tributavel_anual_rs;limite_inferior_rs;limite_superior_rs;faixa_topo_aberta;tipo_linha;numero_declaracoes;rendimento_tributavel_rs_milhoes;rendimento_tributavel_rs_mil;rendimento_tributavel_medio_rs;tipo_rendimento;tipo_valor_monetario;observacao_linha
2000;2001;Brasil;R$;R$ 1.000.000;R$ 1,00 anuais;torres_2003_dirpf_2001;"Torres, A. M. Modelos de tributacao otima da renda: o calculo de aliquotas marginais assintoticas para o Brasil no ano de 2000. Dissertacao (Mestrado em Economia), Universidade de Brasilia, Brasilia, 2003; copia textual acessivel como monografia IX Premio Tesouro Nacional 2004.";Brasil. Ministerio da Fazenda. Secretaria da Receita Federal. Coordenacao-Geral de Politica Tributaria. Consolida DIRPF 2001: Consolidacao das Declaracoes do Imposto de Renda das Pessoas Fisicas - 2001. Estatisticas Tributarias 05. Brasilia: Receita Federal, dezembro de 2002.;https://livrozilla.com/doc/1724537/modelo-de-tributa%C3%A7%C3%A3o-%C3%B3tima-da-renda;https://web.archive.org/web/20210609080412id_/http://www.receita.fazenda.gov.br/Publico/estudotributarios/estatisticas/22%20Consolida%20DIRPF%202001.pdf;http://www.receita.fazenda.gov.br/Publico/estudotributarios/estatisticas/22%20Consolida%20DIRPF%202001.pdf;outputs/fontes-pedro-souza-irpf/consolida_dirpf_2001.pdf;outputs/fontes-pedro-souza-irpf/consolida_dirpf_2001_texto_extraido.txt;"A Tabela 4 de Pedro Herculano mapeia o ano-calendario 2000 como Torres (2003), ordenado por RBT e reportando RBT. O anexo de Torres traz dados acumulados por corte de renda tributavel anual: numero de declaracoes acima do corte, valor total da renda tributavel acima do corte em R$ milhoes e renda media em R$ mil. A tabela de intervalos foi derivada por diferenca entre cortes consecutivos; a tabela acumulada preserva a forma publicada. A fonte primaria Consolida DIRPF 2001 foi baixada pelo Wayback Machine e confirma o contexto, ano-calendario 2000 e totais gerais, mas nao traz a distribuicao longa por cortes. Ha pequena diferenca entre o anexo de Torres e o quadro resumo da Receita: Torres soma R$ 276.112,97 milhoes e 13.906.144 declaracoes na linha total, enquanto a Receita informa R$ 276.149,34 milhoes de rendimento tributavel e 13.906.145 declarantes no total geral. A diferenca foi documentada sem harmonizacao artificial.";F01;1;Acima de R$ 0,00 ate R$ 1,00;0;1.0;0;intervalo_derivado_por_diferenca;922735;0.0;0.0;0.0;rendimento tributavel anual;rendimento tributavel;"Intervalo derivado por diferenca entre linhas acumuladas consecutivas de Torres; nao e faixa publicada diretamente."
2000;2001;Brasil;R$;R$ 1.000.000;R$ 1,00 anuais;torres_2003_dirpf_2001;"Torres, A. M. Modelos de tributacao otima da renda: o calculo de aliquotas marginais assintoticas para o Brasil no ano de 2000. Dissertacao (Mestrado em Economia), Universidade de Brasilia, Brasilia, 2003; copia textual acessivel como monografia IX Premio Tesouro Nacional 2004.";Brasil. Ministerio da Fazenda. Secretaria da Receita Federal. Coordenacao-Geral de Politica Tributaria. Consolida DIRPF 2001: Consolidacao das Declaracoes do Imposto de Renda das Pessoas Fisicas - 2001. Estatisticas Tributarias 05. Brasilia: Receita Federal, dezembro de 2002.;https://livrozilla.com/doc/1724537/modelo-de-tributa%C3%A7%C3%A3o-%C3%B3tima-da-renda;https://web.archive.org/web/20210609080412id_/http://www.receita.fazenda.gov.br/Publico/estudotributarios/estatisticas/22%20Consolida%20DIRPF%202001.pdf;http://www.receita.fazenda.gov.br/Publico/estudotributarios/estatisticas/22%20Consolida%20DIRPF%202001.pdf;outputs/fontes-pedro-souza-irpf/consolida_dirpf_2001.pdf;outputs/fontes-pedro-souza-irpf/consolida_dirpf_2001_texto_extraido.txt;"A Tabela 4 de Pedro Herculano mapeia o ano-calendario 2000 como Torres (2003), ordenado por RBT e reportando RBT. O anexo de Torres traz dados acumulados por corte de renda tributavel anual: numero de declaracoes acima do corte, valor total da renda tributavel acima do corte em R$ milhoes e renda media em R$ mil. A tabela de intervalos foi derivada por diferenca entre cortes consecutivos; a tabela acumulada preserva a forma publicada. A fonte primaria Consolida DIRPF 2001 foi baixada pelo Wayback Machine e confirma o contexto, ano-calendario 2000 e totais gerais, mas nao traz a distribuicao longa por cortes. Ha pequena diferenca entre o anexo de Torres e o quadro resumo da Receita: Torres soma R$ 276.112,97 milhoes e 13.906.144 declaracoes na linha total, enquanto a Receita informa R$ 276.149,34 milhoes de rendimento tributavel e 13.906.145 declarantes no total geral. A diferenca foi documentada sem harmonizacao artificial.";F02;2;Acima de R$ 1,00 ate R$ 1.000,00;1;1000.0;0;intervalo_derivado_por_diferenca;189226;87.9;87900.0;464.5239026349445;rendimento tributavel anual;rendimento tributavel;"Intervalo derivado por diferenca entre linhas acumuladas consecutivas de Torres; nao e faixa publicada diretamente."
2000;2001;Brasil;R$;R$ 1.000.000;R$ 1,00 anuais;torres_2003_dirpf_2001;"Torres, A. M. Modelos de tributacao otima da renda: o calculo de aliquotas marginais assintoticas para o Brasil no ano de 2000. Dissertacao (Mestrado em Economia), Universidade de Brasilia, Brasilia, 2003; copia textual acessivel como monografia IX Premio Tesouro Nacional 2004.";Brasil. Ministerio da Fazenda. Secretaria da Receita Federal. Coordenacao-Geral de Politica Tributaria. Consolida DIRPF 2001: Consolidacao das Declaracoes do Imposto de Renda das Pessoas Fisicas - 2001. Estatisticas Tributarias 05. Brasilia: Receita Federal, dezembro de 2002.;https://livrozilla.com/doc/1724537/modelo-de-tributa%C3%A7%C3%A3o-%C3%B3tima-da-renda;https://web.archive.org/web/20210609080412id_/http://www.receita.fazenda.gov.br/Publico/estudotributarios/estatisticas/22%20Consolida%20DIRPF%202001.pdf;http://www.receita.fazenda.gov.br/Publico/estudotributarios/estatisticas/22%20Consolida%20DIRPF%202001.pdf;outputs/fontes-pedro-souza-irpf/consolida_dirpf_2001.pdf;outputs/fontes-pedro-souza-irpf/consolida_dirpf_2001_texto_extraido.txt;"A Tabela 4 de Pedro Herculano mapeia o ano-calendario 2000 como Torres (2003), ordenado por RBT e reportando RBT. O anexo de Torres traz dados acumulados por corte de renda tributavel anual: numero de declaracoes acima do corte, valor total da renda tributavel acima do corte em R$ milhoes e renda media em R$ mil. A tabela de intervalos foi derivada por diferenca entre cortes consecutivos; a tabela acumulada preserva a forma publicada. A fonte primaria Consolida DIRPF 2001 foi baixada pelo Wayback Machine e confirma o contexto, ano-calendario 2000 e totais gerais, mas nao traz a distribuicao longa por cortes. Ha pequena diferenca entre o anexo de Torres e o quadro resumo da Receita: Torres soma R$ 276.112,97 milhoes e 13.906.144 declaracoes na linha total, enquanto a Receita informa R$ 276.149,34 milhoes de rendimento tributavel e 13.906.145 declarantes no total geral. A diferenca foi documentada sem harmonizacao artificial.";F03;3;Acima de R$ 1.000,00 ate R$ 2.000,00;1000;2000.0;0;intervalo_derivado_por_diferenca;605029;1026.91;1026910.0;1697.2905430979342;rendimento tributavel anual;rendimento tributavel;"Intervalo derivado por diferenca entre linhas acumuladas consecutivas de Torres; nao e faixa publicada diretamente."
2000;2001;Brasil;R$;R$ 1.000.000;R$ 1,00 anuais;torres_2003_dirpf_2001;"Torres, A. M. Modelos de tributacao otima da renda: o calculo de aliquotas marginais assintoticas para o Brasil no ano de 2000. Dissertacao (Mestrado em Economia), Universidade de Brasilia, Brasilia, 2003; copia textual acessivel como monografia IX Premio Tesouro Nacional 2004.";Brasil. Ministerio da Fazenda. Secretaria da Receita Federal. Coordenacao-Geral de Politica Tributaria. Consolida DIRPF 2001: Consolidacao das Declaracoes do Imposto de Renda das Pessoas Fisicas - 2001. Estatisticas Tributarias 05. Brasilia: Receita Federal, dezembro de 2002.;https://livrozilla.com/doc/1724537/modelo-de-tributa%C3%A7%C3%A3o-%C3%B3tima-da-renda;https://web.archive.org/web/20210609080412id_/http://www.receita.fazenda.gov.br/Publico/estudotributarios/estatisticas/22%20Consolida%20DIRPF%202001.pdf;http://www.receita.fazenda.gov.br/Publico/estudotributarios/estatisticas/22%20Consolida%20DIRPF%202001.pdf;outputs/fontes-pedro-souza-irpf/consolida_dirpf_2001.pdf;outputs/fontes-pedro-souza-irpf/consolida_dirpf_2001_texto_extraido.txt;"A Tabela 4 de Pedro Herculano mapeia o ano-calendario 2000 como Torres (2003), ordenado por RBT e reportando RBT. O anexo de Torres traz dados acumulados por corte de renda tributavel anual: numero de declaracoes acima do corte, valor total da renda tributavel acima do corte em R$ milhoes e renda media em R$ mil. A tabela de intervalos foi derivada por diferenca entre cortes consecutivos; a tabela acumulada preserva a forma publicada. A fonte primaria Consolida DIRPF 2001 foi baixada pelo Wayback Machine e confirma o contexto, ano-calendario 2000 e totais gerais, mas nao traz a distribuicao longa por cortes. Ha pequena diferenca entre o anexo de Torres e o quadro resumo da Receita: Torres soma R$ 276.112,97 milhoes e 13.906.144 declaracoes na linha total, enquanto a Receita informa R$ 276.149,34 milhoes de rendimento tributavel e 13.906.145 declarantes no total geral. A diferenca foi documentada sem harmonizacao artificial.";F04;4;Acima de R$ 2.000,00 ate R$ 3.000,00;2000;3000.0;0;intervalo_derivado_por_diferenca;242754;617.54;617540.0;2543.8921706748397;rendimento tributavel anual;rendimento tributavel;"Intervalo derivado por diferenca entre linhas acumuladas consecutivas de Torres; nao e faixa publicada diretamente."
2000;2001;Brasil;R$;R$ 1.000.000;R$ 1,00 anuais;torres_2003_dirpf_2001;"Torres, A. M. Modelos de tributacao otima da renda: o calculo de aliquotas marginais assintoticas para o Brasil no ano de 2000. Dissertacao (Mestrado em Economia), Universidade de Brasilia, Brasilia, 2003; copia textual acessivel como monografia IX Premio Tesouro Nacional 2004.";Brasil. Ministerio da Fazenda. Secretaria da Receita Federal. Coordenacao-Geral de Politica Tributaria. Consolida DIRPF 2001: Consolidacao das Declaracoes do Imposto de Renda das Pessoas Fisicas - 2001. Estatisticas Tributarias 05. Brasilia: Receita Federal, dezembro de 2002.;https://livrozilla.com/doc/1724537/modelo-de-tributa%C3%A7%C3%A3o-%C3%B3tima-da-renda;https://web.archive.org/web/20210609080412id_/http://www.receita.fazenda.gov.br/Publico/estudotributarios/estatisticas/22%20Consolida%20DIRPF%202001.pdf;http://www.receita.fazenda.gov.br/Publico/estudotributarios/estatisticas/22%20Consolida%20DIRPF%202001.pdf;outputs/fontes-pedro-souza-irpf/consolida_dirpf_2001.pdf;outputs/fontes-pedro-souza-irpf/consolida_dirpf_2001_texto_extraido.txt;"A Tabela 4 de Pedro Herculano mapeia o ano-calendario 2000 como Torres (2003), ordenado por RBT e reportando RBT. O anexo de Torres traz dados acumulados por corte de renda tributavel anual: numero de declaracoes acima do corte, valor total da renda tributavel acima do corte em R$ milhoes e renda media em R$ mil. A tabela de intervalos foi derivada por diferenca entre cortes consecutivos; a tabela acumulada preserva a forma publicada. A fonte primaria Consolida DIRPF 2001 foi baixada pelo Wayback Machine e confirma o contexto, ano-calendario 2000 e totais gerais, mas nao traz a distribuicao longa por cortes. Ha pequena diferenca entre o anexo de Torres e o quadro resumo da Receita: Torres soma R$ 276.112,97 milhoes e 13.906.144 declaracoes na linha total, enquanto a Receita informa R$ 276.149,34 milhoes de rendimento tributavel e 13.906.145 declarantes no total geral. A diferenca foi documentada sem harmonizacao artificial.";F05;5;Acima de R$ 3.000,00 ate R$ 4.000,00;3000;4000.0;0;intervalo_derivado_por_diferenca;295960;1047.16;1047160.0;3538.1808352480066;rendimento tributavel anual;rendimento tributavel;"Intervalo derivado por diferenca entre linhas acumuladas consecutivas de Torres; nao e faixa publicada diretamente."
2000;2001;Brasil;R$;R$ 1.000.000;R$ 1,00 anuais;torres_2003_dirpf_2001;"Torres, A. M. Modelos de tributacao otima da renda: o calculo de aliquotas marginais assintoticas para o Brasil no ano de 2000. Dissertacao (Mestrado em Economia), Universidade de Brasilia, Brasilia, 2003; copia textual acessivel como monografia IX Premio Tesouro Nacional 2004.";Brasil. Ministerio da Fazenda. Secretaria da Receita Federal. Coordenacao-Geral de Politica Tributaria. Consolida DIRPF 2001: Consolidacao das Declaracoes do Imposto de Renda das Pessoas Fisicas - 2001. Estatisticas Tributarias 05. Brasilia: Receita Federal, dezembro de 2002.;https://livrozilla.com/doc/1724537/modelo-de-tributa%C3%A7%C3%A3o-%C3%B3tima-da-renda;https://web.archive.org/web/20210609080412id_/http://www.receita.fazenda.gov.br/Publico/estudotributarios/estatisticas/22%20Consolida%20DIRPF%202001.pdf;http://www.receita.fazenda.gov.br/Publico/estudotributarios/estatisticas/22%20Consolida%20DIRPF%202001.pdf;outputs/fontes-pedro-souza-irpf/consolida_dirpf_2001.pdf;outputs/fontes-pedro-souza-irpf/consolida_dirpf_2001_texto_extraido.txt;"A Tabela 4 de Pedro Herculano mapeia o ano-calendario 2000 como Torres (2003), ordenado por RBT e reportando RBT. O anexo de Torres traz dados acumulados por corte de renda tributavel anual: numero de declaracoes acima do corte, valor total da renda tributavel acima do corte em R$ milhoes e renda media em R$ mil. A tabela de intervalos foi derivada por diferenca entre cortes consecutivos; a tabela acumulada preserva a forma publicada. A fonte primaria Consolida DIRPF 2001 foi baixada pelo Wayback Machine e confirma o contexto, ano-calendario 2000 e totais gerais, mas nao traz a distribuicao longa por cortes. Ha pequena diferenca entre o anexo de Torres e o quadro resumo da Receita: Torres soma R$ 276.112,97 milhoes e 13.906.144 declaracoes na linha total, enquanto a Receita informa R$ 276.149,34 milhoes de rendimento tributavel e 13.906.145 declarantes no total geral. A diferenca foi documentada sem harmonizacao artificial.";F06;6;Acima de R$ 4.000,00 ate R$ 5.000,00;4000;5000.0;0;intervalo_derivado_por_diferenca;274795;1257.07;1257070.0;4574.5737731763675;rendimento tributavel anual;rendimento tributavel;"Intervalo derivado por diferenca entre linhas acumuladas consecutivas de Torres; nao e faixa publicada diretamente."
2000;2001;Brasil;R$;R$ 1.000.000;R$ 1,00 anuais;torres_2003_dirpf_2001;"Torres, A. M. Modelos de tributacao otima da renda: o calculo de aliquotas marginais assintoticas para o Brasil no ano de 2000. Dissertacao (Mestrado em Economia), Universidade de Brasilia, Brasilia, 2003; copia textual acessivel como monografia IX Premio Tesouro Nacional 2004.";Brasil. Ministerio da Fazenda. Secretaria da Receita Federal. Coordenacao-Geral de Politica Tributaria. Consolida DIRPF 2001: Consolidacao das Declaracoes do Imposto de Renda das Pessoas Fisicas - 2001. Estatisticas Tributarias 05. Brasilia: Receita Federal, dezembro de 2002.;https://livrozilla.com/doc/1724537/modelo-de-tributa%C3%A7%C3%A3o-%C3%B3tima-da-renda;https://web.archive.org/web/20210609080412id_/http://www.receita.fazenda.gov.br/Publico/estudotributarios/estatisticas/22%20Consolida%20DIRPF%202001.pdf;http://www.receita.fazenda.gov.br/Publico/estudotributarios/estatisticas/22%20Consolida%20DIRPF%202001.pdf;outputs/fontes-pedro-souza-irpf/consolida_dirpf_2001.pdf;outputs/fontes-pedro-souza-irpf/consolida_dirpf_2001_texto_extraido.txt;"A Tabela 4 de Pedro Herculano mapeia o ano-calendario 2000 como Torres (2003), ordenado por RBT e reportando RBT. O anexo de Torres traz dados acumulados por corte de renda tributavel anual: numero de declaracoes acima do corte, valor total da renda tributavel acima do corte em R$ milhoes e renda media em R$ mil. A tabela de intervalos foi derivada por diferenca entre cortes consecutivos; a tabela acumulada preserva a forma publicada. A fonte primaria Consolida DIRPF 2001 foi baixada pelo Wayback Machine e confirma o contexto, ano-calendario 2000 e totais gerais, mas nao traz a distribuicao longa por cortes. Ha pequena diferenca entre o anexo de Torres e o quadro resumo da Receita: Torres soma R$ 276.112,97 milhoes e 13.906.144 declaracoes na linha total, enquanto a Receita informa R$ 276.149,34 milhoes de rendimento tributavel e 13.906.145 declarantes no total geral. A diferenca foi documentada sem harmonizacao artificial.";F07;7;Acima de R$ 5.000,00 ate R$ 6.000,00;5000;6000.0;0;intervalo_derivado_por_diferenca;337323;1892.81;1892810.0;5611.268724634846;rendimento tributavel anual;rendimento tributavel;"Intervalo derivado por diferenca entre linhas acumuladas consecutivas de Torres; nao e faixa publicada diretamente."
2000;2001;Brasil;R$;R$ 1.000.000;R$ 1,00 anuais;torres_2003_dirpf_2001;"Torres, A. M. Modelos de tributacao otima da renda: o calculo de aliquotas marginais assintoticas para o Brasil no ano de 2000. Dissertacao (Mestrado em Economia), Universidade de Brasilia, Brasilia, 2003; copia textual acessivel como monografia IX Premio Tesouro Nacional 2004.";Brasil. Ministerio da Fazenda. Secretaria da Receita Federal. Coordenacao-Geral de Politica Tributaria. Consolida DIRPF 2001: Consolidacao das Declaracoes do Imposto de Renda das Pessoas Fisicas - 2001. Estatisticas Tributarias 05. Brasilia: Receita Federal, dezembro de 2002.;https://livrozilla.com/doc/1724537/modelo-de-tributa%C3%A7%C3%A3o-%C3%B3tima-da-renda;https://web.archive.org/web/20210609080412id_/http://www.receita.fazenda.gov.br/Publico/estudotributarios/estatisticas/22%20Consolida%20DIRPF%202001.pdf;http://www.receita.fazenda.gov.br/Publico/estudotributarios/estatisticas/22%20Consolida%20DIRPF%202001.pdf;outputs/fontes-pedro-souza-irpf/consolida_dirpf_2001.pdf;outputs/fontes-pedro-souza-irpf/consolida_dirpf_2001_texto_extraido.txt;"A Tabela 4 de Pedro Herculano mapeia o ano-calendario 2000 como Torres (2003), ordenado por RBT e reportando RBT. O anexo de Torres traz dados acumulados por corte de renda tributavel anual: numero de declaracoes acima do corte, valor total da renda tributavel acima do corte em R$ milhoes e renda media em R$ mil. A tabela de intervalos foi derivada por diferenca entre cortes consecutivos; a tabela acumulada preserva a forma publicada. A fonte primaria Consolida DIRPF 2001 foi baixada pelo Wayback Machine e confirma o contexto, ano-calendario 2000 e totais gerais, mas nao traz a distribuicao longa por cortes. Ha pequena diferenca entre o anexo de Torres e o quadro resumo da Receita: Torres soma R$ 276.112,97 milhoes e 13.906.144 declaracoes na linha total, enquanto a Receita informa R$ 276.149,34 milhoes de rendimento tributavel e 13.906.145 declarantes no total geral. A diferenca foi documentada sem harmonizacao artificial.";F08;8;Acima de R$ 6.000,00 ate R$ 7.000,00;6000;7000.0;0;intervalo_derivado_por_diferenca;285172;1863.24;1863240.0;6533.74104049486;rendimento tributavel anual;rendimento tributavel;"Intervalo derivado por diferenca entre linhas acumuladas consecutivas de Torres; nao e faixa publicada diretamente."
2000;2001;Brasil;R$;R$ 1.000.000;R$ 1,00 anuais;torres_2003_dirpf_2001;"Torres, A. M. Modelos de tributacao otima da renda: o calculo de aliquotas marginais assintoticas para o Brasil no ano de 2000. Dissertacao (Mestrado em Economia), Universidade de Brasilia, Brasilia, 2003; copia textual acessivel como monografia IX Premio Tesouro Nacional 2004.";Brasil. Ministerio da Fazenda. Secretaria da Receita Federal. Coordenacao-Geral de Politica Tributaria. Consolida DIRPF 2001: Consolidacao das Declaracoes do Imposto de Renda das Pessoas Fisicas - 2001. Estatisticas Tributarias 05. Brasilia: Receita Federal, dezembro de 2002.;https://livrozilla.com/doc/1724537/modelo-de-tributa%C3%A7%C3%A3o-%C3%B3tima-da-renda;https://web.archive.org/web/20210609080412id_/http://www.receita.fazenda.gov.br/Publico/estudotributarios/estatisticas/22%20Consolida%20DIRPF%202001.pdf;http://www.receita.fazenda.gov.br/Publico/estudotributarios/estatisticas/22%20Consolida%20DIRPF%202001.pdf;outputs/fontes-pedro-souza-irpf/consolida_dirpf_2001.pdf;outputs/fontes-pedro-souza-irpf/consolida_dirpf_2001_texto_extraido.txt;"A Tabela 4 de Pedro Herculano mapeia o ano-calendario 2000 como Torres (2003), ordenado por RBT e reportando RBT. O anexo de Torres traz dados acumulados por corte de renda tributavel anual: numero de declaracoes acima do corte, valor total da renda tributavel acima do corte em R$ milhoes e renda media em R$ mil. A tabela de intervalos foi derivada por diferenca entre cortes consecutivos; a tabela acumulada preserva a forma publicada. A fonte primaria Consolida DIRPF 2001 foi baixada pelo Wayback Machine e confirma o contexto, ano-calendario 2000 e totais gerais, mas nao traz a distribuicao longa por cortes. Ha pequena diferenca entre o anexo de Torres e o quadro resumo da Receita: Torres soma R$ 276.112,97 milhoes e 13.906.144 declaracoes na linha total, enquanto a Receita informa R$ 276.149,34 milhoes de rendimento tributavel e 13.906.145 declarantes no total geral. A diferenca foi documentada sem harmonizacao artificial.";F09;9;Acima de R$ 7.000,00 ate R$ 8.000,00;7000;8000.0;0;intervalo_derivado_por_diferenca;337599;2542.82;2542820.0;7532.072073673204;rendimento tributavel anual;rendimento tributavel;"Intervalo derivado por diferenca entre linhas acumuladas consecutivas de Torres; nao e faixa publicada diretamente."
2000;2001;Brasil;R$;R$ 1.000.000;R$ 1,00 anuais;torres_2003_dirpf_2001;"Torres, A. M. Modelos de tributacao otima da renda: o calculo de aliquotas marginais assintoticas para o Brasil no ano de 2000. Dissertacao (Mestrado em Economia), Universidade de Brasilia, Brasilia, 2003; copia textual acessivel como monografia IX Premio Tesouro Nacional 2004.";Brasil. Ministerio da Fazenda. Secretaria da Receita Federal. Coordenacao-Geral de Politica Tributaria. Consolida DIRPF 2001: Consolidacao das Declaracoes do Imposto de Renda das Pessoas Fisicas - 2001. Estatisticas Tributarias 05. Brasilia: Receita Federal, dezembro de 2002.;https://livrozilla.com/doc/1724537/modelo-de-tributa%C3%A7%C3%A3o-%C3%B3tima-da-renda;https://web.archive.org/web/20210609080412id_/http://www.receita.fazenda.gov.br/Publico/estudotributarios/estatisticas/22%20Consolida%20DIRPF%202001.pdf;http://www.receita.fazenda.gov.br/Publico/estudotributarios/estatisticas/22%20Consolida%20DIRPF%202001.pdf;outputs/fontes-pedro-souza-irpf/consolida_dirpf_2001.pdf;outputs/fontes-pedro-souza-irpf/consolida_dirpf_2001_texto_extraido.txt;"A Tabela 4 de Pedro Herculano mapeia o ano-calendario 2000 como Torres (2003), ordenado por RBT e reportando RBT. O anexo de Torres traz dados acumulados por corte de renda tributavel anual: numero de declaracoes acima do corte, valor total da renda tributavel acima do corte em R$ milhoes e renda media em R$ mil. A tabela de intervalos foi derivada por diferenca entre cortes consecutivos; a tabela acumulada preserva a forma publicada. A fonte primaria Consolida DIRPF 2001 foi baixada pelo Wayback Machine e confirma o contexto, ano-calendario 2000 e totais gerais, mas nao traz a distribuicao longa por cortes. Ha pequena diferenca entre o anexo de Torres e o quadro resumo da Receita: Torres soma R$ 276.112,97 milhoes e 13.906.144 declaracoes na linha total, enquanto a Receita informa R$ 276.149,34 milhoes de rendimento tributavel e 13.906.145 declarantes no total geral. A diferenca foi documentada sem harmonizacao artificial.";F10;10;Acima de R$ 8.000,00 ate R$ 9.000,00;8000;9000.0;0;intervalo_derivado_por_diferenca;391360;3350.46;3350460.0;8561.069092395748;rendimento tributavel anual;rendimento tributavel;"Intervalo derivado por diferenca entre linhas acumuladas consecutivas de Torres; nao e faixa publicada diretamente."
2000;2001;Brasil;R$;R$ 1.000.000;R$ 1,00 anuais;torres_2003_dirpf_2001;"Torres, A. M. Modelos de tributacao otima da renda: o calculo de aliquotas marginais assintoticas para o Brasil no ano de 2000. Dissertacao (Mestrado em Economia), Universidade de Brasilia, Brasilia, 2003; copia textual acessivel como monografia IX Premio Tesouro Nacional 2004.";Brasil. Ministerio da Fazenda. Secretaria da Receita Federal. Coordenacao-Geral de Politica Tributaria. Consolida DIRPF 2001: Consolidacao das Declaracoes do Imposto de Renda das Pessoas Fisicas - 2001. Estatisticas Tributarias 05. Brasilia: Receita Federal, dezembro de 2002.;https://livrozilla.com/doc/1724537/modelo-de-tributa%C3%A7%C3%A3o-%C3%B3tima-da-renda;https://web.archive.org/web/20210609080412id_/http://www.receita.fazenda.gov.br/Publico/estudotributarios/estatisticas/22%20Consolida%20DIRPF%202001.pdf;http://www.receita.fazenda.gov.br/Publico/estudotributarios/estatisticas/22%20Consolida%20DIRPF%202001.pdf;outputs/fontes-pedro-souza-irpf/consolida_dirpf_2001.pdf;outputs/fontes-pedro-souza-irpf/consolida_dirpf_2001_texto_extraido.txt;"A Tabela 4 de Pedro Herculano mapeia o ano-calendario 2000 como Torres (2003), ordenado por RBT e reportando RBT. O anexo de Torres traz dados acumulados por corte de renda tributavel anual: numero de declaracoes acima do corte, valor total da renda tributavel acima do corte em R$ milhoes e renda media em R$ mil. A tabela de intervalos foi derivada por diferenca entre cortes consecutivos; a tabela acumulada preserva a forma publicada. A fonte primaria Consolida DIRPF 2001 foi baixada pelo Wayback Machine e confirma o contexto, ano-calendario 2000 e totais gerais, mas nao traz a distribuicao longa por cortes. Ha pequena diferenca entre o anexo de Torres e o quadro resumo da Receita: Torres soma R$ 276.112,97 milhoes e 13.906.144 declaracoes na linha total, enquanto a Receita informa R$ 276.149,34 milhoes de rendimento tributavel e 13.906.145 declarantes no total geral. A diferenca foi documentada sem harmonizacao artificial.";F11;11;Acima de R$ 9.000,00 ate R$ 10.000,00;9000;10000.0;0;intervalo_derivado_por_diferenca;494749;4744.34;4744340.0;9589.387750152096;rendimento tributavel anual;rendimento tributavel;"Intervalo derivado por diferenca entre linhas acumuladas consecutivas de Torres; nao e faixa publicada diretamente."
2000;2001;Brasil;R$;R$ 1.000.000;R$ 1,00 anuais;torres_2003_dirpf_2001;"Torres, A. M. Modelos de tributacao otima da renda: o calculo de aliquotas marginais assintoticas para o Brasil no ano de 2000. Dissertacao (Mestrado em Economia), Universidade de Brasilia, Brasilia, 2003; copia textual acessivel como monografia IX Premio Tesouro Nacional 2004.";Brasil. Ministerio da Fazenda. Secretaria da Receita Federal. Coordenacao-Geral de Politica Tributaria. Consolida DIRPF 2001: Consolidacao das Declaracoes do Imposto de Renda das Pessoas Fisicas - 2001. Estatisticas Tributarias 05. Brasilia: Receita Federal, dezembro de 2002.;https://livrozilla.com/doc/1724537/modelo-de-tributa%C3%A7%C3%A3o-%C3%B3tima-da-renda;https://web.archive.org/web/20210609080412id_/http://www.receita.fazenda.gov.br/Publico/estudotributarios/estatisticas/22%20Consolida%20DIRPF%202001.pdf;http://www.receita.fazenda.gov.br/Publico/estudotributarios/estatisticas/22%20Consolida%20DIRPF%202001.pdf;outputs/fontes-pedro-souza-irpf/consolida_dirpf_2001.pdf;outputs/fontes-pedro-souza-irpf/consolida_dirpf_2001_texto_extraido.txt;"A Tabela 4 de Pedro Herculano mapeia o ano-calendario 2000 como Torres (2003), ordenado por RBT e reportando RBT. O anexo de Torres traz dados acumulados por corte de renda tributavel anual: numero de declaracoes acima do corte, valor total da renda tributavel acima do corte em R$ milhoes e renda media em R$ mil. A tabela de intervalos foi derivada por diferenca entre cortes consecutivos; a tabela acumulada preserva a forma publicada. A fonte primaria Consolida DIRPF 2001 foi baixada pelo Wayback Machine e confirma o contexto, ano-calendario 2000 e totais gerais, mas nao traz a distribuicao longa por cortes. Ha pequena diferenca entre o anexo de Torres e o quadro resumo da Receita: Torres soma R$ 276.112,97 milhoes e 13.906.144 declaracoes na linha total, enquanto a Receita informa R$ 276.149,34 milhoes de rendimento tributavel e 13.906.145 declarantes no total geral. A diferenca foi documentada sem harmonizacao artificial.";F12;12;Acima de R$ 10.000,00 ate R$ 11.000,00;10000;11000.0;0;intervalo_derivado_por_diferenca;909559;9635.06;9635060.0;10593.111606833641;rendimento tributavel anual;rendimento tributavel;"Intervalo derivado por diferenca entre linhas acumuladas consecutivas de Torres; nao e faixa publicada diretamente."
2000;2001;Brasil;R$;R$ 1.000.000;R$ 1,00 anuais;torres_2003_dirpf_2001;"Torres, A. M. Modelos de tributacao otima da renda: o calculo de aliquotas marginais assintoticas para o Brasil no ano de 2000. Dissertacao (Mestrado em Economia), Universidade de Brasilia, Brasilia, 2003; copia textual acessivel como monografia IX Premio Tesouro Nacional 2004.";Brasil. Ministerio da Fazenda. Secretaria da Receita Federal. Coordenacao-Geral de Politica Tributaria. Consolida DIRPF 2001: Consolidacao das Declaracoes do Imposto de Renda das Pessoas Fisicas - 2001. Estatisticas Tributarias 05. Brasilia: Receita Federal, dezembro de 2002.;https://livrozilla.com/doc/1724537/modelo-de-tributa%C3%A7%C3%A3o-%C3%B3tima-da-renda;https://web.archive.org/web/20210609080412id_/http://www.receita.fazenda.gov.br/Publico/estudotributarios/estatisticas/22%20Consolida%20DIRPF%202001.pdf;http://www.receita.fazenda.gov.br/Publico/estudotributarios/estatisticas/22%20Consolida%20DIRPF%202001.pdf;outputs/fontes-pedro-souza-irpf/consolida_dirpf_2001.pdf;outputs/fontes-pedro-souza-irpf/consolida_dirpf_2001_texto_extraido.txt;"A Tabela 4 de Pedro Herculano mapeia o ano-calendario 2000 como Torres (2003), ordenado por RBT e reportando RBT. O anexo de Torres traz dados acumulados por corte de renda tributavel anual: numero de declaracoes acima do corte, valor total da renda tributavel acima do corte em R$ milhoes e renda media em R$ mil. A tabela de intervalos foi derivada por diferenca entre cortes consecutivos; a tabela acumulada preserva a forma publicada. A fonte primaria Consolida DIRPF 2001 foi baixada pelo Wayback Machine e confirma o contexto, ano-calendario 2000 e totais gerais, mas nao traz a distribuicao longa por cortes. Ha pequena diferenca entre o anexo de Torres e o quadro resumo da Receita: Torres soma R$ 276.112,97 milhoes e 13.906.144 declaracoes na linha total, enquanto a Receita informa R$ 276.149,34 milhoes de rendimento tributavel e 13.906.145 declarantes no total geral. A diferenca foi documentada sem harmonizacao artificial.";F13;13;Acima de R$ 11.000,00 ate R$ 12.000,00;11000;12000.0;0;intervalo_derivado_por_diferenca;720330;8354.0;8354000.0;11597.46227423542;rendimento tributavel anual;rendimento tributavel;"Intervalo derivado por diferenca entre linhas acumuladas consecutivas de Torres; nao e faixa publicada diretamente."
2000;2001;Brasil;R$;R$ 1.000.000;R$ 1,00 anuais;torres_2003_dirpf_2001;"Torres, A. M. Modelos de tributacao otima da renda: o calculo de aliquotas marginais assintoticas para o Brasil no ano de 2000. Dissertacao (Mestrado em Economia), Universidade de Brasilia, Brasilia, 2003; copia textual acessivel como monografia IX Premio Tesouro Nacional 2004.";Brasil. Ministerio da Fazenda. Secretaria da Receita Federal. Coordenacao-Geral de Politica Tributaria. Consolida DIRPF 2001: Consolidacao das Declaracoes do Imposto de Renda das Pessoas Fisicas - 2001. Estatisticas Tributarias 05. Brasilia: Receita Federal, dezembro de 2002.;https://livrozilla.com/doc/1724537/modelo-de-tributa%C3%A7%C3%A3o-%C3%B3tima-da-renda;https://web.archive.org/web/20210609080412id_/http://www.receita.fazenda.gov.br/Publico/estudotributarios/estatisticas/22%20Consolida%20DIRPF%202001.pdf;http://www.receita.fazenda.gov.br/Publico/estudotributarios/estatisticas/22%20Consolida%20DIRPF%202001.pdf;outputs/fontes-pedro-souza-irpf/consolida_dirpf_2001.pdf;outputs/fontes-pedro-souza-irpf/consolida_dirpf_2001_texto_extraido.txt;"A Tabela 4 de Pedro Herculano mapeia o ano-calendario 2000 como Torres (2003), ordenado por RBT e reportando RBT. O anexo de Torres traz dados acumulados por corte de renda tributavel anual: numero de declaracoes acima do corte, valor total da renda tributavel acima do corte em R$ milhoes e renda media em R$ mil. A tabela de intervalos foi derivada por diferenca entre cortes consecutivos; a tabela acumulada preserva a forma publicada. A fonte primaria Consolida DIRPF 2001 foi baixada pelo Wayback Machine e confirma o contexto, ano-calendario 2000 e totais gerais, mas nao traz a distribuicao longa por cortes. Ha pequena diferenca entre o anexo de Torres e o quadro resumo da Receita: Torres soma R$ 276.112,97 milhoes e 13.906.144 declaracoes na linha total, enquanto a Receita informa R$ 276.149,34 milhoes de rendimento tributavel e 13.906.145 declarantes no total geral. A diferenca foi documentada sem harmonizacao artificial.";F14;14;Acima de R$ 12.000,00 ate R$ 13.000,00;12000;13000.0;0;intervalo_derivado_por_diferenca;898215;11299.73;11299730.0;12580.206298046682;rendimento tributavel anual;rendimento tributavel;"Intervalo derivado por diferenca entre linhas acumuladas consecutivas de Torres; nao e faixa publicada diretamente."
2000;2001;Brasil;R$;R$ 1.000.000;R$ 1,00 anuais;torres_2003_dirpf_2001;"Torres, A. M. Modelos de tributacao otima da renda: o calculo de aliquotas marginais assintoticas para o Brasil no ano de 2000. Dissertacao (Mestrado em Economia), Universidade de Brasilia, Brasilia, 2003; copia textual acessivel como monografia IX Premio Tesouro Nacional 2004.";Brasil. Ministerio da Fazenda. Secretaria da Receita Federal. Coordenacao-Geral de Politica Tributaria. Consolida DIRPF 2001: Consolidacao das Declaracoes do Imposto de Renda das Pessoas Fisicas - 2001. Estatisticas Tributarias 05. Brasilia: Receita Federal, dezembro de 2002.;https://livrozilla.com/doc/1724537/modelo-de-tributa%C3%A7%C3%A3o-%C3%B3tima-da-renda;https://web.archive.org/web/20210609080412id_/http://www.receita.fazenda.gov.br/Publico/estudotributarios/estatisticas/22%20Consolida%20DIRPF%202001.pdf;http://www.receita.fazenda.gov.br/Publico/estudotributarios/estatisticas/22%20Consolida%20DIRPF%202001.pdf;outputs/fontes-pedro-souza-irpf/consolida_dirpf_2001.pdf;outputs/fontes-pedro-souza-irpf/consolida_dirpf_2001_texto_extraido.txt;"A Tabela 4 de Pedro Herculano mapeia o ano-calendario 2000 como Torres (2003), ordenado por RBT e reportando RBT. O anexo de Torres traz dados acumulados por corte de renda tributavel anual: numero de declaracoes acima do corte, valor total da renda tributavel acima do corte em R$ milhoes e renda media em R$ mil. A tabela de intervalos foi derivada por diferenca entre cortes consecutivos; a tabela acumulada preserva a forma publicada. A fonte primaria Consolida DIRPF 2001 foi baixada pelo Wayback Machine e confirma o contexto, ano-calendario 2000 e totais gerais, mas nao traz a distribuicao longa por cortes. Ha pequena diferenca entre o anexo de Torres e o quadro resumo da Receita: Torres soma R$ 276.112,97 milhoes e 13.906.144 declaracoes na linha total, enquanto a Receita informa R$ 276.149,34 milhoes de rendimento tributavel e 13.906.145 declarantes no total geral. A diferenca foi documentada sem harmonizacao artificial.";F15;15;Acima de R$ 13.000,00 ate R$ 14.000,00;13000;14000.0;0;intervalo_derivado_por_diferenca;1090158;14649.28;14649280.0;13437.758563437594;rendimento tributavel anual;rendimento tributavel;"Intervalo derivado por diferenca entre linhas acumuladas consecutivas de Torres; nao e faixa publicada diretamente."
2000;2001;Brasil;R$;R$ 1.000.000;R$ 1,00 anuais;torres_2003_dirpf_2001;"Torres, A. M. Modelos de tributacao otima da renda: o calculo de aliquotas marginais assintoticas para o Brasil no ano de 2000. Dissertacao (Mestrado em Economia), Universidade de Brasilia, Brasilia, 2003; copia textual acessivel como monografia IX Premio Tesouro Nacional 2004.";Brasil. Ministerio da Fazenda. Secretaria da Receita Federal. Coordenacao-Geral de Politica Tributaria. Consolida DIRPF 2001: Consolidacao das Declaracoes do Imposto de Renda das Pessoas Fisicas - 2001. Estatisticas Tributarias 05. Brasilia: Receita Federal, dezembro de 2002.;https://livrozilla.com/doc/1724537/modelo-de-tributa%C3%A7%C3%A3o-%C3%B3tima-da-renda;https://web.archive.org/web/20210609080412id_/http://www.receita.fazenda.gov.br/Publico/estudotributarios/estatisticas/22%20Consolida%20DIRPF%202001.pdf;http://www.receita.fazenda.gov.br/Publico/estudotributarios/estatisticas/22%20Consolida%20DIRPF%202001.pdf;outputs/fontes-pedro-souza-irpf/consolida_dirpf_2001.pdf;outputs/fontes-pedro-souza-irpf/consolida_dirpf_2001_texto_extraido.txt;"A Tabela 4 de Pedro Herculano mapeia o ano-calendario 2000 como Torres (2003), ordenado por RBT e reportando RBT. O anexo de Torres traz dados acumulados por corte de renda tributavel anual: numero de declaracoes acima do corte, valor total da renda tributavel acima do corte em R$ milhoes e renda media em R$ mil. A tabela de intervalos foi derivada por diferenca entre cortes consecutivos; a tabela acumulada preserva a forma publicada. A fonte primaria Consolida DIRPF 2001 foi baixada pelo Wayback Machine e confirma o contexto, ano-calendario 2000 e totais gerais, mas nao traz a distribuicao longa por cortes. Ha pequena diferenca entre o anexo de Torres e o quadro resumo da Receita: Torres soma R$ 276.112,97 milhoes e 13.906.144 declaracoes na linha total, enquanto a Receita informa R$ 276.149,34 milhoes de rendimento tributavel e 13.906.145 declarantes no total geral. A diferenca foi documentada sem harmonizacao artificial.";F16;16;Acima de R$ 14.000,00 ate R$ 15.000,00;14000;15000.0;0;intervalo_derivado_por_diferenca;485011;7031.78;7031780.0;14498.186639065918;rendimento tributavel anual;rendimento tributavel;"Intervalo derivado por diferenca entre linhas acumuladas consecutivas de Torres; nao e faixa publicada diretamente."
2000;2001;Brasil;R$;R$ 1.000.000;R$ 1,00 anuais;torres_2003_dirpf_2001;"Torres, A. M. Modelos de tributacao otima da renda: o calculo de aliquotas marginais assintoticas para o Brasil no ano de 2000. Dissertacao (Mestrado em Economia), Universidade de Brasilia, Brasilia, 2003; copia textual acessivel como monografia IX Premio Tesouro Nacional 2004.";Brasil. Ministerio da Fazenda. Secretaria da Receita Federal. Coordenacao-Geral de Politica Tributaria. Consolida DIRPF 2001: Consolidacao das Declaracoes do Imposto de Renda das Pessoas Fisicas - 2001. Estatisticas Tributarias 05. Brasilia: Receita Federal, dezembro de 2002.;https://livrozilla.com/doc/1724537/modelo-de-tributa%C3%A7%C3%A3o-%C3%B3tima-da-renda;https://web.archive.org/web/20210609080412id_/http://www.receita.fazenda.gov.br/Publico/estudotributarios/estatisticas/22%20Consolida%20DIRPF%202001.pdf;http://www.receita.fazenda.gov.br/Publico/estudotributarios/estatisticas/22%20Consolida%20DIRPF%202001.pdf;outputs/fontes-pedro-souza-irpf/consolida_dirpf_2001.pdf;outputs/fontes-pedro-souza-irpf/consolida_dirpf_2001_texto_extraido.txt;"A Tabela 4 de Pedro Herculano mapeia o ano-calendario 2000 como Torres (2003), ordenado por RBT e reportando RBT. O anexo de Torres traz dados acumulados por corte de renda tributavel anual: numero de declaracoes acima do corte, valor total da renda tributavel acima do corte em R$ milhoes e renda media em R$ mil. A tabela de intervalos foi derivada por diferenca entre cortes consecutivos; a tabela acumulada preserva a forma publicada. A fonte primaria Consolida DIRPF 2001 foi baixada pelo Wayback Machine e confirma o contexto, ano-calendario 2000 e totais gerais, mas nao traz a distribuicao longa por cortes. Ha pequena diferenca entre o anexo de Torres e o quadro resumo da Receita: Torres soma R$ 276.112,97 milhoes e 13.906.144 declaracoes na linha total, enquanto a Receita informa R$ 276.149,34 milhoes de rendimento tributavel e 13.906.145 declarantes no total geral. A diferenca foi documentada sem harmonizacao artificial.";F17;17;Acima de R$ 15.000,00 ate R$ 16.000,00;15000;16000.0;0;intervalo_derivado_por_diferenca;390401;6047.96;6047960.0;15491.661138163068;rendimento tributavel anual;rendimento tributavel;"Intervalo derivado por diferenca entre linhas acumuladas consecutivas de Torres; nao e faixa publicada diretamente."
2000;2001;Brasil;R$;R$ 1.000.000;R$ 1,00 anuais;torres_2003_dirpf_2001;"Torres, A. M. Modelos de tributacao otima da renda: o calculo de aliquotas marginais assintoticas para o Brasil no ano de 2000. Dissertacao (Mestrado em Economia), Universidade de Brasilia, Brasilia, 2003; copia textual acessivel como monografia IX Premio Tesouro Nacional 2004.";Brasil. Ministerio da Fazenda. Secretaria da Receita Federal. Coordenacao-Geral de Politica Tributaria. Consolida DIRPF 2001: Consolidacao das Declaracoes do Imposto de Renda das Pessoas Fisicas - 2001. Estatisticas Tributarias 05. Brasilia: Receita Federal, dezembro de 2002.;https://livrozilla.com/doc/1724537/modelo-de-tributa%C3%A7%C3%A3o-%C3%B3tima-da-renda;https://web.archive.org/web/20210609080412id_/http://www.receita.fazenda.gov.br/Publico/estudotributarios/estatisticas/22%20Consolida%20DIRPF%202001.pdf;http://www.receita.fazenda.gov.br/Publico/estudotributarios/estatisticas/22%20Consolida%20DIRPF%202001.pdf;outputs/fontes-pedro-souza-irpf/consolida_dirpf_2001.pdf;outputs/fontes-pedro-souza-irpf/consolida_dirpf_2001_texto_extraido.txt;"A Tabela 4 de Pedro Herculano mapeia o ano-calendario 2000 como Torres (2003), ordenado por RBT e reportando RBT. O anexo de Torres traz dados acumulados por corte de renda tributavel anual: numero de declaracoes acima do corte, valor total da renda tributavel acima do corte em R$ milhoes e renda media em R$ mil. A tabela de intervalos foi derivada por diferenca entre cortes consecutivos; a tabela acumulada preserva a forma publicada. A fonte primaria Consolida DIRPF 2001 foi baixada pelo Wayback Machine e confirma o contexto, ano-calendario 2000 e totais gerais, mas nao traz a distribuicao longa por cortes. Ha pequena diferenca entre o anexo de Torres e o quadro resumo da Receita: Torres soma R$ 276.112,97 milhoes e 13.906.144 declaracoes na linha total, enquanto a Receita informa R$ 276.149,34 milhoes de rendimento tributavel e 13.906.145 declarantes no total geral. A diferenca foi documentada sem harmonizacao artificial.";F18;18;Acima de R$ 16.000,00 ate R$ 17.000,00;16000;17000.0;0;intervalo_derivado_por_diferenca;338384;5581.88;5581880.0;16495.697196084922;rendimento tributavel anual;rendimento tributavel;"Intervalo derivado por diferenca entre linhas acumuladas consecutivas de Torres; nao e faixa publicada diretamente."
2000;2001;Brasil;R$;R$ 1.000.000;R$ 1,00 anuais;torres_2003_dirpf_2001;"Torres, A. M. Modelos de tributacao otima da renda: o calculo de aliquotas marginais assintoticas para o Brasil no ano de 2000. Dissertacao (Mestrado em Economia), Universidade de Brasilia, Brasilia, 2003; copia textual acessivel como monografia IX Premio Tesouro Nacional 2004.";Brasil. Ministerio da Fazenda. Secretaria da Receita Federal. Coordenacao-Geral de Politica Tributaria. Consolida DIRPF 2001: Consolidacao das Declaracoes do Imposto de Renda das Pessoas Fisicas - 2001. Estatisticas Tributarias 05. Brasilia: Receita Federal, dezembro de 2002.;https://livrozilla.com/doc/1724537/modelo-de-tributa%C3%A7%C3%A3o-%C3%B3tima-da-renda;https://web.archive.org/web/20210609080412id_/http://www.receita.fazenda.gov.br/Publico/estudotributarios/estatisticas/22%20Consolida%20DIRPF%202001.pdf;http://www.receita.fazenda.gov.br/Publico/estudotributarios/estatisticas/22%20Consolida%20DIRPF%202001.pdf;outputs/fontes-pedro-souza-irpf/consolida_dirpf_2001.pdf;outputs/fontes-pedro-souza-irpf/consolida_dirpf_2001_texto_extraido.txt;"A Tabela 4 de Pedro Herculano mapeia o ano-calendario 2000 como Torres (2003), ordenado por RBT e reportando RBT. O anexo de Torres traz dados acumulados por corte de renda tributavel anual: numero de declaracoes acima do corte, valor total da renda tributavel acima do corte em R$ milhoes e renda media em R$ mil. A tabela de intervalos foi derivada por diferenca entre cortes consecutivos; a tabela acumulada preserva a forma publicada. A fonte primaria Consolida DIRPF 2001 foi baixada pelo Wayback Machine e confirma o contexto, ano-calendario 2000 e totais gerais, mas nao traz a distribuicao longa por cortes. Ha pequena diferenca entre o anexo de Torres e o quadro resumo da Receita: Torres soma R$ 276.112,97 milhoes e 13.906.144 declaracoes na linha total, enquanto a Receita informa R$ 276.149,34 milhoes de rendimento tributavel e 13.906.145 declarantes no total geral. A diferenca foi documentada sem harmonizacao artificial.";F19;19;Acima de R$ 17.000,00 ate R$ 18.000,00;17000;18000.0;0;intervalo_derivado_por_diferenca;323333;5666.56;5666560.0;17525.461366455016;rendimento tributavel anual;rendimento tributavel;"Intervalo derivado por diferenca entre linhas acumuladas consecutivas de Torres; nao e faixa publicada diretamente."
2000;2001;Brasil;R$;R$ 1.000.000;R$ 1,00 anuais;torres_2003_dirpf_2001;"Torres, A. M. Modelos de tributacao otima da renda: o calculo de aliquotas marginais assintoticas para o Brasil no ano de 2000. Dissertacao (Mestrado em Economia), Universidade de Brasilia, Brasilia, 2003; copia textual acessivel como monografia IX Premio Tesouro Nacional 2004.";Brasil. Ministerio da Fazenda. Secretaria da Receita Federal. Coordenacao-Geral de Politica Tributaria. Consolida DIRPF 2001: Consolidacao das Declaracoes do Imposto de Renda das Pessoas Fisicas - 2001. Estatisticas Tributarias 05. Brasilia: Receita Federal, dezembro de 2002.;https://livrozilla.com/doc/1724537/modelo-de-tributa%C3%A7%C3%A3o-%C3%B3tima-da-renda;https://web.archive.org/web/20210609080412id_/http://www.receita.fazenda.gov.br/Publico/estudotributarios/estatisticas/22%20Consolida%20DIRPF%202001.pdf;http://www.receita.fazenda.gov.br/Publico/estudotributarios/estatisticas/22%20Consolida%20DIRPF%202001.pdf;outputs/fontes-pedro-souza-irpf/consolida_dirpf_2001.pdf;outputs/fontes-pedro-souza-irpf/consolida_dirpf_2001_texto_extraido.txt;"A Tabela 4 de Pedro Herculano mapeia o ano-calendario 2000 como Torres (2003), ordenado por RBT e reportando RBT. O anexo de Torres traz dados acumulados por corte de renda tributavel anual: numero de declaracoes acima do corte, valor total da renda tributavel acima do corte em R$ milhoes e renda media em R$ mil. A tabela de intervalos foi derivada por diferenca entre cortes consecutivos; a tabela acumulada preserva a forma publicada. A fonte primaria Consolida DIRPF 2001 foi baixada pelo Wayback Machine e confirma o contexto, ano-calendario 2000 e totais gerais, mas nao traz a distribuicao longa por cortes. Ha pequena diferenca entre o anexo de Torres e o quadro resumo da Receita: Torres soma R$ 276.112,97 milhoes e 13.906.144 declaracoes na linha total, enquanto a Receita informa R$ 276.149,34 milhoes de rendimento tributavel e 13.906.145 declarantes no total geral. A diferenca foi documentada sem harmonizacao artificial.";F20;20;Acima de R$ 18.000,00 ate R$ 19.000,00;18000;19000.0;0;intervalo_derivado_por_diferenca;286470;5298.87;5298870.0;18497.120117289767;rendimento tributavel anual;rendimento tributavel;"Intervalo derivado por diferenca entre linhas acumuladas consecutivas de Torres; nao e faixa publicada diretamente."
2000;2001;Brasil;R$;R$ 1.000.000;R$ 1,00 anuais;torres_2003_dirpf_2001;"Torres, A. M. Modelos de tributacao otima da renda: o calculo de aliquotas marginais assintoticas para o Brasil no ano de 2000. Dissertacao (Mestrado em Economia), Universidade de Brasilia, Brasilia, 2003; copia textual acessivel como monografia IX Premio Tesouro Nacional 2004.";Brasil. Ministerio da Fazenda. Secretaria da Receita Federal. Coordenacao-Geral de Politica Tributaria. Consolida DIRPF 2001: Consolidacao das Declaracoes do Imposto de Renda das Pessoas Fisicas - 2001. Estatisticas Tributarias 05. Brasilia: Receita Federal, dezembro de 2002.;https://livrozilla.com/doc/1724537/modelo-de-tributa%C3%A7%C3%A3o-%C3%B3tima-da-renda;https://web.archive.org/web/20210609080412id_/http://www.receita.fazenda.gov.br/Publico/estudotributarios/estatisticas/22%20Consolida%20DIRPF%202001.pdf;http://www.receita.fazenda.gov.br/Publico/estudotributarios/estatisticas/22%20Consolida%20DIRPF%202001.pdf;outputs/fontes-pedro-souza-irpf/consolida_dirpf_2001.pdf;outputs/fontes-pedro-souza-irpf/consolida_dirpf_2001_texto_extraido.txt;"A Tabela 4 de Pedro Herculano mapeia o ano-calendario 2000 como Torres (2003), ordenado por RBT e reportando RBT. O anexo de Torres traz dados acumulados por corte de renda tributavel anual: numero de declaracoes acima do corte, valor total da renda tributavel acima do corte em R$ milhoes e renda media em R$ mil. A tabela de intervalos foi derivada por diferenca entre cortes consecutivos; a tabela acumulada preserva a forma publicada. A fonte primaria Consolida DIRPF 2001 foi baixada pelo Wayback Machine e confirma o contexto, ano-calendario 2000 e totais gerais, mas nao traz a distribuicao longa por cortes. Ha pequena diferenca entre o anexo de Torres e o quadro resumo da Receita: Torres soma R$ 276.112,97 milhoes e 13.906.144 declaracoes na linha total, enquanto a Receita informa R$ 276.149,34 milhoes de rendimento tributavel e 13.906.145 declarantes no total geral. A diferenca foi documentada sem harmonizacao artificial.";F21;21;Acima de R$ 19.000,00 ate R$ 20.000,00;19000;20000.0;0;intervalo_derivado_por_diferenca;256080;4993.25;4993250.0;19498.78944079975;rendimento tributavel anual;rendimento tributavel;"Intervalo derivado por diferenca entre linhas acumuladas consecutivas de Torres; nao e faixa publicada diretamente."
2000;2001;Brasil;R$;R$ 1.000.000;R$ 1,00 anuais;torres_2003_dirpf_2001;"Torres, A. M. Modelos de tributacao otima da renda: o calculo de aliquotas marginais assintoticas para o Brasil no ano de 2000. Dissertacao (Mestrado em Economia), Universidade de Brasilia, Brasilia, 2003; copia textual acessivel como monografia IX Premio Tesouro Nacional 2004.";Brasil. Ministerio da Fazenda. Secretaria da Receita Federal. Coordenacao-Geral de Politica Tributaria. Consolida DIRPF 2001: Consolidacao das Declaracoes do Imposto de Renda das Pessoas Fisicas - 2001. Estatisticas Tributarias 05. Brasilia: Receita Federal, dezembro de 2002.;https://livrozilla.com/doc/1724537/modelo-de-tributa%C3%A7%C3%A3o-%C3%B3tima-da-renda;https://web.archive.org/web/20210609080412id_/http://www.receita.fazenda.gov.br/Publico/estudotributarios/estatisticas/22%20Consolida%20DIRPF%202001.pdf;http://www.receita.fazenda.gov.br/Publico/estudotributarios/estatisticas/22%20Consolida%20DIRPF%202001.pdf;outputs/fontes-pedro-souza-irpf/consolida_dirpf_2001.pdf;outputs/fontes-pedro-souza-irpf/consolida_dirpf_2001_texto_extraido.txt;"A Tabela 4 de Pedro Herculano mapeia o ano-calendario 2000 como Torres (2003), ordenado por RBT e reportando RBT. O anexo de Torres traz dados acumulados por corte de renda tributavel anual: numero de declaracoes acima do corte, valor total da renda tributavel acima do corte em R$ milhoes e renda media em R$ mil. A tabela de intervalos foi derivada por diferenca entre cortes consecutivos; a tabela acumulada preserva a forma publicada. A fonte primaria Consolida DIRPF 2001 foi baixada pelo Wayback Machine e confirma o contexto, ano-calendario 2000 e totais gerais, mas nao traz a distribuicao longa por cortes. Ha pequena diferenca entre o anexo de Torres e o quadro resumo da Receita: Torres soma R$ 276.112,97 milhoes e 13.906.144 declaracoes na linha total, enquanto a Receita informa R$ 276.149,34 milhoes de rendimento tributavel e 13.906.145 declarantes no total geral. A diferenca foi documentada sem harmonizacao artificial.";F22;22;Acima de R$ 20.000,00 ate R$ 25.000,00;20000;25000.0;0;intervalo_derivado_por_diferenca;963647;21493.33;21493330.0;22304.152869256064;rendimento tributavel anual;rendimento tributavel;"Intervalo derivado por diferenca entre linhas acumuladas consecutivas de Torres; nao e faixa publicada diretamente."
2000;2001;Brasil;R$;R$ 1.000.000;R$ 1,00 anuais;torres_2003_dirpf_2001;"Torres, A. M. Modelos de tributacao otima da renda: o calculo de aliquotas marginais assintoticas para o Brasil no ano de 2000. Dissertacao (Mestrado em Economia), Universidade de Brasilia, Brasilia, 2003; copia textual acessivel como monografia IX Premio Tesouro Nacional 2004.";Brasil. Ministerio da Fazenda. Secretaria da Receita Federal. Coordenacao-Geral de Politica Tributaria. Consolida DIRPF 2001: Consolidacao das Declaracoes do Imposto de Renda das Pessoas Fisicas - 2001. Estatisticas Tributarias 05. Brasilia: Receita Federal, dezembro de 2002.;https://livrozilla.com/doc/1724537/modelo-de-tributa%C3%A7%C3%A3o-%C3%B3tima-da-renda;https://web.archive.org/web/20210609080412id_/http://www.receita.fazenda.gov.br/Publico/estudotributarios/estatisticas/22%20Consolida%20DIRPF%202001.pdf;http://www.receita.fazenda.gov.br/Publico/estudotributarios/estatisticas/22%20Consolida%20DIRPF%202001.pdf;outputs/fontes-pedro-souza-irpf/consolida_dirpf_2001.pdf;outputs/fontes-pedro-souza-irpf/consolida_dirpf_2001_texto_extraido.txt;"A Tabela 4 de Pedro Herculano mapeia o ano-calendario 2000 como Torres (2003), ordenado por RBT e reportando RBT. O anexo de Torres traz dados acumulados por corte de renda tributavel anual: numero de declaracoes acima do corte, valor total da renda tributavel acima do corte em R$ milhoes e renda media em R$ mil. A tabela de intervalos foi derivada por diferenca entre cortes consecutivos; a tabela acumulada preserva a forma publicada. A fonte primaria Consolida DIRPF 2001 foi baixada pelo Wayback Machine e confirma o contexto, ano-calendario 2000 e totais gerais, mas nao traz a distribuicao longa por cortes. Ha pequena diferenca entre o anexo de Torres e o quadro resumo da Receita: Torres soma R$ 276.112,97 milhoes e 13.906.144 declaracoes na linha total, enquanto a Receita informa R$ 276.149,34 milhoes de rendimento tributavel e 13.906.145 declarantes no total geral. A diferenca foi documentada sem harmonizacao artificial.";F23;23;Acima de R$ 25.000,00 ate R$ 30.000,00;25000;30000.0;0;intervalo_derivado_por_diferenca;636869;17434.52;17434520.0;27375.362908227595;rendimento tributavel anual;rendimento tributavel;"Intervalo derivado por diferenca entre linhas acumuladas consecutivas de Torres; nao e faixa publicada diretamente."
2000;2001;Brasil;R$;R$ 1.000.000;R$ 1,00 anuais;torres_2003_dirpf_2001;"Torres, A. M. Modelos de tributacao otima da renda: o calculo de aliquotas marginais assintoticas para o Brasil no ano de 2000. Dissertacao (Mestrado em Economia), Universidade de Brasilia, Brasilia, 2003; copia textual acessivel como monografia IX Premio Tesouro Nacional 2004.";Brasil. Ministerio da Fazenda. Secretaria da Receita Federal. Coordenacao-Geral de Politica Tributaria. Consolida DIRPF 2001: Consolidacao das Declaracoes do Imposto de Renda das Pessoas Fisicas - 2001. Estatisticas Tributarias 05. Brasilia: Receita Federal, dezembro de 2002.;https://livrozilla.com/doc/1724537/modelo-de-tributa%C3%A7%C3%A3o-%C3%B3tima-da-renda;https://web.archive.org/web/20210609080412id_/http://www.receita.fazenda.gov.br/Publico/estudotributarios/estatisticas/22%20Consolida%20DIRPF%202001.pdf;http://www.receita.fazenda.gov.br/Publico/estudotributarios/estatisticas/22%20Consolida%20DIRPF%202001.pdf;outputs/fontes-pedro-souza-irpf/consolida_dirpf_2001.pdf;outputs/fontes-pedro-souza-irpf/consolida_dirpf_2001_texto_extraido.txt;"A Tabela 4 de Pedro Herculano mapeia o ano-calendario 2000 como Torres (2003), ordenado por RBT e reportando RBT. O anexo de Torres traz dados acumulados por corte de renda tributavel anual: numero de declaracoes acima do corte, valor total da renda tributavel acima do corte em R$ milhoes e renda media em R$ mil. A tabela de intervalos foi derivada por diferenca entre cortes consecutivos; a tabela acumulada preserva a forma publicada. A fonte primaria Consolida DIRPF 2001 foi baixada pelo Wayback Machine e confirma o contexto, ano-calendario 2000 e totais gerais, mas nao traz a distribuicao longa por cortes. Ha pequena diferenca entre o anexo de Torres e o quadro resumo da Receita: Torres soma R$ 276.112,97 milhoes e 13.906.144 declaracoes na linha total, enquanto a Receita informa R$ 276.149,34 milhoes de rendimento tributavel e 13.906.145 declarantes no total geral. A diferenca foi documentada sem harmonizacao artificial.";F24;24;Acima de R$ 30.000,00 ate R$ 40.000,00;30000;40000.0;0;intervalo_derivado_por_diferenca;777229;26825.91;26825910.0;34514.8083769391;rendimento tributavel anual;rendimento tributavel;"Intervalo derivado por diferenca entre linhas acumuladas consecutivas de Torres; nao e faixa publicada diretamente."
2000;2001;Brasil;R$;R$ 1.000.000;R$ 1,00 anuais;torres_2003_dirpf_2001;"Torres, A. M. Modelos de tributacao otima da renda: o calculo de aliquotas marginais assintoticas para o Brasil no ano de 2000. Dissertacao (Mestrado em Economia), Universidade de Brasilia, Brasilia, 2003; copia textual acessivel como monografia IX Premio Tesouro Nacional 2004.";Brasil. Ministerio da Fazenda. Secretaria da Receita Federal. Coordenacao-Geral de Politica Tributaria. Consolida DIRPF 2001: Consolidacao das Declaracoes do Imposto de Renda das Pessoas Fisicas - 2001. Estatisticas Tributarias 05. Brasilia: Receita Federal, dezembro de 2002.;https://livrozilla.com/doc/1724537/modelo-de-tributa%C3%A7%C3%A3o-%C3%B3tima-da-renda;https://web.archive.org/web/20210609080412id_/http://www.receita.fazenda.gov.br/Publico/estudotributarios/estatisticas/22%20Consolida%20DIRPF%202001.pdf;http://www.receita.fazenda.gov.br/Publico/estudotributarios/estatisticas/22%20Consolida%20DIRPF%202001.pdf;outputs/fontes-pedro-souza-irpf/consolida_dirpf_2001.pdf;outputs/fontes-pedro-souza-irpf/consolida_dirpf_2001_texto_extraido.txt;"A Tabela 4 de Pedro Herculano mapeia o ano-calendario 2000 como Torres (2003), ordenado por RBT e reportando RBT. O anexo de Torres traz dados acumulados por corte de renda tributavel anual: numero de declaracoes acima do corte, valor total da renda tributavel acima do corte em R$ milhoes e renda media em R$ mil. A tabela de intervalos foi derivada por diferenca entre cortes consecutivos; a tabela acumulada preserva a forma publicada. A fonte primaria Consolida DIRPF 2001 foi baixada pelo Wayback Machine e confirma o contexto, ano-calendario 2000 e totais gerais, mas nao traz a distribuicao longa por cortes. Ha pequena diferenca entre o anexo de Torres e o quadro resumo da Receita: Torres soma R$ 276.112,97 milhoes e 13.906.144 declaracoes na linha total, enquanto a Receita informa R$ 276.149,34 milhoes de rendimento tributavel e 13.906.145 declarantes no total geral. A diferenca foi documentada sem harmonizacao artificial.";F25;25;Acima de R$ 40.000,00 ate R$ 50.000,00;40000;50000.0;0;intervalo_derivado_por_diferenca;446278;19911.01;19911010.0;44615.71038679926;rendimento tributavel anual;rendimento tributavel;"Intervalo derivado por diferenca entre linhas acumuladas consecutivas de Torres; nao e faixa publicada diretamente."
2000;2001;Brasil;R$;R$ 1.000.000;R$ 1,00 anuais;torres_2003_dirpf_2001;"Torres, A. M. Modelos de tributacao otima da renda: o calculo de aliquotas marginais assintoticas para o Brasil no ano de 2000. Dissertacao (Mestrado em Economia), Universidade de Brasilia, Brasilia, 2003; copia textual acessivel como monografia IX Premio Tesouro Nacional 2004.";Brasil. Ministerio da Fazenda. Secretaria da Receita Federal. Coordenacao-Geral de Politica Tributaria. Consolida DIRPF 2001: Consolidacao das Declaracoes do Imposto de Renda das Pessoas Fisicas - 2001. Estatisticas Tributarias 05. Brasilia: Receita Federal, dezembro de 2002.;https://livrozilla.com/doc/1724537/modelo-de-tributa%C3%A7%C3%A3o-%C3%B3tima-da-renda;https://web.archive.org/web/20210609080412id_/http://www.receita.fazenda.gov.br/Publico/estudotributarios/estatisticas/22%20Consolida%20DIRPF%202001.pdf;http://www.receita.fazenda.gov.br/Publico/estudotributarios/estatisticas/22%20Consolida%20DIRPF%202001.pdf;outputs/fontes-pedro-souza-irpf/consolida_dirpf_2001.pdf;outputs/fontes-pedro-souza-irpf/consolida_dirpf_2001_texto_extraido.txt;"A Tabela 4 de Pedro Herculano mapeia o ano-calendario 2000 como Torres (2003), ordenado por RBT e reportando RBT. O anexo de Torres traz dados acumulados por corte de renda tributavel anual: numero de declaracoes acima do corte, valor total da renda tributavel acima do corte em R$ milhoes e renda media em R$ mil. A tabela de intervalos foi derivada por diferenca entre cortes consecutivos; a tabela acumulada preserva a forma publicada. A fonte primaria Consolida DIRPF 2001 foi baixada pelo Wayback Machine e confirma o contexto, ano-calendario 2000 e totais gerais, mas nao traz a distribuicao longa por cortes. Ha pequena diferenca entre o anexo de Torres e o quadro resumo da Receita: Torres soma R$ 276.112,97 milhoes e 13.906.144 declaracoes na linha total, enquanto a Receita informa R$ 276.149,34 milhoes de rendimento tributavel e 13.906.145 declarantes no total geral. A diferenca foi documentada sem harmonizacao artificial.";F26;26;Acima de R$ 50.000,00 ate R$ 75.000,00;50000;75000.0;0;intervalo_derivado_por_diferenca;539839;32643.22;32643220.0;60468.43595961018;rendimento tributavel anual;rendimento tributavel;"Intervalo derivado por diferenca entre linhas acumuladas consecutivas de Torres; nao e faixa publicada diretamente."
2000;2001;Brasil;R$;R$ 1.000.000;R$ 1,00 anuais;torres_2003_dirpf_2001;"Torres, A. M. Modelos de tributacao otima da renda: o calculo de aliquotas marginais assintoticas para o Brasil no ano de 2000. Dissertacao (Mestrado em Economia), Universidade de Brasilia, Brasilia, 2003; copia textual acessivel como monografia IX Premio Tesouro Nacional 2004.";Brasil. Ministerio da Fazenda. Secretaria da Receita Federal. Coordenacao-Geral de Politica Tributaria. Consolida DIRPF 2001: Consolidacao das Declaracoes do Imposto de Renda das Pessoas Fisicas - 2001. Estatisticas Tributarias 05. Brasilia: Receita Federal, dezembro de 2002.;https://livrozilla.com/doc/1724537/modelo-de-tributa%C3%A7%C3%A3o-%C3%B3tima-da-renda;https://web.archive.org/web/20210609080412id_/http://www.receita.fazenda.gov.br/Publico/estudotributarios/estatisticas/22%20Consolida%20DIRPF%202001.pdf;http://www.receita.fazenda.gov.br/Publico/estudotributarios/estatisticas/22%20Consolida%20DIRPF%202001.pdf;outputs/fontes-pedro-souza-irpf/consolida_dirpf_2001.pdf;outputs/fontes-pedro-souza-irpf/consolida_dirpf_2001_texto_extraido.txt;"A Tabela 4 de Pedro Herculano mapeia o ano-calendario 2000 como Torres (2003), ordenado por RBT e reportando RBT. O anexo de Torres traz dados acumulados por corte de renda tributavel anual: numero de declaracoes acima do corte, valor total da renda tributavel acima do corte em R$ milhoes e renda media em R$ mil. A tabela de intervalos foi derivada por diferenca entre cortes consecutivos; a tabela acumulada preserva a forma publicada. A fonte primaria Consolida DIRPF 2001 foi baixada pelo Wayback Machine e confirma o contexto, ano-calendario 2000 e totais gerais, mas nao traz a distribuicao longa por cortes. Ha pequena diferenca entre o anexo de Torres e o quadro resumo da Receita: Torres soma R$ 276.112,97 milhoes e 13.906.144 declaracoes na linha total, enquanto a Receita informa R$ 276.149,34 milhoes de rendimento tributavel e 13.906.145 declarantes no total geral. A diferenca foi documentada sem harmonizacao artificial.";F27;27;Acima de R$ 75.000,00 ate R$ 100.000,00;75000;100000.0;0;intervalo_derivado_por_diferenca;223638;19202.76;19202760.0;85865.37171679232;rendimento tributavel anual;rendimento tributavel;"Intervalo derivado por diferenca entre linhas acumuladas consecutivas de Torres; nao e faixa publicada diretamente."
2000;2001;Brasil;R$;R$ 1.000.000;R$ 1,00 anuais;torres_2003_dirpf_2001;"Torres, A. M. Modelos de tributacao otima da renda: o calculo de aliquotas marginais assintoticas para o Brasil no ano de 2000. Dissertacao (Mestrado em Economia), Universidade de Brasilia, Brasilia, 2003; copia textual acessivel como monografia IX Premio Tesouro Nacional 2004.";Brasil. Ministerio da Fazenda. Secretaria da Receita Federal. Coordenacao-Geral de Politica Tributaria. Consolida DIRPF 2001: Consolidacao das Declaracoes do Imposto de Renda das Pessoas Fisicas - 2001. Estatisticas Tributarias 05. Brasilia: Receita Federal, dezembro de 2002.;https://livrozilla.com/doc/1724537/modelo-de-tributa%C3%A7%C3%A3o-%C3%B3tima-da-renda;https://web.archive.org/web/20210609080412id_/http://www.receita.fazenda.gov.br/Publico/estudotributarios/estatisticas/22%20Consolida%20DIRPF%202001.pdf;http://www.receita.fazenda.gov.br/Publico/estudotributarios/estatisticas/22%20Consolida%20DIRPF%202001.pdf;outputs/fontes-pedro-souza-irpf/consolida_dirpf_2001.pdf;outputs/fontes-pedro-souza-irpf/consolida_dirpf_2001_texto_extraido.txt;"A Tabela 4 de Pedro Herculano mapeia o ano-calendario 2000 como Torres (2003), ordenado por RBT e reportando RBT. O anexo de Torres traz dados acumulados por corte de renda tributavel anual: numero de declaracoes acima do corte, valor total da renda tributavel acima do corte em R$ milhoes e renda media em R$ mil. A tabela de intervalos foi derivada por diferenca entre cortes consecutivos; a tabela acumulada preserva a forma publicada. A fonte primaria Consolida DIRPF 2001 foi baixada pelo Wayback Machine e confirma o contexto, ano-calendario 2000 e totais gerais, mas nao traz a distribuicao longa por cortes. Ha pequena diferenca entre o anexo de Torres e o quadro resumo da Receita: Torres soma R$ 276.112,97 milhoes e 13.906.144 declaracoes na linha total, enquanto a Receita informa R$ 276.149,34 milhoes de rendimento tributavel e 13.906.145 declarantes no total geral. A diferenca foi documentada sem harmonizacao artificial.";F28;28;Acima de R$ 100.000,00 ate R$ 125.000,00;100000;125000.0;0;intervalo_derivado_por_diferenca;106143;11783.67;11783670.0;111016.92999067296;rendimento tributavel anual;rendimento tributavel;"Intervalo derivado por diferenca entre linhas acumuladas consecutivas de Torres; nao e faixa publicada diretamente."
2000;2001;Brasil;R$;R$ 1.000.000;R$ 1,00 anuais;torres_2003_dirpf_2001;"Torres, A. M. Modelos de tributacao otima da renda: o calculo de aliquotas marginais assintoticas para o Brasil no ano de 2000. Dissertacao (Mestrado em Economia), Universidade de Brasilia, Brasilia, 2003; copia textual acessivel como monografia IX Premio Tesouro Nacional 2004.";Brasil. Ministerio da Fazenda. Secretaria da Receita Federal. Coordenacao-Geral de Politica Tributaria. Consolida DIRPF 2001: Consolidacao das Declaracoes do Imposto de Renda das Pessoas Fisicas - 2001. Estatisticas Tributarias 05. Brasilia: Receita Federal, dezembro de 2002.;https://livrozilla.com/doc/1724537/modelo-de-tributa%C3%A7%C3%A3o-%C3%B3tima-da-renda;https://web.archive.org/web/20210609080412id_/http://www.receita.fazenda.gov.br/Publico/estudotributarios/estatisticas/22%20Consolida%20DIRPF%202001.pdf;http://www.receita.fazenda.gov.br/Publico/estudotributarios/estatisticas/22%20Consolida%20DIRPF%202001.pdf;outputs/fontes-pedro-souza-irpf/consolida_dirpf_2001.pdf;outputs/fontes-pedro-souza-irpf/consolida_dirpf_2001_texto_extraido.txt;"A Tabela 4 de Pedro Herculano mapeia o ano-calendario 2000 como Torres (2003), ordenado por RBT e reportando RBT. O anexo de Torres traz dados acumulados por corte de renda tributavel anual: numero de declaracoes acima do corte, valor total da renda tributavel acima do corte em R$ milhoes e renda media em R$ mil. A tabela de intervalos foi derivada por diferenca entre cortes consecutivos; a tabela acumulada preserva a forma publicada. A fonte primaria Consolida DIRPF 2001 foi baixada pelo Wayback Machine e confirma o contexto, ano-calendario 2000 e totais gerais, mas nao traz a distribuicao longa por cortes. Ha pequena diferenca entre o anexo de Torres e o quadro resumo da Receita: Torres soma R$ 276.112,97 milhoes e 13.906.144 declaracoes na linha total, enquanto a Receita informa R$ 276.149,34 milhoes de rendimento tributavel e 13.906.145 declarantes no total geral. A diferenca foi documentada sem harmonizacao artificial.";F29;29;Acima de R$ 125.000,00 ate R$ 150.000,00;125000;150000.0;0;intervalo_derivado_por_diferenca;54259;7393.9;7393900.0;136270.48047328554;rendimento tributavel anual;rendimento tributavel;"Intervalo derivado por diferenca entre linhas acumuladas consecutivas de Torres; nao e faixa publicada diretamente."
2000;2001;Brasil;R$;R$ 1.000.000;R$ 1,00 anuais;torres_2003_dirpf_2001;"Torres, A. M. Modelos de tributacao otima da renda: o calculo de aliquotas marginais assintoticas para o Brasil no ano de 2000. Dissertacao (Mestrado em Economia), Universidade de Brasilia, Brasilia, 2003; copia textual acessivel como monografia IX Premio Tesouro Nacional 2004.";Brasil. Ministerio da Fazenda. Secretaria da Receita Federal. Coordenacao-Geral de Politica Tributaria. Consolida DIRPF 2001: Consolidacao das Declaracoes do Imposto de Renda das Pessoas Fisicas - 2001. Estatisticas Tributarias 05. Brasilia: Receita Federal, dezembro de 2002.;https://livrozilla.com/doc/1724537/modelo-de-tributa%C3%A7%C3%A3o-%C3%B3tima-da-renda;https://web.archive.org/web/20210609080412id_/http://www.receita.fazenda.gov.br/Publico/estudotributarios/estatisticas/22%20Consolida%20DIRPF%202001.pdf;http://www.receita.fazenda.gov.br/Publico/estudotributarios/estatisticas/22%20Consolida%20DIRPF%202001.pdf;outputs/fontes-pedro-souza-irpf/consolida_dirpf_2001.pdf;outputs/fontes-pedro-souza-irpf/consolida_dirpf_2001_texto_extraido.txt;"A Tabela 4 de Pedro Herculano mapeia o ano-calendario 2000 como Torres (2003), ordenado por RBT e reportando RBT. O anexo de Torres traz dados acumulados por corte de renda tributavel anual: numero de declaracoes acima do corte, valor total da renda tributavel acima do corte em R$ milhoes e renda media em R$ mil. A tabela de intervalos foi derivada por diferenca entre cortes consecutivos; a tabela acumulada preserva a forma publicada. A fonte primaria Consolida DIRPF 2001 foi baixada pelo Wayback Machine e confirma o contexto, ano-calendario 2000 e totais gerais, mas nao traz a distribuicao longa por cortes. Ha pequena diferenca entre o anexo de Torres e o quadro resumo da Receita: Torres soma R$ 276.112,97 milhoes e 13.906.144 declaracoes na linha total, enquanto a Receita informa R$ 276.149,34 milhoes de rendimento tributavel e 13.906.145 declarantes no total geral. A diferenca foi documentada sem harmonizacao artificial.";F30;30;Acima de R$ 150.000,00 ate R$ 200.000,00;150000;200000.0;0;intervalo_derivado_por_diferenca;45642;7755.8;7755800.0;169926.8217869506;rendimento tributavel anual;rendimento tributavel;"Intervalo derivado por diferenca entre linhas acumuladas consecutivas de Torres; nao e faixa publicada diretamente."
2000;2001;Brasil;R$;R$ 1.000.000;R$ 1,00 anuais;torres_2003_dirpf_2001;"Torres, A. M. Modelos de tributacao otima da renda: o calculo de aliquotas marginais assintoticas para o Brasil no ano de 2000. Dissertacao (Mestrado em Economia), Universidade de Brasilia, Brasilia, 2003; copia textual acessivel como monografia IX Premio Tesouro Nacional 2004.";Brasil. Ministerio da Fazenda. Secretaria da Receita Federal. Coordenacao-Geral de Politica Tributaria. Consolida DIRPF 2001: Consolidacao das Declaracoes do Imposto de Renda das Pessoas Fisicas - 2001. Estatisticas Tributarias 05. Brasilia: Receita Federal, dezembro de 2002.;https://livrozilla.com/doc/1724537/modelo-de-tributa%C3%A7%C3%A3o-%C3%B3tima-da-renda;https://web.archive.org/web/20210609080412id_/http://www.receita.fazenda.gov.br/Publico/estudotributarios/estatisticas/22%20Consolida%20DIRPF%202001.pdf;http://www.receita.fazenda.gov.br/Publico/estudotributarios/estatisticas/22%20Consolida%20DIRPF%202001.pdf;outputs/fontes-pedro-souza-irpf/consolida_dirpf_2001.pdf;outputs/fontes-pedro-souza-irpf/consolida_dirpf_2001_texto_extraido.txt;"A Tabela 4 de Pedro Herculano mapeia o ano-calendario 2000 como Torres (2003), ordenado por RBT e reportando RBT. O anexo de Torres traz dados acumulados por corte de renda tributavel anual: numero de declaracoes acima do corte, valor total da renda tributavel acima do corte em R$ milhoes e renda media em R$ mil. A tabela de intervalos foi derivada por diferenca entre cortes consecutivos; a tabela acumulada preserva a forma publicada. A fonte primaria Consolida DIRPF 2001 foi baixada pelo Wayback Machine e confirma o contexto, ano-calendario 2000 e totais gerais, mas nao traz a distribuicao longa por cortes. Ha pequena diferenca entre o anexo de Torres e o quadro resumo da Receita: Torres soma R$ 276.112,97 milhoes e 13.906.144 declaracoes na linha total, enquanto a Receita informa R$ 276.149,34 milhoes de rendimento tributavel e 13.906.145 declarantes no total geral. A diferenca foi documentada sem harmonizacao artificial.";F31;31;Acima de R$ 200.000,00 ate R$ 250.000,00;200000;250000.0;0;intervalo_derivado_por_diferenca;15934;3526.91;3526910.0;221344.92280657712;rendimento tributavel anual;rendimento tributavel;"Intervalo derivado por diferenca entre linhas acumuladas consecutivas de Torres; nao e faixa publicada diretamente."
2000;2001;Brasil;R$;R$ 1.000.000;R$ 1,00 anuais;torres_2003_dirpf_2001;"Torres, A. M. Modelos de tributacao otima da renda: o calculo de aliquotas marginais assintoticas para o Brasil no ano de 2000. Dissertacao (Mestrado em Economia), Universidade de Brasilia, Brasilia, 2003; copia textual acessivel como monografia IX Premio Tesouro Nacional 2004.";Brasil. Ministerio da Fazenda. Secretaria da Receita Federal. Coordenacao-Geral de Politica Tributaria. Consolida DIRPF 2001: Consolidacao das Declaracoes do Imposto de Renda das Pessoas Fisicas - 2001. Estatisticas Tributarias 05. Brasilia: Receita Federal, dezembro de 2002.;https://livrozilla.com/doc/1724537/modelo-de-tributa%C3%A7%C3%A3o-%C3%B3tima-da-renda;https://web.archive.org/web/20210609080412id_/http://www.receita.fazenda.gov.br/Publico/estudotributarios/estatisticas/22%20Consolida%20DIRPF%202001.pdf;http://www.receita.fazenda.gov.br/Publico/estudotributarios/estatisticas/22%20Consolida%20DIRPF%202001.pdf;outputs/fontes-pedro-souza-irpf/consolida_dirpf_2001.pdf;outputs/fontes-pedro-souza-irpf/consolida_dirpf_2001_texto_extraido.txt;"A Tabela 4 de Pedro Herculano mapeia o ano-calendario 2000 como Torres (2003), ordenado por RBT e reportando RBT. O anexo de Torres traz dados acumulados por corte de renda tributavel anual: numero de declaracoes acima do corte, valor total da renda tributavel acima do corte em R$ milhoes e renda media em R$ mil. A tabela de intervalos foi derivada por diferenca entre cortes consecutivos; a tabela acumulada preserva a forma publicada. A fonte primaria Consolida DIRPF 2001 foi baixada pelo Wayback Machine e confirma o contexto, ano-calendario 2000 e totais gerais, mas nao traz a distribuicao longa por cortes. Ha pequena diferenca entre o anexo de Torres e o quadro resumo da Receita: Torres soma R$ 276.112,97 milhoes e 13.906.144 declaracoes na linha total, enquanto a Receita informa R$ 276.149,34 milhoes de rendimento tributavel e 13.906.145 declarantes no total geral. A diferenca foi documentada sem harmonizacao artificial.";F32;32;Acima de R$ 250.000,00 ate R$ 300.000,00;250000;300000.0;0;intervalo_derivado_por_diferenca;7513;2044.7;2044700.0;272154.9314521496;rendimento tributavel anual;rendimento tributavel;"Intervalo derivado por diferenca entre linhas acumuladas consecutivas de Torres; nao e faixa publicada diretamente."
2000;2001;Brasil;R$;R$ 1.000.000;R$ 1,00 anuais;torres_2003_dirpf_2001;"Torres, A. M. Modelos de tributacao otima da renda: o calculo de aliquotas marginais assintoticas para o Brasil no ano de 2000. Dissertacao (Mestrado em Economia), Universidade de Brasilia, Brasilia, 2003; copia textual acessivel como monografia IX Premio Tesouro Nacional 2004.";Brasil. Ministerio da Fazenda. Secretaria da Receita Federal. Coordenacao-Geral de Politica Tributaria. Consolida DIRPF 2001: Consolidacao das Declaracoes do Imposto de Renda das Pessoas Fisicas - 2001. Estatisticas Tributarias 05. Brasilia: Receita Federal, dezembro de 2002.;https://livrozilla.com/doc/1724537/modelo-de-tributa%C3%A7%C3%A3o-%C3%B3tima-da-renda;https://web.archive.org/web/20210609080412id_/http://www.receita.fazenda.gov.br/Publico/estudotributarios/estatisticas/22%20Consolida%20DIRPF%202001.pdf;http://www.receita.fazenda.gov.br/Publico/estudotributarios/estatisticas/22%20Consolida%20DIRPF%202001.pdf;outputs/fontes-pedro-souza-irpf/consolida_dirpf_2001.pdf;outputs/fontes-pedro-souza-irpf/consolida_dirpf_2001_texto_extraido.txt;"A Tabela 4 de Pedro Herculano mapeia o ano-calendario 2000 como Torres (2003), ordenado por RBT e reportando RBT. O anexo de Torres traz dados acumulados por corte de renda tributavel anual: numero de declaracoes acima do corte, valor total da renda tributavel acima do corte em R$ milhoes e renda media em R$ mil. A tabela de intervalos foi derivada por diferenca entre cortes consecutivos; a tabela acumulada preserva a forma publicada. A fonte primaria Consolida DIRPF 2001 foi baixada pelo Wayback Machine e confirma o contexto, ano-calendario 2000 e totais gerais, mas nao traz a distribuicao longa por cortes. Ha pequena diferenca entre o anexo de Torres e o quadro resumo da Receita: Torres soma R$ 276.112,97 milhoes e 13.906.144 declaracoes na linha total, enquanto a Receita informa R$ 276.149,34 milhoes de rendimento tributavel e 13.906.145 declarantes no total geral. A diferenca foi documentada sem harmonizacao artificial.";F33;33;Acima de R$ 300.000,00 ate R$ 400.000,00;300000;400000.0;0;intervalo_derivado_por_diferenca;6488;2219.56;2219560.0;342102.3427866831;rendimento tributavel anual;rendimento tributavel;"Intervalo derivado por diferenca entre linhas acumuladas consecutivas de Torres; nao e faixa publicada diretamente."
2000;2001;Brasil;R$;R$ 1.000.000;R$ 1,00 anuais;torres_2003_dirpf_2001;"Torres, A. M. Modelos de tributacao otima da renda: o calculo de aliquotas marginais assintoticas para o Brasil no ano de 2000. Dissertacao (Mestrado em Economia), Universidade de Brasilia, Brasilia, 2003; copia textual acessivel como monografia IX Premio Tesouro Nacional 2004.";Brasil. Ministerio da Fazenda. Secretaria da Receita Federal. Coordenacao-Geral de Politica Tributaria. Consolida DIRPF 2001: Consolidacao das Declaracoes do Imposto de Renda das Pessoas Fisicas - 2001. Estatisticas Tributarias 05. Brasilia: Receita Federal, dezembro de 2002.;https://livrozilla.com/doc/1724537/modelo-de-tributa%C3%A7%C3%A3o-%C3%B3tima-da-renda;https://web.archive.org/web/20210609080412id_/http://www.receita.fazenda.gov.br/Publico/estudotributarios/estatisticas/22%20Consolida%20DIRPF%202001.pdf;http://www.receita.fazenda.gov.br/Publico/estudotributarios/estatisticas/22%20Consolida%20DIRPF%202001.pdf;outputs/fontes-pedro-souza-irpf/consolida_dirpf_2001.pdf;outputs/fontes-pedro-souza-irpf/consolida_dirpf_2001_texto_extraido.txt;"A Tabela 4 de Pedro Herculano mapeia o ano-calendario 2000 como Torres (2003), ordenado por RBT e reportando RBT. O anexo de Torres traz dados acumulados por corte de renda tributavel anual: numero de declaracoes acima do corte, valor total da renda tributavel acima do corte em R$ milhoes e renda media em R$ mil. A tabela de intervalos foi derivada por diferenca entre cortes consecutivos; a tabela acumulada preserva a forma publicada. A fonte primaria Consolida DIRPF 2001 foi baixada pelo Wayback Machine e confirma o contexto, ano-calendario 2000 e totais gerais, mas nao traz a distribuicao longa por cortes. Ha pequena diferenca entre o anexo de Torres e o quadro resumo da Receita: Torres soma R$ 276.112,97 milhoes e 13.906.144 declaracoes na linha total, enquanto a Receita informa R$ 276.149,34 milhoes de rendimento tributavel e 13.906.145 declarantes no total geral. A diferenca foi documentada sem harmonizacao artificial.";F34;34;Acima de R$ 400.000,00 ate R$ 500.000,00;400000;500000.0;0;intervalo_derivado_por_diferenca;2779;1235.59;1235590.0;444616.7686218064;rendimento tributavel anual;rendimento tributavel;"Intervalo derivado por diferenca entre linhas acumuladas consecutivas de Torres; nao e faixa publicada diretamente."
2000;2001;Brasil;R$;R$ 1.000.000;R$ 1,00 anuais;torres_2003_dirpf_2001;"Torres, A. M. Modelos de tributacao otima da renda: o calculo de aliquotas marginais assintoticas para o Brasil no ano de 2000. Dissertacao (Mestrado em Economia), Universidade de Brasilia, Brasilia, 2003; copia textual acessivel como monografia IX Premio Tesouro Nacional 2004.";Brasil. Ministerio da Fazenda. Secretaria da Receita Federal. Coordenacao-Geral de Politica Tributaria. Consolida DIRPF 2001: Consolidacao das Declaracoes do Imposto de Renda das Pessoas Fisicas - 2001. Estatisticas Tributarias 05. Brasilia: Receita Federal, dezembro de 2002.;https://livrozilla.com/doc/1724537/modelo-de-tributa%C3%A7%C3%A3o-%C3%B3tima-da-renda;https://web.archive.org/web/20210609080412id_/http://www.receita.fazenda.gov.br/Publico/estudotributarios/estatisticas/22%20Consolida%20DIRPF%202001.pdf;http://www.receita.fazenda.gov.br/Publico/estudotributarios/estatisticas/22%20Consolida%20DIRPF%202001.pdf;outputs/fontes-pedro-souza-irpf/consolida_dirpf_2001.pdf;outputs/fontes-pedro-souza-irpf/consolida_dirpf_2001_texto_extraido.txt;"A Tabela 4 de Pedro Herculano mapeia o ano-calendario 2000 como Torres (2003), ordenado por RBT e reportando RBT. O anexo de Torres traz dados acumulados por corte de renda tributavel anual: numero de declaracoes acima do corte, valor total da renda tributavel acima do corte em R$ milhoes e renda media em R$ mil. A tabela de intervalos foi derivada por diferenca entre cortes consecutivos; a tabela acumulada preserva a forma publicada. A fonte primaria Consolida DIRPF 2001 foi baixada pelo Wayback Machine e confirma o contexto, ano-calendario 2000 e totais gerais, mas nao traz a distribuicao longa por cortes. Ha pequena diferenca entre o anexo de Torres e o quadro resumo da Receita: Torres soma R$ 276.112,97 milhoes e 13.906.144 declaracoes na linha total, enquanto a Receita informa R$ 276.149,34 milhoes de rendimento tributavel e 13.906.145 declarantes no total geral. A diferenca foi documentada sem harmonizacao artificial.";F35;35;Acima de R$ 500.000,00 ate R$ 750.000,00;500000;750000.0;0;intervalo_derivado_por_diferenca;2683;1607.7;1607700.0;599217.294073798;rendimento tributavel anual;rendimento tributavel;"Intervalo derivado por diferenca entre linhas acumuladas consecutivas de Torres; nao e faixa publicada diretamente."
2000;2001;Brasil;R$;R$ 1.000.000;R$ 1,00 anuais;torres_2003_dirpf_2001;"Torres, A. M. Modelos de tributacao otima da renda: o calculo de aliquotas marginais assintoticas para o Brasil no ano de 2000. Dissertacao (Mestrado em Economia), Universidade de Brasilia, Brasilia, 2003; copia textual acessivel como monografia IX Premio Tesouro Nacional 2004.";Brasil. Ministerio da Fazenda. Secretaria da Receita Federal. Coordenacao-Geral de Politica Tributaria. Consolida DIRPF 2001: Consolidacao das Declaracoes do Imposto de Renda das Pessoas Fisicas - 2001. Estatisticas Tributarias 05. Brasilia: Receita Federal, dezembro de 2002.;https://livrozilla.com/doc/1724537/modelo-de-tributa%C3%A7%C3%A3o-%C3%B3tima-da-renda;https://web.archive.org/web/20210609080412id_/http://www.receita.fazenda.gov.br/Publico/estudotributarios/estatisticas/22%20Consolida%20DIRPF%202001.pdf;http://www.receita.fazenda.gov.br/Publico/estudotributarios/estatisticas/22%20Consolida%20DIRPF%202001.pdf;outputs/fontes-pedro-souza-irpf/consolida_dirpf_2001.pdf;outputs/fontes-pedro-souza-irpf/consolida_dirpf_2001_texto_extraido.txt;"A Tabela 4 de Pedro Herculano mapeia o ano-calendario 2000 como Torres (2003), ordenado por RBT e reportando RBT. O anexo de Torres traz dados acumulados por corte de renda tributavel anual: numero de declaracoes acima do corte, valor total da renda tributavel acima do corte em R$ milhoes e renda media em R$ mil. A tabela de intervalos foi derivada por diferenca entre cortes consecutivos; a tabela acumulada preserva a forma publicada. A fonte primaria Consolida DIRPF 2001 foi baixada pelo Wayback Machine e confirma o contexto, ano-calendario 2000 e totais gerais, mas nao traz a distribuicao longa por cortes. Ha pequena diferenca entre o anexo de Torres e o quadro resumo da Receita: Torres soma R$ 276.112,97 milhoes e 13.906.144 declaracoes na linha total, enquanto a Receita informa R$ 276.149,34 milhoes de rendimento tributavel e 13.906.145 declarantes no total geral. A diferenca foi documentada sem harmonizacao artificial.";F36;36;Acima de R$ 750.000,00 ate R$ 1.000.000,00;750000;1000000.0;0;intervalo_derivado_por_diferenca;1039;898.58;898580.0;864850.8180943214;rendimento tributavel anual;rendimento tributavel;"Intervalo derivado por diferenca entre linhas acumuladas consecutivas de Torres; nao e faixa publicada diretamente."
2000;2001;Brasil;R$;R$ 1.000.000;R$ 1,00 anuais;torres_2003_dirpf_2001;"Torres, A. M. Modelos de tributacao otima da renda: o calculo de aliquotas marginais assintoticas para o Brasil no ano de 2000. Dissertacao (Mestrado em Economia), Universidade de Brasilia, Brasilia, 2003; copia textual acessivel como monografia IX Premio Tesouro Nacional 2004.";Brasil. Ministerio da Fazenda. Secretaria da Receita Federal. Coordenacao-Geral de Politica Tributaria. Consolida DIRPF 2001: Consolidacao das Declaracoes do Imposto de Renda das Pessoas Fisicas - 2001. Estatisticas Tributarias 05. Brasilia: Receita Federal, dezembro de 2002.;https://livrozilla.com/doc/1724537/modelo-de-tributa%C3%A7%C3%A3o-%C3%B3tima-da-renda;https://web.archive.org/web/20210609080412id_/http://www.receita.fazenda.gov.br/Publico/estudotributarios/estatisticas/22%20Consolida%20DIRPF%202001.pdf;http://www.receita.fazenda.gov.br/Publico/estudotributarios/estatisticas/22%20Consolida%20DIRPF%202001.pdf;outputs/fontes-pedro-souza-irpf/consolida_dirpf_2001.pdf;outputs/fontes-pedro-souza-irpf/consolida_dirpf_2001_texto_extraido.txt;"A Tabela 4 de Pedro Herculano mapeia o ano-calendario 2000 como Torres (2003), ordenado por RBT e reportando RBT. O anexo de Torres traz dados acumulados por corte de renda tributavel anual: numero de declaracoes acima do corte, valor total da renda tributavel acima do corte em R$ milhoes e renda media em R$ mil. A tabela de intervalos foi derivada por diferenca entre cortes consecutivos; a tabela acumulada preserva a forma publicada. A fonte primaria Consolida DIRPF 2001 foi baixada pelo Wayback Machine e confirma o contexto, ano-calendario 2000 e totais gerais, mas nao traz a distribuicao longa por cortes. Ha pequena diferenca entre o anexo de Torres e o quadro resumo da Receita: Torres soma R$ 276.112,97 milhoes e 13.906.144 declaracoes na linha total, enquanto a Receita informa R$ 276.149,34 milhoes de rendimento tributavel e 13.906.145 declarantes no total geral. A diferenca foi documentada sem harmonizacao artificial.";F37;37;Acima de R$ 1.000.000,00 ate R$ 2.500.000,00;1000000;2500000.0;0;intervalo_derivado_por_diferenca;1215;1725.39;1725390.0;1420074.0740740742;rendimento tributavel anual;rendimento tributavel;"Intervalo derivado por diferenca entre linhas acumuladas consecutivas de Torres; nao e faixa publicada diretamente."
2000;2001;Brasil;R$;R$ 1.000.000;R$ 1,00 anuais;torres_2003_dirpf_2001;"Torres, A. M. Modelos de tributacao otima da renda: o calculo de aliquotas marginais assintoticas para o Brasil no ano de 2000. Dissertacao (Mestrado em Economia), Universidade de Brasilia, Brasilia, 2003; copia textual acessivel como monografia IX Premio Tesouro Nacional 2004.";Brasil. Ministerio da Fazenda. Secretaria da Receita Federal. Coordenacao-Geral de Politica Tributaria. Consolida DIRPF 2001: Consolidacao das Declaracoes do Imposto de Renda das Pessoas Fisicas - 2001. Estatisticas Tributarias 05. Brasilia: Receita Federal, dezembro de 2002.;https://livrozilla.com/doc/1724537/modelo-de-tributa%C3%A7%C3%A3o-%C3%B3tima-da-renda;https://web.archive.org/web/20210609080412id_/http://www.receita.fazenda.gov.br/Publico/estudotributarios/estatisticas/22%20Consolida%20DIRPF%202001.pdf;http://www.receita.fazenda.gov.br/Publico/estudotributarios/estatisticas/22%20Consolida%20DIRPF%202001.pdf;outputs/fontes-pedro-souza-irpf/consolida_dirpf_2001.pdf;outputs/fontes-pedro-souza-irpf/consolida_dirpf_2001_texto_extraido.txt;"A Tabela 4 de Pedro Herculano mapeia o ano-calendario 2000 como Torres (2003), ordenado por RBT e reportando RBT. O anexo de Torres traz dados acumulados por corte de renda tributavel anual: numero de declaracoes acima do corte, valor total da renda tributavel acima do corte em R$ milhoes e renda media em R$ mil. A tabela de intervalos foi derivada por diferenca entre cortes consecutivos; a tabela acumulada preserva a forma publicada. A fonte primaria Consolida DIRPF 2001 foi baixada pelo Wayback Machine e confirma o contexto, ano-calendario 2000 e totais gerais, mas nao traz a distribuicao longa por cortes. Ha pequena diferenca entre o anexo de Torres e o quadro resumo da Receita: Torres soma R$ 276.112,97 milhoes e 13.906.144 declaracoes na linha total, enquanto a Receita informa R$ 276.149,34 milhoes de rendimento tributavel e 13.906.145 declarantes no total geral. A diferenca foi documentada sem harmonizacao artificial.";F38;38;Acima de R$ 2.500.000,00 ate R$ 5.000.000,00;2500000;5000000.0;0;intervalo_derivado_por_diferenca;236;788.03;788030.0;3339110.1694915253;rendimento tributavel anual;rendimento tributavel;"Intervalo derivado por diferenca entre linhas acumuladas consecutivas de Torres; nao e faixa publicada diretamente."
2000;2001;Brasil;R$;R$ 1.000.000;R$ 1,00 anuais;torres_2003_dirpf_2001;"Torres, A. M. Modelos de tributacao otima da renda: o calculo de aliquotas marginais assintoticas para o Brasil no ano de 2000. Dissertacao (Mestrado em Economia), Universidade de Brasilia, Brasilia, 2003; copia textual acessivel como monografia IX Premio Tesouro Nacional 2004.";Brasil. Ministerio da Fazenda. Secretaria da Receita Federal. Coordenacao-Geral de Politica Tributaria. Consolida DIRPF 2001: Consolidacao das Declaracoes do Imposto de Renda das Pessoas Fisicas - 2001. Estatisticas Tributarias 05. Brasilia: Receita Federal, dezembro de 2002.;https://livrozilla.com/doc/1724537/modelo-de-tributa%C3%A7%C3%A3o-%C3%B3tima-da-renda;https://web.archive.org/web/20210609080412id_/http://www.receita.fazenda.gov.br/Publico/estudotributarios/estatisticas/22%20Consolida%20DIRPF%202001.pdf;http://www.receita.fazenda.gov.br/Publico/estudotributarios/estatisticas/22%20Consolida%20DIRPF%202001.pdf;outputs/fontes-pedro-souza-irpf/consolida_dirpf_2001.pdf;outputs/fontes-pedro-souza-irpf/consolida_dirpf_2001_texto_extraido.txt;"A Tabela 4 de Pedro Herculano mapeia o ano-calendario 2000 como Torres (2003), ordenado por RBT e reportando RBT. O anexo de Torres traz dados acumulados por corte de renda tributavel anual: numero de declaracoes acima do corte, valor total da renda tributavel acima do corte em R$ milhoes e renda media em R$ mil. A tabela de intervalos foi derivada por diferenca entre cortes consecutivos; a tabela acumulada preserva a forma publicada. A fonte primaria Consolida DIRPF 2001 foi baixada pelo Wayback Machine e confirma o contexto, ano-calendario 2000 e totais gerais, mas nao traz a distribuicao longa por cortes. Ha pequena diferenca entre o anexo de Torres e o quadro resumo da Receita: Torres soma R$ 276.112,97 milhoes e 13.906.144 declaracoes na linha total, enquanto a Receita informa R$ 276.149,34 milhoes de rendimento tributavel e 13.906.145 declarantes no total geral. A diferenca foi documentada sem harmonizacao artificial.";F39;39;Acima de R$ 5.000.000,00 ate R$ 7.500.000,00;5000000;7500000.0;0;intervalo_derivado_por_diferenca;36;216.69;216690.0;6019166.666666667;rendimento tributavel anual;rendimento tributavel;"Intervalo derivado por diferenca entre linhas acumuladas consecutivas de Torres; nao e faixa publicada diretamente."
2000;2001;Brasil;R$;R$ 1.000.000;R$ 1,00 anuais;torres_2003_dirpf_2001;"Torres, A. M. Modelos de tributacao otima da renda: o calculo de aliquotas marginais assintoticas para o Brasil no ano de 2000. Dissertacao (Mestrado em Economia), Universidade de Brasilia, Brasilia, 2003; copia textual acessivel como monografia IX Premio Tesouro Nacional 2004.";Brasil. Ministerio da Fazenda. Secretaria da Receita Federal. Coordenacao-Geral de Politica Tributaria. Consolida DIRPF 2001: Consolidacao das Declaracoes do Imposto de Renda das Pessoas Fisicas - 2001. Estatisticas Tributarias 05. Brasilia: Receita Federal, dezembro de 2002.;https://livrozilla.com/doc/1724537/modelo-de-tributa%C3%A7%C3%A3o-%C3%B3tima-da-renda;https://web.archive.org/web/20210609080412id_/http://www.receita.fazenda.gov.br/Publico/estudotributarios/estatisticas/22%20Consolida%20DIRPF%202001.pdf;http://www.receita.fazenda.gov.br/Publico/estudotributarios/estatisticas/22%20Consolida%20DIRPF%202001.pdf;outputs/fontes-pedro-souza-irpf/consolida_dirpf_2001.pdf;outputs/fontes-pedro-souza-irpf/consolida_dirpf_2001_texto_extraido.txt;"A Tabela 4 de Pedro Herculano mapeia o ano-calendario 2000 como Torres (2003), ordenado por RBT e reportando RBT. O anexo de Torres traz dados acumulados por corte de renda tributavel anual: numero de declaracoes acima do corte, valor total da renda tributavel acima do corte em R$ milhoes e renda media em R$ mil. A tabela de intervalos foi derivada por diferenca entre cortes consecutivos; a tabela acumulada preserva a forma publicada. A fonte primaria Consolida DIRPF 2001 foi baixada pelo Wayback Machine e confirma o contexto, ano-calendario 2000 e totais gerais, mas nao traz a distribuicao longa por cortes. Ha pequena diferenca entre o anexo de Torres e o quadro resumo da Receita: Torres soma R$ 276.112,97 milhoes e 13.906.144 declaracoes na linha total, enquanto a Receita informa R$ 276.149,34 milhoes de rendimento tributavel e 13.906.145 declarantes no total geral. A diferenca foi documentada sem harmonizacao artificial.";F40;40;Acima de R$ 7.500.000,00 ate R$ 10.000.000,00;7500000;10000000.0;0;intervalo_derivado_por_diferenca;18;155.35;155350.0;8630555.555555556;rendimento tributavel anual;rendimento tributavel;"Intervalo derivado por diferenca entre linhas acumuladas consecutivas de Torres; nao e faixa publicada diretamente."
2000;2001;Brasil;R$;R$ 1.000.000;R$ 1,00 anuais;torres_2003_dirpf_2001;"Torres, A. M. Modelos de tributacao otima da renda: o calculo de aliquotas marginais assintoticas para o Brasil no ano de 2000. Dissertacao (Mestrado em Economia), Universidade de Brasilia, Brasilia, 2003; copia textual acessivel como monografia IX Premio Tesouro Nacional 2004.";Brasil. Ministerio da Fazenda. Secretaria da Receita Federal. Coordenacao-Geral de Politica Tributaria. Consolida DIRPF 2001: Consolidacao das Declaracoes do Imposto de Renda das Pessoas Fisicas - 2001. Estatisticas Tributarias 05. Brasilia: Receita Federal, dezembro de 2002.;https://livrozilla.com/doc/1724537/modelo-de-tributa%C3%A7%C3%A3o-%C3%B3tima-da-renda;https://web.archive.org/web/20210609080412id_/http://www.receita.fazenda.gov.br/Publico/estudotributarios/estatisticas/22%20Consolida%20DIRPF%202001.pdf;http://www.receita.fazenda.gov.br/Publico/estudotributarios/estatisticas/22%20Consolida%20DIRPF%202001.pdf;outputs/fontes-pedro-souza-irpf/consolida_dirpf_2001.pdf;outputs/fontes-pedro-souza-irpf/consolida_dirpf_2001_texto_extraido.txt;"A Tabela 4 de Pedro Herculano mapeia o ano-calendario 2000 como Torres (2003), ordenado por RBT e reportando RBT. O anexo de Torres traz dados acumulados por corte de renda tributavel anual: numero de declaracoes acima do corte, valor total da renda tributavel acima do corte em R$ milhoes e renda media em R$ mil. A tabela de intervalos foi derivada por diferenca entre cortes consecutivos; a tabela acumulada preserva a forma publicada. A fonte primaria Consolida DIRPF 2001 foi baixada pelo Wayback Machine e confirma o contexto, ano-calendario 2000 e totais gerais, mas nao traz a distribuicao longa por cortes. Ha pequena diferenca entre o anexo de Torres e o quadro resumo da Receita: Torres soma R$ 276.112,97 milhoes e 13.906.144 declaracoes na linha total, enquanto a Receita informa R$ 276.149,34 milhoes de rendimento tributavel e 13.906.145 declarantes no total geral. A diferenca foi documentada sem harmonizacao artificial.";F41;41;Acima de R$ 10.000.000,00;10000000;;1;intervalo_derivado_por_diferenca;16;261.73;261730.0;16358125.0;rendimento tributavel anual;rendimento tributavel;Topo aberto preservado a partir da ultima linha acumulada de Torres.
