ano_exercicio;ano_calendario_inferido;unidade_geografica;codigo_faixa;ordem_faixa;faixa_renda_liquida_ncr_mil;limite_inferior_ncr_mil;limite_superior_ncr_mil;faixa_topo_aberta;renda_bruta_ncr;renda_bruta_ncr_mil;abatimentos_ncr;abatimentos_ncr_mil;renda_liquida_ncr;renda_liquida_ncr_mil;renda_liquida_media_ncr;imposto_progressivo_ncr;imposto_progressivo_ncr_mil;desconto_na_fonte_ncr;desconto_na_fonte_ncr_mil;contribuintes_total;contribuintes_mulheres_casadas;contribuintes_solteiros_viuvos_desquitados;contribuintes_casados;contribuintes_espolios;contribuintes_subtotal_soma;contribuintes_diferenca_total_menos_subtotal;dependentes;moeda;unidade_monetaria_agregados;unidade_limites_faixa;fonte;url_pdf;arquivo_fonte;arquivo_imagem_tabela;pagina_pdf;pagina_impressa;quadro;observacao
1967;1966;Guanabara;F01;1;0 a 2.13;0.0;2.13;0;58421000;58421.0;46777000;46777.0;11644000;11644.0;765.347706;0;0.0;495000;495.0;15214;224;1839;12871;280;15214;0;;NCr$;NCr$ 1.000;NCr$ 1.000;Brasil. Ministerio da Fazenda. Departamento do Imposto de Renda. Boletim Estatistico, n. 32. [S.l.]: Ministerio da Fazenda, agosto 1968.;;outputs/fontes-pedro-souza-irpf/boletim_estatistico_n32_1968.pdf;outputs/fontes-pedro-souza-irpf/boletim_estatistico_n32_1968_p61_tabela.png;61;29;Tabela sem numero;"Serie regional da Guanabara; nao representa Brasil. Valores monetarios impressos em NCr$ foram convertidos para NCr$ 1.000 nas colunas *_ncr_mil. Dependentes por faixa nao foram transcritos porque os digitos finais da coluna ficam no limite direito do scan; o total geral foi preservado nos totais."
1967;1966;Guanabara;F02;2;2.14 a 2.55;2.14;2.55;0;16461000;16461.0;7486000;7486.0;8975000;8975.0;2349.47644;38315;38.315;169000;169.0;3820;135;1163;2451;71;3820;0;;NCr$;NCr$ 1.000;NCr$ 1.000;Brasil. Ministerio da Fazenda. Departamento do Imposto de Renda. Boletim Estatistico, n. 32. [S.l.]: Ministerio da Fazenda, agosto 1968.;;outputs/fontes-pedro-souza-irpf/boletim_estatistico_n32_1968.pdf;outputs/fontes-pedro-souza-irpf/boletim_estatistico_n32_1968_p61_tabela.png;61;29;Tabela sem numero;"Serie regional da Guanabara; nao representa Brasil. Valores monetarios impressos em NCr$ foram convertidos para NCr$ 1.000 nas colunas *_ncr_mil. Dependentes por faixa nao foram transcritos porque os digitos finais da coluna ficam no limite direito do scan; o total geral foi preservado nos totais."
1967;1966;Guanabara;F03;3;2.56 a 3.40;2.56;3.4;0;40580000;40580.0;16598000;16598.0;23982000;23982.0;2981.352561;300270;300.27;488000;488.0;8044;240;2344;5287;173;8044;0;;NCr$;NCr$ 1.000;NCr$ 1.000;Brasil. Ministerio da Fazenda. Departamento do Imposto de Renda. Boletim Estatistico, n. 32. [S.l.]: Ministerio da Fazenda, agosto 1968.;;outputs/fontes-pedro-souza-irpf/boletim_estatistico_n32_1968.pdf;outputs/fontes-pedro-souza-irpf/boletim_estatistico_n32_1968_p61_tabela.png;61;29;Tabela sem numero;"Serie regional da Guanabara; nao representa Brasil. Valores monetarios impressos em NCr$ foram convertidos para NCr$ 1.000 nas colunas *_ncr_mil. Dependentes por faixa nao foram transcritos porque os digitos finais da coluna ficam no limite direito do scan; o total geral foi preservado nos totais."
1967;1966;Guanabara;F04;4;3.41 a 4.68;3.41;4.68;0;68369000;68369.0;24623000;24623.0;43746000;43746.0;4035.608856;1175957;1175.957;11303000;11303.0;10840;330;3136;7213;161;10840;0;;NCr$;NCr$ 1.000;NCr$ 1.000;Brasil. Ministerio da Fazenda. Departamento do Imposto de Renda. Boletim Estatistico, n. 32. [S.l.]: Ministerio da Fazenda, agosto 1968.;;outputs/fontes-pedro-souza-irpf/boletim_estatistico_n32_1968.pdf;outputs/fontes-pedro-souza-irpf/boletim_estatistico_n32_1968_p61_tabela.png;61;29;Tabela sem numero;"Serie regional da Guanabara; nao representa Brasil. Valores monetarios impressos em NCr$ foram convertidos para NCr$ 1.000 nas colunas *_ncr_mil. Dependentes por faixa nao foram transcritos porque os digitos finais da coluna ficam no limite direito do scan; o total geral foi preservado nos totais."
1967;1966;Guanabara;F05;5;4.69 a 6.81;4.69;6.81;0;123704000;123704.0;39213000;39213.0;84491000;84491.0;5725.48621;4203377;4203.377;3391000;3391.0;14757;407;3614;10570;166;14757;0;;NCr$;NCr$ 1.000;NCr$ 1.000;Brasil. Ministerio da Fazenda. Departamento do Imposto de Renda. Boletim Estatistico, n. 32. [S.l.]: Ministerio da Fazenda, agosto 1968.;;outputs/fontes-pedro-souza-irpf/boletim_estatistico_n32_1968.pdf;outputs/fontes-pedro-souza-irpf/boletim_estatistico_n32_1968_p61_tabela.png;61;29;Tabela sem numero;"Serie regional da Guanabara; nao representa Brasil. Valores monetarios impressos em NCr$ foram convertidos para NCr$ 1.000 nas colunas *_ncr_mil. Dependentes por faixa nao foram transcritos porque os digitos finais da coluna ficam no limite direito do scan; o total geral foi preservado nos totais."
1967;1966;Guanabara;F06;6;6.82 a 9.37;6.82;9.37;0;152307000;152307.0;40451000;40451.0;111856000;111856.0;8044.300611;8504171;8504.171;6155000;6155.0;13905;313;2836;10668;88;13905;0;;NCr$;NCr$ 1.000;NCr$ 1.000;Brasil. Ministerio da Fazenda. Departamento do Imposto de Renda. Boletim Estatistico, n. 32. [S.l.]: Ministerio da Fazenda, agosto 1968.;;outputs/fontes-pedro-souza-irpf/boletim_estatistico_n32_1968.pdf;outputs/fontes-pedro-souza-irpf/boletim_estatistico_n32_1968_p61_tabela.png;61;29;Tabela sem numero;"Serie regional da Guanabara; nao representa Brasil. Valores monetarios impressos em NCr$ foram convertidos para NCr$ 1.000 nas colunas *_ncr_mil. Dependentes por faixa nao foram transcritos porque os digitos finais da coluna ficam no limite direito do scan; o total geral foi preservado nos totais."
1967;1966;Guanabara;F07;7;9.38 a 12.78;9.38;12.78;0;155189000;155189.0;31393000;31393.0;123796000;123796.0;10891.782509;12826889;12826.889;8093000;8093.0;11366;352;2583;8357;74;11366;0;;NCr$;NCr$ 1.000;NCr$ 1.000;Brasil. Ministerio da Fazenda. Departamento do Imposto de Renda. Boletim Estatistico, n. 32. [S.l.]: Ministerio da Fazenda, agosto 1968.;;outputs/fontes-pedro-souza-irpf/boletim_estatistico_n32_1968.pdf;outputs/fontes-pedro-souza-irpf/boletim_estatistico_n32_1968_p61_tabela.png;61;29;Tabela sem numero;"Serie regional da Guanabara; nao representa Brasil. Valores monetarios impressos em NCr$ foram convertidos para NCr$ 1.000 nas colunas *_ncr_mil. Dependentes por faixa nao foram transcritos porque os digitos finais da coluna ficam no limite direito do scan; o total geral foi preservado nos totais."
1967;1966;Guanabara;F08;8;12.79 a 17.04;12.79;17.04;0;108683000;108683.0;18840000;18840.0;89843000;89843.0;14632.410423;12093018;12093.018;36422000;36422.0;6140;212;1246;4638;44;6140;0;;NCr$;NCr$ 1.000;NCr$ 1.000;Brasil. Ministerio da Fazenda. Departamento do Imposto de Renda. Boletim Estatistico, n. 32. [S.l.]: Ministerio da Fazenda, agosto 1968.;;outputs/fontes-pedro-souza-irpf/boletim_estatistico_n32_1968.pdf;outputs/fontes-pedro-souza-irpf/boletim_estatistico_n32_1968_p61_tabela.png;61;29;Tabela sem numero;"Serie regional da Guanabara; nao representa Brasil. Valores monetarios impressos em NCr$ foram convertidos para NCr$ 1.000 nas colunas *_ncr_mil. Dependentes por faixa nao foram transcritos porque os digitos finais da coluna ficam no limite direito do scan; o total geral foi preservado nos totais."
1967;1966;Guanabara;F09;9;17.05 a 25.56;17.05;25.56;0;94610000;94610.0;14862000;14862.0;79748000;79748.0;20458.696768;14018533;14018.533;55963000;55963.0;3898;94;636;3143;25;3898;0;;NCr$;NCr$ 1.000;NCr$ 1.000;Brasil. Ministerio da Fazenda. Departamento do Imposto de Renda. Boletim Estatistico, n. 32. [S.l.]: Ministerio da Fazenda, agosto 1968.;;outputs/fontes-pedro-souza-irpf/boletim_estatistico_n32_1968.pdf;outputs/fontes-pedro-souza-irpf/boletim_estatistico_n32_1968_p61_tabela.png;61;29;Tabela sem numero;"Serie regional da Guanabara; nao representa Brasil. Valores monetarios impressos em NCr$ foram convertidos para NCr$ 1.000 nas colunas *_ncr_mil. Dependentes por faixa nao foram transcritos porque os digitos finais da coluna ficam no limite direito do scan; o total geral foi preservado nos totais."
1967;1966;Guanabara;F10;10;25.57 a 34.08;25.57;34.08;0;41036000;41036.0;5473000;5473.0;35563000;35563.0;29245.888158;7802619;7802.619;2766000;2766.0;1216;19;211;971;15;1216;0;;NCr$;NCr$ 1.000;NCr$ 1.000;Brasil. Ministerio da Fazenda. Departamento do Imposto de Renda. Boletim Estatistico, n. 32. [S.l.]: Ministerio da Fazenda, agosto 1968.;;outputs/fontes-pedro-souza-irpf/boletim_estatistico_n32_1968.pdf;outputs/fontes-pedro-souza-irpf/boletim_estatistico_n32_1968_p61_tabela.png;61;29;Tabela sem numero;"Serie regional da Guanabara; nao representa Brasil. Valores monetarios impressos em NCr$ foram convertidos para NCr$ 1.000 nas colunas *_ncr_mil. Dependentes por faixa nao foram transcritos porque os digitos finais da coluna ficam no limite direito do scan; o total geral foi preservado nos totais."
1967;1966;Guanabara;F11;11;34.09 a 51.12;34.09;51.12;0;35517000;35517.0;4074000;4074.0;31443000;31443.0;40467.181467;8285126;8285.126;2306000;2306.0;777;12;113;648;4;777;0;;NCr$;NCr$ 1.000;NCr$ 1.000;Brasil. Ministerio da Fazenda. Departamento do Imposto de Renda. Boletim Estatistico, n. 32. [S.l.]: Ministerio da Fazenda, agosto 1968.;;outputs/fontes-pedro-souza-irpf/boletim_estatistico_n32_1968.pdf;outputs/fontes-pedro-souza-irpf/boletim_estatistico_n32_1968_p61_tabela.png;61;29;Tabela sem numero;"Serie regional da Guanabara; nao representa Brasil. Valores monetarios impressos em NCr$ foram convertidos para NCr$ 1.000 nas colunas *_ncr_mil. Dependentes por faixa nao foram transcritos porque os digitos finais da coluna ficam no limite direito do scan; o total geral foi preservado nos totais."
1967;1966;Guanabara;F12;12;51.13 a 68.16;51.13;68.16;0;15676000;15676.0;1517000;1517.0;14159000;14159.0;58508.264463;4416406;4416.406;1078000;1078.0;242;7;44;190;1;242;0;;NCr$;NCr$ 1.000;NCr$ 1.000;Brasil. Ministerio da Fazenda. Departamento do Imposto de Renda. Boletim Estatistico, n. 32. [S.l.]: Ministerio da Fazenda, agosto 1968.;;outputs/fontes-pedro-souza-irpf/boletim_estatistico_n32_1968.pdf;outputs/fontes-pedro-souza-irpf/boletim_estatistico_n32_1968_p61_tabela.png;61;29;Tabela sem numero;"Serie regional da Guanabara; nao representa Brasil. Valores monetarios impressos em NCr$ foram convertidos para NCr$ 1.000 nas colunas *_ncr_mil. Dependentes por faixa nao foram transcritos porque os digitos finais da coluna ficam no limite direito do scan; o total geral foi preservado nos totais."
1967;1966;Guanabara;F13;13;Acima de 68.17;68.17;;1;52627000;52627.0;3385000;3385.0;49242000;49242.0;149671.732523;20841622;20841.622;2826000;2826.0;329;4;55;265;5;329;0;;NCr$;NCr$ 1.000;NCr$ 1.000;Brasil. Ministerio da Fazenda. Departamento do Imposto de Renda. Boletim Estatistico, n. 32. [S.l.]: Ministerio da Fazenda, agosto 1968.;;outputs/fontes-pedro-souza-irpf/boletim_estatistico_n32_1968.pdf;outputs/fontes-pedro-souza-irpf/boletim_estatistico_n32_1968_p61_tabela.png;61;29;Tabela sem numero;"Serie regional da Guanabara; nao representa Brasil. Valores monetarios impressos em NCr$ foram convertidos para NCr$ 1.000 nas colunas *_ncr_mil. Dependentes por faixa nao foram transcritos porque os digitos finais da coluna ficam no limite direito do scan; o total geral foi preservado nos totais."
