ano_calendario;ano_exercicio;unidade_geografica;numero_faixas;pessoas_fisicas_notificadas_total_publicado;pessoas_fisicas_notificadas_soma_faixas;diferenca_pessoas_total_menos_faixas;renda_liquida_total_cr_mil_publicada;renda_liquida_total_cr_mil_soma_faixas;diferenca_renda_total_menos_faixas;renda_liquida_media_cr_publicada;pessoas_calculadas_por_media_total;moeda;unidade_monetaria_agregados;unidade_limites_faixa;tipo_rendimento;metodo_pessoas;fonte;url_fonte;arquivo_fonte;arquivo_imagem_tabela;pagina_pdf;pagina_impressa;quadro;observacao
1933;1934;Distrito Federal;12;10702;10702;0;356408;356408;0;33303;10701.978801;Cr$;Cr$ 1.000;Cr$ 1.000;renda liquida;pessoas publicadas diretamente na tabela;Brasil. Instituto Brasileiro de Geografia e Estatistica. Anuario Estatistico do Brasil 1941-1945. Rio de Janeiro: IBGE, 1946, p. 496-497, tabela beta.;https://biblioteca.ibge.gov.br/visualizacao/periodicos/20/aeb_1941_1945.pdf;outputs/fontes-pedro-souza-irpf/aeb_1941_1945.pdf;"outputs/fontes-pedro-souza-irpf/aeb_1941_1945_paginas/pagina-501.png; outputs/fontes-pedro-souza-irpf/aeb_1941_1945_paginas/pagina-502.png";501-502;496-497;Tabela beta - Contribuintes no Distrito Federal e sua renda liquida por classes de renda - 1934/44;"Serie do Distrito Federal; nao comparar diretamente com a serie nacional. A tabela traz anos impressos 1934-1944; seguindo a regra dos Anuarios Estatisticos do Brasil usada no projeto, ano_calendario = ano_exercicio - 1."
1934;1935;Distrito Federal;12;12059;12059;0;424461;424461;0;35199;12058.893719;Cr$;Cr$ 1.000;Cr$ 1.000;renda liquida;pessoas publicadas diretamente na tabela;Brasil. Instituto Brasileiro de Geografia e Estatistica. Anuario Estatistico do Brasil 1941-1945. Rio de Janeiro: IBGE, 1946, p. 496-497, tabela beta.;https://biblioteca.ibge.gov.br/visualizacao/periodicos/20/aeb_1941_1945.pdf;outputs/fontes-pedro-souza-irpf/aeb_1941_1945.pdf;"outputs/fontes-pedro-souza-irpf/aeb_1941_1945_paginas/pagina-501.png; outputs/fontes-pedro-souza-irpf/aeb_1941_1945_paginas/pagina-502.png";501-502;496-497;Tabela beta - Contribuintes no Distrito Federal e sua renda liquida por classes de renda - 1934/44;"Serie do Distrito Federal; nao comparar diretamente com a serie nacional. A tabela traz anos impressos 1934-1944; seguindo a regra dos Anuarios Estatisticos do Brasil usada no projeto, ano_calendario = ano_exercicio - 1."
1935;1936;Distrito Federal;12;14241;14241;0;523111;523111;0;36733;14240.900553;Cr$;Cr$ 1.000;Cr$ 1.000;renda liquida;pessoas publicadas diretamente na tabela;Brasil. Instituto Brasileiro de Geografia e Estatistica. Anuario Estatistico do Brasil 1941-1945. Rio de Janeiro: IBGE, 1946, p. 496-497, tabela beta.;https://biblioteca.ibge.gov.br/visualizacao/periodicos/20/aeb_1941_1945.pdf;outputs/fontes-pedro-souza-irpf/aeb_1941_1945.pdf;"outputs/fontes-pedro-souza-irpf/aeb_1941_1945_paginas/pagina-501.png; outputs/fontes-pedro-souza-irpf/aeb_1941_1945_paginas/pagina-502.png";501-502;496-497;Tabela beta - Contribuintes no Distrito Federal e sua renda liquida por classes de renda - 1934/44;"Serie do Distrito Federal; nao comparar diretamente com a serie nacional. A tabela traz anos impressos 1934-1944; seguindo a regra dos Anuarios Estatisticos do Brasil usada no projeto, ano_calendario = ano_exercicio - 1."
1936;1937;Distrito Federal;12;16137;16137;0;560669;560669;0;34744;16137.145982;Cr$;Cr$ 1.000;Cr$ 1.000;renda liquida;pessoas publicadas diretamente na tabela;Brasil. Instituto Brasileiro de Geografia e Estatistica. Anuario Estatistico do Brasil 1941-1945. Rio de Janeiro: IBGE, 1946, p. 496-497, tabela beta.;https://biblioteca.ibge.gov.br/visualizacao/periodicos/20/aeb_1941_1945.pdf;outputs/fontes-pedro-souza-irpf/aeb_1941_1945.pdf;"outputs/fontes-pedro-souza-irpf/aeb_1941_1945_paginas/pagina-501.png; outputs/fontes-pedro-souza-irpf/aeb_1941_1945_paginas/pagina-502.png";501-502;496-497;Tabela beta - Contribuintes no Distrito Federal e sua renda liquida por classes de renda - 1934/44;"Serie do Distrito Federal; nao comparar diretamente com a serie nacional. A tabela traz anos impressos 1934-1944; seguindo a regra dos Anuarios Estatisticos do Brasil usada no projeto, ano_calendario = ano_exercicio - 1."
1937;1938;Distrito Federal;12;19571;19571;0;750059;750059;0;38325;19571.011089;Cr$;Cr$ 1.000;Cr$ 1.000;renda liquida;pessoas publicadas diretamente na tabela;Brasil. Instituto Brasileiro de Geografia e Estatistica. Anuario Estatistico do Brasil 1941-1945. Rio de Janeiro: IBGE, 1946, p. 496-497, tabela beta.;https://biblioteca.ibge.gov.br/visualizacao/periodicos/20/aeb_1941_1945.pdf;outputs/fontes-pedro-souza-irpf/aeb_1941_1945.pdf;"outputs/fontes-pedro-souza-irpf/aeb_1941_1945_paginas/pagina-501.png; outputs/fontes-pedro-souza-irpf/aeb_1941_1945_paginas/pagina-502.png";501-502;496-497;Tabela beta - Contribuintes no Distrito Federal e sua renda liquida por classes de renda - 1934/44;"Serie do Distrito Federal; nao comparar diretamente com a serie nacional. A tabela traz anos impressos 1934-1944; seguindo a regra dos Anuarios Estatisticos do Brasil usada no projeto, ano_calendario = ano_exercicio - 1."
1938;1939;Distrito Federal;12;27214;27214;0;1005003;1005003;0;36930;27213.728676;Cr$;Cr$ 1.000;Cr$ 1.000;renda liquida;pessoas publicadas diretamente na tabela;Brasil. Instituto Brasileiro de Geografia e Estatistica. Anuario Estatistico do Brasil 1941-1945. Rio de Janeiro: IBGE, 1946, p. 496-497, tabela beta.;https://biblioteca.ibge.gov.br/visualizacao/periodicos/20/aeb_1941_1945.pdf;outputs/fontes-pedro-souza-irpf/aeb_1941_1945.pdf;"outputs/fontes-pedro-souza-irpf/aeb_1941_1945_paginas/pagina-501.png; outputs/fontes-pedro-souza-irpf/aeb_1941_1945_paginas/pagina-502.png";501-502;496-497;Tabela beta - Contribuintes no Distrito Federal e sua renda liquida por classes de renda - 1934/44;"Serie do Distrito Federal; nao comparar diretamente com a serie nacional. A tabela traz anos impressos 1934-1944; seguindo a regra dos Anuarios Estatisticos do Brasil usada no projeto, ano_calendario = ano_exercicio - 1."
1939;1940;Distrito Federal;12;31764;31764;0;1223622;1223622;0;38522;31764.238617;Cr$;Cr$ 1.000;Cr$ 1.000;renda liquida;pessoas publicadas diretamente na tabela;Brasil. Instituto Brasileiro de Geografia e Estatistica. Anuario Estatistico do Brasil 1941-1945. Rio de Janeiro: IBGE, 1946, p. 496-497, tabela beta.;https://biblioteca.ibge.gov.br/visualizacao/periodicos/20/aeb_1941_1945.pdf;outputs/fontes-pedro-souza-irpf/aeb_1941_1945.pdf;"outputs/fontes-pedro-souza-irpf/aeb_1941_1945_paginas/pagina-501.png; outputs/fontes-pedro-souza-irpf/aeb_1941_1945_paginas/pagina-502.png";501-502;496-497;Tabela beta - Contribuintes no Distrito Federal e sua renda liquida por classes de renda - 1934/44;"Serie do Distrito Federal; nao comparar diretamente com a serie nacional. A tabela traz anos impressos 1934-1944; seguindo a regra dos Anuarios Estatisticos do Brasil usada no projeto, ano_calendario = ano_exercicio - 1."
1940;1941;Distrito Federal;12;35937;35937;0;1462738;1462738;0;40703;35936.859691;Cr$;Cr$ 1.000;Cr$ 1.000;renda liquida;pessoas publicadas diretamente na tabela;Brasil. Instituto Brasileiro de Geografia e Estatistica. Anuario Estatistico do Brasil 1941-1945. Rio de Janeiro: IBGE, 1946, p. 496-497, tabela beta.;https://biblioteca.ibge.gov.br/visualizacao/periodicos/20/aeb_1941_1945.pdf;outputs/fontes-pedro-souza-irpf/aeb_1941_1945.pdf;"outputs/fontes-pedro-souza-irpf/aeb_1941_1945_paginas/pagina-501.png; outputs/fontes-pedro-souza-irpf/aeb_1941_1945_paginas/pagina-502.png";501-502;496-497;Tabela beta - Contribuintes no Distrito Federal e sua renda liquida por classes de renda - 1934/44;"Serie do Distrito Federal; nao comparar diretamente com a serie nacional. A tabela traz anos impressos 1934-1944; seguindo a regra dos Anuarios Estatisticos do Brasil usada no projeto, ano_calendario = ano_exercicio - 1."
1941;1942;Distrito Federal;12;38222;38222;0;1951315;1951315;0;51052;38222.106871;Cr$;Cr$ 1.000;Cr$ 1.000;renda liquida;pessoas publicadas diretamente na tabela;Brasil. Instituto Brasileiro de Geografia e Estatistica. Anuario Estatistico do Brasil 1941-1945. Rio de Janeiro: IBGE, 1946, p. 496-497, tabela beta.;https://biblioteca.ibge.gov.br/visualizacao/periodicos/20/aeb_1941_1945.pdf;outputs/fontes-pedro-souza-irpf/aeb_1941_1945.pdf;"outputs/fontes-pedro-souza-irpf/aeb_1941_1945_paginas/pagina-501.png; outputs/fontes-pedro-souza-irpf/aeb_1941_1945_paginas/pagina-502.png";501-502;496-497;Tabela beta - Contribuintes no Distrito Federal e sua renda liquida por classes de renda - 1934/44;"Serie do Distrito Federal; nao comparar diretamente com a serie nacional. A tabela traz anos impressos 1934-1944; seguindo a regra dos Anuarios Estatisticos do Brasil usada no projeto, ano_calendario = ano_exercicio - 1."
1942;1943;Distrito Federal;12;43733;43733;0;2666951;2666951;0;60983;43732.695997;Cr$;Cr$ 1.000;Cr$ 1.000;renda liquida;pessoas publicadas diretamente na tabela;Brasil. Instituto Brasileiro de Geografia e Estatistica. Anuario Estatistico do Brasil 1941-1945. Rio de Janeiro: IBGE, 1946, p. 496-497, tabela beta.;https://biblioteca.ibge.gov.br/visualizacao/periodicos/20/aeb_1941_1945.pdf;outputs/fontes-pedro-souza-irpf/aeb_1941_1945.pdf;"outputs/fontes-pedro-souza-irpf/aeb_1941_1945_paginas/pagina-501.png; outputs/fontes-pedro-souza-irpf/aeb_1941_1945_paginas/pagina-502.png";501-502;496-497;Tabela beta - Contribuintes no Distrito Federal e sua renda liquida por classes de renda - 1934/44;"Serie do Distrito Federal; nao comparar diretamente com a serie nacional. A tabela traz anos impressos 1934-1944; seguindo a regra dos Anuarios Estatisticos do Brasil usada no projeto, ano_calendario = ano_exercicio - 1."
1943;1944;Distrito Federal;11;45836;45836;0;2864285;2864285;0;62490;45835.893743;Cr$;Cr$ 1.000;Cr$ 1.000;renda liquida;pessoas publicadas diretamente na tabela;Brasil. Instituto Brasileiro de Geografia e Estatistica. Anuario Estatistico do Brasil 1941-1945. Rio de Janeiro: IBGE, 1946, p. 496-497, tabela beta.;https://biblioteca.ibge.gov.br/visualizacao/periodicos/20/aeb_1941_1945.pdf;outputs/fontes-pedro-souza-irpf/aeb_1941_1945.pdf;"outputs/fontes-pedro-souza-irpf/aeb_1941_1945_paginas/pagina-501.png; outputs/fontes-pedro-souza-irpf/aeb_1941_1945_paginas/pagina-502.png";501-502;496-497;Tabela beta - Contribuintes no Distrito Federal e sua renda liquida por classes de renda - 1934/44;"Serie do Distrito Federal; nao comparar diretamente com a serie nacional. A tabela traz anos impressos 1934-1944; seguindo a regra dos Anuarios Estatisticos do Brasil usada no projeto, ano_calendario = ano_exercicio - 1."
