ano_calendario;ano_exercicio;unidade_geografica;serie_nacional_comparavel;fonte_bloco;codigo_faixa;ordem_faixa;faixa_renda_liquida;limite_inferior;limite_superior;faixa_topo_aberta;pessoas_fisicas_notificadas;renda_liquida_mil;renda_liquida_media;renda_liquida_original;moeda;unidade_monetaria_agregados;unidade_limites_faixa;tipo_rendimento;metodo_pessoas;fonte;url_fonte;url_pdf_download;arquivo_fonte;arquivo_imagem_tabela;pagina_pdf;pagina_impressa;quadro;observacao
1927;1928;Distrito Federal;0;souza_reis_1930_distrito_federal_1927_1928;F01;1;Ate 6:000$000;0;6000;0;29053;38322799.7;1319065.146456;38.322:799$700;reis;mil-reis;mil-reis;renda global liquida;pessoas publicadas diretamente na tabela;Souza Reis, F. T. de. O imposto de renda em seis annos de adaptacao no Brasil, 1924-1929. Rio de Janeiro, 1930, p. 33, Quadro n. 12.;https://archive.org/details/impostrenda1924souz;https://archive.org/download/impostrenda1924souz/impostrenda1924souz.pdf;local-desktop:/Dados de Imposto de Renda/impostrenda1924souz.pdf;outputs/fontes-pedro-souza-irpf/souza_reis_1930_quadro_12_pdfpage_38.png;38;33;Quadro n. 12;"Serie do Distrito Federal; nao comparar diretamente com Brasil. Exercicio 1928 corresponde ao ano-calendario 1927; exercicio 1929 corresponde ao ano-calendario 1928. A errata do livro corrige o Quadro 12, coluna 3, linha 17, de 8.659:361$000 para 8.659:361$200. Soma das pessoas por faixa fecha com o total publicado (49571). A soma da renda das faixas difere do total publicado em 2:990$900; foram preservados os valores por faixa e o total publicado em campos separados."
1927;1928;Distrito Federal;0;souza_reis_1930_distrito_federal_1927_1928;F02;2;De 6:000$000 a 30:000$000;6000;30000;0;16668;213122527.1;12786328.719702;213.122:527$100;reis;mil-reis;mil-reis;renda global liquida;pessoas publicadas diretamente na tabela;Souza Reis, F. T. de. O imposto de renda em seis annos de adaptacao no Brasil, 1924-1929. Rio de Janeiro, 1930, p. 33, Quadro n. 12.;https://archive.org/details/impostrenda1924souz;https://archive.org/download/impostrenda1924souz/impostrenda1924souz.pdf;local-desktop:/Dados de Imposto de Renda/impostrenda1924souz.pdf;outputs/fontes-pedro-souza-irpf/souza_reis_1930_quadro_12_pdfpage_38.png;38;33;Quadro n. 12;"Serie do Distrito Federal; nao comparar diretamente com Brasil. Exercicio 1928 corresponde ao ano-calendario 1927; exercicio 1929 corresponde ao ano-calendario 1928. A errata do livro corrige o Quadro 12, coluna 3, linha 17, de 8.659:361$000 para 8.659:361$200. Soma das pessoas por faixa fecha com o total publicado (49571). A soma da renda das faixas difere do total publicado em 2:990$900; foram preservados os valores por faixa e o total publicado em campos separados."
1927;1928;Distrito Federal;0;souza_reis_1930_distrito_federal_1927_1928;F03;3;De 30:000$000 a 60:000$000;30000;60000;0;2292;95658612.8;41735869.458988;95.658:612$800;reis;mil-reis;mil-reis;renda global liquida;pessoas publicadas diretamente na tabela;Souza Reis, F. T. de. O imposto de renda em seis annos de adaptacao no Brasil, 1924-1929. Rio de Janeiro, 1930, p. 33, Quadro n. 12.;https://archive.org/details/impostrenda1924souz;https://archive.org/download/impostrenda1924souz/impostrenda1924souz.pdf;local-desktop:/Dados de Imposto de Renda/impostrenda1924souz.pdf;outputs/fontes-pedro-souza-irpf/souza_reis_1930_quadro_12_pdfpage_38.png;38;33;Quadro n. 12;"Serie do Distrito Federal; nao comparar diretamente com Brasil. Exercicio 1928 corresponde ao ano-calendario 1927; exercicio 1929 corresponde ao ano-calendario 1928. A errata do livro corrige o Quadro 12, coluna 3, linha 17, de 8.659:361$000 para 8.659:361$200. Soma das pessoas por faixa fecha com o total publicado (49571). A soma da renda das faixas difere do total publicado em 2:990$900; foram preservados os valores por faixa e o total publicado em campos separados."
1927;1928;Distrito Federal;0;souza_reis_1930_distrito_federal_1927_1928;F04;4;De 60:000$000 a 90:000$000;60000;90000;0;678;49784797.8;73428905.309735;49.784:797$800;reis;mil-reis;mil-reis;renda global liquida;pessoas publicadas diretamente na tabela;Souza Reis, F. T. de. O imposto de renda em seis annos de adaptacao no Brasil, 1924-1929. Rio de Janeiro, 1930, p. 33, Quadro n. 12.;https://archive.org/details/impostrenda1924souz;https://archive.org/download/impostrenda1924souz/impostrenda1924souz.pdf;local-desktop:/Dados de Imposto de Renda/impostrenda1924souz.pdf;outputs/fontes-pedro-souza-irpf/souza_reis_1930_quadro_12_pdfpage_38.png;38;33;Quadro n. 12;"Serie do Distrito Federal; nao comparar diretamente com Brasil. Exercicio 1928 corresponde ao ano-calendario 1927; exercicio 1929 corresponde ao ano-calendario 1928. A errata do livro corrige o Quadro 12, coluna 3, linha 17, de 8.659:361$000 para 8.659:361$200. Soma das pessoas por faixa fecha com o total publicado (49571). A soma da renda das faixas difere do total publicado em 2:990$900; foram preservados os valores por faixa e o total publicado em campos separados."
1927;1928;Distrito Federal;0;souza_reis_1930_distrito_federal_1927_1928;F05;5;De 90:000$000 a 120:000$000;90000;120000;0;337;35769517.0;106141000.0;35.769:517$000;reis;mil-reis;mil-reis;renda global liquida;pessoas publicadas diretamente na tabela;Souza Reis, F. T. de. O imposto de renda em seis annos de adaptacao no Brasil, 1924-1929. Rio de Janeiro, 1930, p. 33, Quadro n. 12.;https://archive.org/details/impostrenda1924souz;https://archive.org/download/impostrenda1924souz/impostrenda1924souz.pdf;local-desktop:/Dados de Imposto de Renda/impostrenda1924souz.pdf;outputs/fontes-pedro-souza-irpf/souza_reis_1930_quadro_12_pdfpage_38.png;38;33;Quadro n. 12;"Serie do Distrito Federal; nao comparar diretamente com Brasil. Exercicio 1928 corresponde ao ano-calendario 1927; exercicio 1929 corresponde ao ano-calendario 1928. A errata do livro corrige o Quadro 12, coluna 3, linha 17, de 8.659:361$000 para 8.659:361$200. Soma das pessoas por faixa fecha com o total publicado (49571). A soma da renda das faixas difere do total publicado em 2:990$900; foram preservados os valores por faixa e o total publicado em campos separados."
1927;1928;Distrito Federal;0;souza_reis_1930_distrito_federal_1927_1928;F06;6;De 120:000$000 a 150:000$000;120000;150000;0;155;20487525.0;132177580.645161;20.487:525$000;reis;mil-reis;mil-reis;renda global liquida;pessoas publicadas diretamente na tabela;Souza Reis, F. T. de. O imposto de renda em seis annos de adaptacao no Brasil, 1924-1929. Rio de Janeiro, 1930, p. 33, Quadro n. 12.;https://archive.org/details/impostrenda1924souz;https://archive.org/download/impostrenda1924souz/impostrenda1924souz.pdf;local-desktop:/Dados de Imposto de Renda/impostrenda1924souz.pdf;outputs/fontes-pedro-souza-irpf/souza_reis_1930_quadro_12_pdfpage_38.png;38;33;Quadro n. 12;"Serie do Distrito Federal; nao comparar diretamente com Brasil. Exercicio 1928 corresponde ao ano-calendario 1927; exercicio 1929 corresponde ao ano-calendario 1928. A errata do livro corrige o Quadro 12, coluna 3, linha 17, de 8.659:361$000 para 8.659:361$200. Soma das pessoas por faixa fecha com o total publicado (49571). A soma da renda das faixas difere do total publicado em 2:990$900; foram preservados os valores por faixa e o total publicado em campos separados."
1927;1928;Distrito Federal;0;souza_reis_1930_distrito_federal_1927_1928;F07;7;De 150:000$000 a 200:000$000;150000;200000;0;151;26234329.6;173737282.119205;26.234:329$600;reis;mil-reis;mil-reis;renda global liquida;pessoas publicadas diretamente na tabela;Souza Reis, F. T. de. O imposto de renda em seis annos de adaptacao no Brasil, 1924-1929. Rio de Janeiro, 1930, p. 33, Quadro n. 12.;https://archive.org/details/impostrenda1924souz;https://archive.org/download/impostrenda1924souz/impostrenda1924souz.pdf;local-desktop:/Dados de Imposto de Renda/impostrenda1924souz.pdf;outputs/fontes-pedro-souza-irpf/souza_reis_1930_quadro_12_pdfpage_38.png;38;33;Quadro n. 12;"Serie do Distrito Federal; nao comparar diretamente com Brasil. Exercicio 1928 corresponde ao ano-calendario 1927; exercicio 1929 corresponde ao ano-calendario 1928. A errata do livro corrige o Quadro 12, coluna 3, linha 17, de 8.659:361$000 para 8.659:361$200. Soma das pessoas por faixa fecha com o total publicado (49571). A soma da renda das faixas difere do total publicado em 2:990$900; foram preservados os valores por faixa e o total publicado em campos separados."
1927;1928;Distrito Federal;0;souza_reis_1930_distrito_federal_1927_1928;F08;8;De 200:000$000 a 250:000$000;200000;250000;0;73;16317768.2;223531071.232877;16.317:768$200;reis;mil-reis;mil-reis;renda global liquida;pessoas publicadas diretamente na tabela;Souza Reis, F. T. de. O imposto de renda em seis annos de adaptacao no Brasil, 1924-1929. Rio de Janeiro, 1930, p. 33, Quadro n. 12.;https://archive.org/details/impostrenda1924souz;https://archive.org/download/impostrenda1924souz/impostrenda1924souz.pdf;local-desktop:/Dados de Imposto de Renda/impostrenda1924souz.pdf;outputs/fontes-pedro-souza-irpf/souza_reis_1930_quadro_12_pdfpage_38.png;38;33;Quadro n. 12;"Serie do Distrito Federal; nao comparar diretamente com Brasil. Exercicio 1928 corresponde ao ano-calendario 1927; exercicio 1929 corresponde ao ano-calendario 1928. A errata do livro corrige o Quadro 12, coluna 3, linha 17, de 8.659:361$000 para 8.659:361$200. Soma das pessoas por faixa fecha com o total publicado (49571). A soma da renda das faixas difere do total publicado em 2:990$900; foram preservados os valores por faixa e o total publicado em campos separados."
1927;1928;Distrito Federal;0;souza_reis_1930_distrito_federal_1927_1928;F09;9;De 250:000$000 a 300:000$000;250000;300000;0;44;12758951.1;289976161.363636;12.758:951$100;reis;mil-reis;mil-reis;renda global liquida;pessoas publicadas diretamente na tabela;Souza Reis, F. T. de. O imposto de renda em seis annos de adaptacao no Brasil, 1924-1929. Rio de Janeiro, 1930, p. 33, Quadro n. 12.;https://archive.org/details/impostrenda1924souz;https://archive.org/download/impostrenda1924souz/impostrenda1924souz.pdf;local-desktop:/Dados de Imposto de Renda/impostrenda1924souz.pdf;outputs/fontes-pedro-souza-irpf/souza_reis_1930_quadro_12_pdfpage_38.png;38;33;Quadro n. 12;"Serie do Distrito Federal; nao comparar diretamente com Brasil. Exercicio 1928 corresponde ao ano-calendario 1927; exercicio 1929 corresponde ao ano-calendario 1928. A errata do livro corrige o Quadro 12, coluna 3, linha 17, de 8.659:361$000 para 8.659:361$200. Soma das pessoas por faixa fecha com o total publicado (49571). A soma da renda das faixas difere do total publicado em 2:990$900; foram preservados os valores por faixa e o total publicado em campos separados."
1927;1928;Distrito Federal;0;souza_reis_1930_distrito_federal_1927_1928;F10;10;De 300:000$000 a 400:000$000;300000;400000;0;50;17311784.4;346235688.0;17.311:784$400;reis;mil-reis;mil-reis;renda global liquida;pessoas publicadas diretamente na tabela;Souza Reis, F. T. de. O imposto de renda em seis annos de adaptacao no Brasil, 1924-1929. Rio de Janeiro, 1930, p. 33, Quadro n. 12.;https://archive.org/details/impostrenda1924souz;https://archive.org/download/impostrenda1924souz/impostrenda1924souz.pdf;local-desktop:/Dados de Imposto de Renda/impostrenda1924souz.pdf;outputs/fontes-pedro-souza-irpf/souza_reis_1930_quadro_12_pdfpage_38.png;38;33;Quadro n. 12;"Serie do Distrito Federal; nao comparar diretamente com Brasil. Exercicio 1928 corresponde ao ano-calendario 1927; exercicio 1929 corresponde ao ano-calendario 1928. A errata do livro corrige o Quadro 12, coluna 3, linha 17, de 8.659:361$000 para 8.659:361$200. Soma das pessoas por faixa fecha com o total publicado (49571). A soma da renda das faixas difere do total publicado em 2:990$900; foram preservados os valores por faixa e o total publicado em campos separados."
1927;1928;Distrito Federal;0;souza_reis_1930_distrito_federal_1927_1928;F11;11;De 400:000$000 a 500:000$000;400000;500000;0;32;13473160.0;421036250.0;13.473:160$000;reis;mil-reis;mil-reis;renda global liquida;pessoas publicadas diretamente na tabela;Souza Reis, F. T. de. O imposto de renda em seis annos de adaptacao no Brasil, 1924-1929. Rio de Janeiro, 1930, p. 33, Quadro n. 12.;https://archive.org/details/impostrenda1924souz;https://archive.org/download/impostrenda1924souz/impostrenda1924souz.pdf;local-desktop:/Dados de Imposto de Renda/impostrenda1924souz.pdf;outputs/fontes-pedro-souza-irpf/souza_reis_1930_quadro_12_pdfpage_38.png;38;33;Quadro n. 12;"Serie do Distrito Federal; nao comparar diretamente com Brasil. Exercicio 1928 corresponde ao ano-calendario 1927; exercicio 1929 corresponde ao ano-calendario 1928. A errata do livro corrige o Quadro 12, coluna 3, linha 17, de 8.659:361$000 para 8.659:361$200. Soma das pessoas por faixa fecha com o total publicado (49571). A soma da renda das faixas difere do total publicado em 2:990$900; foram preservados os valores por faixa e o total publicado em campos separados."
1927;1928;Distrito Federal;0;souza_reis_1930_distrito_federal_1927_1928;F12;12;De 500:000$000 a 600:000$000;500000;600000;0;16;8651400.2;540712512.5;8.651:400$200;reis;mil-reis;mil-reis;renda global liquida;pessoas publicadas diretamente na tabela;Souza Reis, F. T. de. O imposto de renda em seis annos de adaptacao no Brasil, 1924-1929. Rio de Janeiro, 1930, p. 33, Quadro n. 12.;https://archive.org/details/impostrenda1924souz;https://archive.org/download/impostrenda1924souz/impostrenda1924souz.pdf;local-desktop:/Dados de Imposto de Renda/impostrenda1924souz.pdf;outputs/fontes-pedro-souza-irpf/souza_reis_1930_quadro_12_pdfpage_38.png;38;33;Quadro n. 12;"Serie do Distrito Federal; nao comparar diretamente com Brasil. Exercicio 1928 corresponde ao ano-calendario 1927; exercicio 1929 corresponde ao ano-calendario 1928. A errata do livro corrige o Quadro 12, coluna 3, linha 17, de 8.659:361$000 para 8.659:361$200. Soma das pessoas por faixa fecha com o total publicado (49571). A soma da renda das faixas difere do total publicado em 2:990$900; foram preservados os valores por faixa e o total publicado em campos separados."
1927;1928;Distrito Federal;0;souza_reis_1930_distrito_federal_1927_1928;F13;13;De 600:000$000 a 700:000$000;600000;700000;0;6;3700866.5;616811083.333333;3.700:866$500;reis;mil-reis;mil-reis;renda global liquida;pessoas publicadas diretamente na tabela;Souza Reis, F. T. de. O imposto de renda em seis annos de adaptacao no Brasil, 1924-1929. Rio de Janeiro, 1930, p. 33, Quadro n. 12.;https://archive.org/details/impostrenda1924souz;https://archive.org/download/impostrenda1924souz/impostrenda1924souz.pdf;local-desktop:/Dados de Imposto de Renda/impostrenda1924souz.pdf;outputs/fontes-pedro-souza-irpf/souza_reis_1930_quadro_12_pdfpage_38.png;38;33;Quadro n. 12;"Serie do Distrito Federal; nao comparar diretamente com Brasil. Exercicio 1928 corresponde ao ano-calendario 1927; exercicio 1929 corresponde ao ano-calendario 1928. A errata do livro corrige o Quadro 12, coluna 3, linha 17, de 8.659:361$000 para 8.659:361$200. Soma das pessoas por faixa fecha com o total publicado (49571). A soma da renda das faixas difere do total publicado em 2:990$900; foram preservados os valores por faixa e o total publicado em campos separados."
1927;1928;Distrito Federal;0;souza_reis_1930_distrito_federal_1927_1928;F14;14;De 700:000$000 a 800:000$000;700000;800000;0;3;2311206.0;770402000.0;2.311:206$000;reis;mil-reis;mil-reis;renda global liquida;pessoas publicadas diretamente na tabela;Souza Reis, F. T. de. O imposto de renda em seis annos de adaptacao no Brasil, 1924-1929. Rio de Janeiro, 1930, p. 33, Quadro n. 12.;https://archive.org/details/impostrenda1924souz;https://archive.org/download/impostrenda1924souz/impostrenda1924souz.pdf;local-desktop:/Dados de Imposto de Renda/impostrenda1924souz.pdf;outputs/fontes-pedro-souza-irpf/souza_reis_1930_quadro_12_pdfpage_38.png;38;33;Quadro n. 12;"Serie do Distrito Federal; nao comparar diretamente com Brasil. Exercicio 1928 corresponde ao ano-calendario 1927; exercicio 1929 corresponde ao ano-calendario 1928. A errata do livro corrige o Quadro 12, coluna 3, linha 17, de 8.659:361$000 para 8.659:361$200. Soma das pessoas por faixa fecha com o total publicado (49571). A soma da renda das faixas difere do total publicado em 2:990$900; foram preservados os valores por faixa e o total publicado em campos separados."
1927;1928;Distrito Federal;0;souza_reis_1930_distrito_federal_1927_1928;F15;15;De 800:000$000 a 900:000$000;800000;900000;0;1;898610.8;898610800.0;898:610$800;reis;mil-reis;mil-reis;renda global liquida;pessoas publicadas diretamente na tabela;Souza Reis, F. T. de. O imposto de renda em seis annos de adaptacao no Brasil, 1924-1929. Rio de Janeiro, 1930, p. 33, Quadro n. 12.;https://archive.org/details/impostrenda1924souz;https://archive.org/download/impostrenda1924souz/impostrenda1924souz.pdf;local-desktop:/Dados de Imposto de Renda/impostrenda1924souz.pdf;outputs/fontes-pedro-souza-irpf/souza_reis_1930_quadro_12_pdfpage_38.png;38;33;Quadro n. 12;"Serie do Distrito Federal; nao comparar diretamente com Brasil. Exercicio 1928 corresponde ao ano-calendario 1927; exercicio 1929 corresponde ao ano-calendario 1928. A errata do livro corrige o Quadro 12, coluna 3, linha 17, de 8.659:361$000 para 8.659:361$200. Soma das pessoas por faixa fecha com o total publicado (49571). A soma da renda das faixas difere do total publicado em 2:990$900; foram preservados os valores por faixa e o total publicado em campos separados."
1927;1928;Distrito Federal;0;souza_reis_1930_distrito_federal_1927_1928;F16;16;De 900:000$000 a 1.000:000$000;900000;1000000;0;1;938881.8;938881800.0;938:881$800;reis;mil-reis;mil-reis;renda global liquida;pessoas publicadas diretamente na tabela;Souza Reis, F. T. de. O imposto de renda em seis annos de adaptacao no Brasil, 1924-1929. Rio de Janeiro, 1930, p. 33, Quadro n. 12.;https://archive.org/details/impostrenda1924souz;https://archive.org/download/impostrenda1924souz/impostrenda1924souz.pdf;local-desktop:/Dados de Imposto de Renda/impostrenda1924souz.pdf;outputs/fontes-pedro-souza-irpf/souza_reis_1930_quadro_12_pdfpage_38.png;38;33;Quadro n. 12;"Serie do Distrito Federal; nao comparar diretamente com Brasil. Exercicio 1928 corresponde ao ano-calendario 1927; exercicio 1929 corresponde ao ano-calendario 1928. A errata do livro corrige o Quadro 12, coluna 3, linha 17, de 8.659:361$000 para 8.659:361$200. Soma das pessoas por faixa fecha com o total publicado (49571). A soma da renda das faixas difere do total publicado em 2:990$900; foram preservados os valores por faixa e o total publicado em campos separados."
1927;1928;Distrito Federal;0;souza_reis_1930_distrito_federal_1927_1928;F17;17;De 1.000:000$000 a 1.500:000$000;1000000;1500000;0;7;8659361.2;1237051600.0;8.659:361$200;reis;mil-reis;mil-reis;renda global liquida;pessoas publicadas diretamente na tabela;Souza Reis, F. T. de. O imposto de renda em seis annos de adaptacao no Brasil, 1924-1929. Rio de Janeiro, 1930, p. 33, Quadro n. 12.;https://archive.org/details/impostrenda1924souz;https://archive.org/download/impostrenda1924souz/impostrenda1924souz.pdf;local-desktop:/Dados de Imposto de Renda/impostrenda1924souz.pdf;outputs/fontes-pedro-souza-irpf/souza_reis_1930_quadro_12_pdfpage_38.png;38;33;Quadro n. 12;"Serie do Distrito Federal; nao comparar diretamente com Brasil. Exercicio 1928 corresponde ao ano-calendario 1927; exercicio 1929 corresponde ao ano-calendario 1928. A errata do livro corrige o Quadro 12, coluna 3, linha 17, de 8.659:361$000 para 8.659:361$200. Soma das pessoas por faixa fecha com o total publicado (49571). A soma da renda das faixas difere do total publicado em 2:990$900; foram preservados os valores por faixa e o total publicado em campos separados."
1927;1928;Distrito Federal;0;souza_reis_1930_distrito_federal_1927_1928;F18;18;De 1.500:000$000 a 2.500:000$000;1500000;2500000;0;2;4433418.9;2216709450.0;4.433:418$900;reis;mil-reis;mil-reis;renda global liquida;pessoas publicadas diretamente na tabela;Souza Reis, F. T. de. O imposto de renda em seis annos de adaptacao no Brasil, 1924-1929. Rio de Janeiro, 1930, p. 33, Quadro n. 12.;https://archive.org/details/impostrenda1924souz;https://archive.org/download/impostrenda1924souz/impostrenda1924souz.pdf;local-desktop:/Dados de Imposto de Renda/impostrenda1924souz.pdf;outputs/fontes-pedro-souza-irpf/souza_reis_1930_quadro_12_pdfpage_38.png;38;33;Quadro n. 12;"Serie do Distrito Federal; nao comparar diretamente com Brasil. Exercicio 1928 corresponde ao ano-calendario 1927; exercicio 1929 corresponde ao ano-calendario 1928. A errata do livro corrige o Quadro 12, coluna 3, linha 17, de 8.659:361$000 para 8.659:361$200. Soma das pessoas por faixa fecha com o total publicado (49571). A soma da renda das faixas difere do total publicado em 2:990$900; foram preservados os valores por faixa e o total publicado em campos separados."
1927;1928;Distrito Federal;0;souza_reis_1930_distrito_federal_1927_1928;F19;19;De 2.500:000$000 a 3.000:000$000;2500000;3000000;0;1;2622553.5;2622553500.0;2.622:553$500;reis;mil-reis;mil-reis;renda global liquida;pessoas publicadas diretamente na tabela;Souza Reis, F. T. de. O imposto de renda em seis annos de adaptacao no Brasil, 1924-1929. Rio de Janeiro, 1930, p. 33, Quadro n. 12.;https://archive.org/details/impostrenda1924souz;https://archive.org/download/impostrenda1924souz/impostrenda1924souz.pdf;local-desktop:/Dados de Imposto de Renda/impostrenda1924souz.pdf;outputs/fontes-pedro-souza-irpf/souza_reis_1930_quadro_12_pdfpage_38.png;38;33;Quadro n. 12;"Serie do Distrito Federal; nao comparar diretamente com Brasil. Exercicio 1928 corresponde ao ano-calendario 1927; exercicio 1929 corresponde ao ano-calendario 1928. A errata do livro corrige o Quadro 12, coluna 3, linha 17, de 8.659:361$000 para 8.659:361$200. Soma das pessoas por faixa fecha com o total publicado (49571). A soma da renda das faixas difere do total publicado em 2:990$900; foram preservados os valores por faixa e o total publicado em campos separados."
1927;1928;Distrito Federal;0;souza_reis_1930_distrito_federal_1927_1928;F20;20;Acima de 3.000:000$000;3000000;;1;1;11749190.0;11749190000.0;11.749:190$000;reis;mil-reis;mil-reis;renda global liquida;pessoas publicadas diretamente na tabela;Souza Reis, F. T. de. O imposto de renda em seis annos de adaptacao no Brasil, 1924-1929. Rio de Janeiro, 1930, p. 33, Quadro n. 12.;https://archive.org/details/impostrenda1924souz;https://archive.org/download/impostrenda1924souz/impostrenda1924souz.pdf;local-desktop:/Dados de Imposto de Renda/impostrenda1924souz.pdf;outputs/fontes-pedro-souza-irpf/souza_reis_1930_quadro_12_pdfpage_38.png;38;33;Quadro n. 12;"Serie do Distrito Federal; nao comparar diretamente com Brasil. Exercicio 1928 corresponde ao ano-calendario 1927; exercicio 1929 corresponde ao ano-calendario 1928. A errata do livro corrige o Quadro 12, coluna 3, linha 17, de 8.659:361$000 para 8.659:361$200. Soma das pessoas por faixa fecha com o total publicado (49571). A soma da renda das faixas difere do total publicado em 2:990$900; foram preservados os valores por faixa e o total publicado em campos separados."
1928;1929;Distrito Federal;0;souza_reis_1930_distrito_federal_1927_1928;F01;1;Ate 6:000$000;0;6000;0;13797;22314400.8;1617337.160252;22.314:400$800;reis;mil-reis;mil-reis;renda global liquida;pessoas publicadas diretamente na tabela;Souza Reis, F. T. de. O imposto de renda em seis annos de adaptacao no Brasil, 1924-1929. Rio de Janeiro, 1930, p. 33, Quadro n. 12.;https://archive.org/details/impostrenda1924souz;https://archive.org/download/impostrenda1924souz/impostrenda1924souz.pdf;local-desktop:/Dados de Imposto de Renda/impostrenda1924souz.pdf;outputs/fontes-pedro-souza-irpf/souza_reis_1930_quadro_12_pdfpage_38.png;38;33;Quadro n. 12;"Serie do Distrito Federal; nao comparar diretamente com Brasil. Exercicio 1928 corresponde ao ano-calendario 1927; exercicio 1929 corresponde ao ano-calendario 1928. A errata do livro corrige o Quadro 12, coluna 3, linha 17, de 8.659:361$000 para 8.659:361$200. A propria fonte observa que a estatistica de 1929 cobre apenas a renda de 1928 lancada/tributada ate 31 de dezembro; tratar como serie parcial ou preliminar. Soma das pessoas por faixa fecha com o total publicado (26099). A soma da renda das faixas difere do total publicado em 0:556$000; foram preservados os valores por faixa e o total publicado em campos separados."
1928;1929;Distrito Federal;0;souza_reis_1930_distrito_federal_1927_1928;F02;2;De 6:000$000 a 30:000$000;6000;30000;0;9543;125716953.0;13173734.988997;125.716:953$000;reis;mil-reis;mil-reis;renda global liquida;pessoas publicadas diretamente na tabela;Souza Reis, F. T. de. O imposto de renda em seis annos de adaptacao no Brasil, 1924-1929. Rio de Janeiro, 1930, p. 33, Quadro n. 12.;https://archive.org/details/impostrenda1924souz;https://archive.org/download/impostrenda1924souz/impostrenda1924souz.pdf;local-desktop:/Dados de Imposto de Renda/impostrenda1924souz.pdf;outputs/fontes-pedro-souza-irpf/souza_reis_1930_quadro_12_pdfpage_38.png;38;33;Quadro n. 12;"Serie do Distrito Federal; nao comparar diretamente com Brasil. Exercicio 1928 corresponde ao ano-calendario 1927; exercicio 1929 corresponde ao ano-calendario 1928. A errata do livro corrige o Quadro 12, coluna 3, linha 17, de 8.659:361$000 para 8.659:361$200. A propria fonte observa que a estatistica de 1929 cobre apenas a renda de 1928 lancada/tributada ate 31 de dezembro; tratar como serie parcial ou preliminar. Soma das pessoas por faixa fecha com o total publicado (26099). A soma da renda das faixas difere do total publicado em 0:556$000; foram preservados os valores por faixa e o total publicado em campos separados."
1928;1929;Distrito Federal;0;souza_reis_1930_distrito_federal_1927_1928;F03;3;De 30:000$000 a 60:000$000;30000;60000;0;1594;65901161.0;41343262.860728;65.901:161$000;reis;mil-reis;mil-reis;renda global liquida;pessoas publicadas diretamente na tabela;Souza Reis, F. T. de. O imposto de renda em seis annos de adaptacao no Brasil, 1924-1929. Rio de Janeiro, 1930, p. 33, Quadro n. 12.;https://archive.org/details/impostrenda1924souz;https://archive.org/download/impostrenda1924souz/impostrenda1924souz.pdf;local-desktop:/Dados de Imposto de Renda/impostrenda1924souz.pdf;outputs/fontes-pedro-souza-irpf/souza_reis_1930_quadro_12_pdfpage_38.png;38;33;Quadro n. 12;"Serie do Distrito Federal; nao comparar diretamente com Brasil. Exercicio 1928 corresponde ao ano-calendario 1927; exercicio 1929 corresponde ao ano-calendario 1928. A errata do livro corrige o Quadro 12, coluna 3, linha 17, de 8.659:361$000 para 8.659:361$200. A propria fonte observa que a estatistica de 1929 cobre apenas a renda de 1928 lancada/tributada ate 31 de dezembro; tratar como serie parcial ou preliminar. Soma das pessoas por faixa fecha com o total publicado (26099). A soma da renda das faixas difere do total publicado em 0:556$000; foram preservados os valores por faixa e o total publicado em campos separados."
1928;1929;Distrito Federal;0;souza_reis_1930_distrito_federal_1927_1928;F04;4;De 60:000$000 a 90:000$000;60000;90000;0;492;35981197.1;73132514.430894;35.981:197$100;reis;mil-reis;mil-reis;renda global liquida;pessoas publicadas diretamente na tabela;Souza Reis, F. T. de. O imposto de renda em seis annos de adaptacao no Brasil, 1924-1929. Rio de Janeiro, 1930, p. 33, Quadro n. 12.;https://archive.org/details/impostrenda1924souz;https://archive.org/download/impostrenda1924souz/impostrenda1924souz.pdf;local-desktop:/Dados de Imposto de Renda/impostrenda1924souz.pdf;outputs/fontes-pedro-souza-irpf/souza_reis_1930_quadro_12_pdfpage_38.png;38;33;Quadro n. 12;"Serie do Distrito Federal; nao comparar diretamente com Brasil. Exercicio 1928 corresponde ao ano-calendario 1927; exercicio 1929 corresponde ao ano-calendario 1928. A errata do livro corrige o Quadro 12, coluna 3, linha 17, de 8.659:361$000 para 8.659:361$200. A propria fonte observa que a estatistica de 1929 cobre apenas a renda de 1928 lancada/tributada ate 31 de dezembro; tratar como serie parcial ou preliminar. Soma das pessoas por faixa fecha com o total publicado (26099). A soma da renda das faixas difere do total publicado em 0:556$000; foram preservados os valores por faixa e o total publicado em campos separados."
1928;1929;Distrito Federal;0;souza_reis_1930_distrito_federal_1927_1928;F05;5;De 90:000$000 a 120:000$000;90000;120000;0;231;23935404.1;103616467.965368;23.935:404$100;reis;mil-reis;mil-reis;renda global liquida;pessoas publicadas diretamente na tabela;Souza Reis, F. T. de. O imposto de renda em seis annos de adaptacao no Brasil, 1924-1929. Rio de Janeiro, 1930, p. 33, Quadro n. 12.;https://archive.org/details/impostrenda1924souz;https://archive.org/download/impostrenda1924souz/impostrenda1924souz.pdf;local-desktop:/Dados de Imposto de Renda/impostrenda1924souz.pdf;outputs/fontes-pedro-souza-irpf/souza_reis_1930_quadro_12_pdfpage_38.png;38;33;Quadro n. 12;"Serie do Distrito Federal; nao comparar diretamente com Brasil. Exercicio 1928 corresponde ao ano-calendario 1927; exercicio 1929 corresponde ao ano-calendario 1928. A errata do livro corrige o Quadro 12, coluna 3, linha 17, de 8.659:361$000 para 8.659:361$200. A propria fonte observa que a estatistica de 1929 cobre apenas a renda de 1928 lancada/tributada ate 31 de dezembro; tratar como serie parcial ou preliminar. Soma das pessoas por faixa fecha com o total publicado (26099). A soma da renda das faixas difere do total publicado em 0:556$000; foram preservados os valores por faixa e o total publicado em campos separados."
1928;1929;Distrito Federal;0;souza_reis_1930_distrito_federal_1927_1928;F06;6;De 120:000$000 a 150:000$000;120000;150000;0;141;18784361.0;133222418.439716;18.784:361$000;reis;mil-reis;mil-reis;renda global liquida;pessoas publicadas diretamente na tabela;Souza Reis, F. T. de. O imposto de renda em seis annos de adaptacao no Brasil, 1924-1929. Rio de Janeiro, 1930, p. 33, Quadro n. 12.;https://archive.org/details/impostrenda1924souz;https://archive.org/download/impostrenda1924souz/impostrenda1924souz.pdf;local-desktop:/Dados de Imposto de Renda/impostrenda1924souz.pdf;outputs/fontes-pedro-souza-irpf/souza_reis_1930_quadro_12_pdfpage_38.png;38;33;Quadro n. 12;"Serie do Distrito Federal; nao comparar diretamente com Brasil. Exercicio 1928 corresponde ao ano-calendario 1927; exercicio 1929 corresponde ao ano-calendario 1928. A errata do livro corrige o Quadro 12, coluna 3, linha 17, de 8.659:361$000 para 8.659:361$200. A propria fonte observa que a estatistica de 1929 cobre apenas a renda de 1928 lancada/tributada ate 31 de dezembro; tratar como serie parcial ou preliminar. Soma das pessoas por faixa fecha com o total publicado (26099). A soma da renda das faixas difere do total publicado em 0:556$000; foram preservados os valores por faixa e o total publicado em campos separados."
1928;1929;Distrito Federal;0;souza_reis_1930_distrito_federal_1927_1928;F07;7;De 150:000$000 a 200:000$000;150000;200000;0;111;19149402.8;172517142.342342;19.149:402$800;reis;mil-reis;mil-reis;renda global liquida;pessoas publicadas diretamente na tabela;Souza Reis, F. T. de. O imposto de renda em seis annos de adaptacao no Brasil, 1924-1929. Rio de Janeiro, 1930, p. 33, Quadro n. 12.;https://archive.org/details/impostrenda1924souz;https://archive.org/download/impostrenda1924souz/impostrenda1924souz.pdf;local-desktop:/Dados de Imposto de Renda/impostrenda1924souz.pdf;outputs/fontes-pedro-souza-irpf/souza_reis_1930_quadro_12_pdfpage_38.png;38;33;Quadro n. 12;"Serie do Distrito Federal; nao comparar diretamente com Brasil. Exercicio 1928 corresponde ao ano-calendario 1927; exercicio 1929 corresponde ao ano-calendario 1928. A errata do livro corrige o Quadro 12, coluna 3, linha 17, de 8.659:361$000 para 8.659:361$200. A propria fonte observa que a estatistica de 1929 cobre apenas a renda de 1928 lancada/tributada ate 31 de dezembro; tratar como serie parcial ou preliminar. Soma das pessoas por faixa fecha com o total publicado (26099). A soma da renda das faixas difere do total publicado em 0:556$000; foram preservados os valores por faixa e o total publicado em campos separados."
1928;1929;Distrito Federal;0;souza_reis_1930_distrito_federal_1927_1928;F08;8;De 200:000$000 a 250:000$000;200000;250000;0;54;11943751.1;221180575.925926;11.943:751$100;reis;mil-reis;mil-reis;renda global liquida;pessoas publicadas diretamente na tabela;Souza Reis, F. T. de. O imposto de renda em seis annos de adaptacao no Brasil, 1924-1929. Rio de Janeiro, 1930, p. 33, Quadro n. 12.;https://archive.org/details/impostrenda1924souz;https://archive.org/download/impostrenda1924souz/impostrenda1924souz.pdf;local-desktop:/Dados de Imposto de Renda/impostrenda1924souz.pdf;outputs/fontes-pedro-souza-irpf/souza_reis_1930_quadro_12_pdfpage_38.png;38;33;Quadro n. 12;"Serie do Distrito Federal; nao comparar diretamente com Brasil. Exercicio 1928 corresponde ao ano-calendario 1927; exercicio 1929 corresponde ao ano-calendario 1928. A errata do livro corrige o Quadro 12, coluna 3, linha 17, de 8.659:361$000 para 8.659:361$200. A propria fonte observa que a estatistica de 1929 cobre apenas a renda de 1928 lancada/tributada ate 31 de dezembro; tratar como serie parcial ou preliminar. Soma das pessoas por faixa fecha com o total publicado (26099). A soma da renda das faixas difere do total publicado em 0:556$000; foram preservados os valores por faixa e o total publicado em campos separados."
1928;1929;Distrito Federal;0;souza_reis_1930_distrito_federal_1927_1928;F09;9;De 250:000$000 a 300:000$000;250000;300000;0;41;11264748.6;274749965.853659;11.264:748$600;reis;mil-reis;mil-reis;renda global liquida;pessoas publicadas diretamente na tabela;Souza Reis, F. T. de. O imposto de renda em seis annos de adaptacao no Brasil, 1924-1929. Rio de Janeiro, 1930, p. 33, Quadro n. 12.;https://archive.org/details/impostrenda1924souz;https://archive.org/download/impostrenda1924souz/impostrenda1924souz.pdf;local-desktop:/Dados de Imposto de Renda/impostrenda1924souz.pdf;outputs/fontes-pedro-souza-irpf/souza_reis_1930_quadro_12_pdfpage_38.png;38;33;Quadro n. 12;"Serie do Distrito Federal; nao comparar diretamente com Brasil. Exercicio 1928 corresponde ao ano-calendario 1927; exercicio 1929 corresponde ao ano-calendario 1928. A errata do livro corrige o Quadro 12, coluna 3, linha 17, de 8.659:361$000 para 8.659:361$200. A propria fonte observa que a estatistica de 1929 cobre apenas a renda de 1928 lancada/tributada ate 31 de dezembro; tratar como serie parcial ou preliminar. Soma das pessoas por faixa fecha com o total publicado (26099). A soma da renda das faixas difere do total publicado em 0:556$000; foram preservados os valores por faixa e o total publicado em campos separados."
1928;1929;Distrito Federal;0;souza_reis_1930_distrito_federal_1927_1928;F10;10;De 300:000$000 a 400:000$000;300000;400000;0;34;11437043.6;336383635.294118;11.437:043$600;reis;mil-reis;mil-reis;renda global liquida;pessoas publicadas diretamente na tabela;Souza Reis, F. T. de. O imposto de renda em seis annos de adaptacao no Brasil, 1924-1929. Rio de Janeiro, 1930, p. 33, Quadro n. 12.;https://archive.org/details/impostrenda1924souz;https://archive.org/download/impostrenda1924souz/impostrenda1924souz.pdf;local-desktop:/Dados de Imposto de Renda/impostrenda1924souz.pdf;outputs/fontes-pedro-souza-irpf/souza_reis_1930_quadro_12_pdfpage_38.png;38;33;Quadro n. 12;"Serie do Distrito Federal; nao comparar diretamente com Brasil. Exercicio 1928 corresponde ao ano-calendario 1927; exercicio 1929 corresponde ao ano-calendario 1928. A errata do livro corrige o Quadro 12, coluna 3, linha 17, de 8.659:361$000 para 8.659:361$200. A propria fonte observa que a estatistica de 1929 cobre apenas a renda de 1928 lancada/tributada ate 31 de dezembro; tratar como serie parcial ou preliminar. Soma das pessoas por faixa fecha com o total publicado (26099). A soma da renda das faixas difere do total publicado em 0:556$000; foram preservados os valores por faixa e o total publicado em campos separados."
1928;1929;Distrito Federal;0;souza_reis_1930_distrito_federal_1927_1928;F11;11;De 400:000$000 a 500:000$000;400000;500000;0;23;9969458.6;433454721.73913;9.969:458$600;reis;mil-reis;mil-reis;renda global liquida;pessoas publicadas diretamente na tabela;Souza Reis, F. T. de. O imposto de renda em seis annos de adaptacao no Brasil, 1924-1929. Rio de Janeiro, 1930, p. 33, Quadro n. 12.;https://archive.org/details/impostrenda1924souz;https://archive.org/download/impostrenda1924souz/impostrenda1924souz.pdf;local-desktop:/Dados de Imposto de Renda/impostrenda1924souz.pdf;outputs/fontes-pedro-souza-irpf/souza_reis_1930_quadro_12_pdfpage_38.png;38;33;Quadro n. 12;"Serie do Distrito Federal; nao comparar diretamente com Brasil. Exercicio 1928 corresponde ao ano-calendario 1927; exercicio 1929 corresponde ao ano-calendario 1928. A errata do livro corrige o Quadro 12, coluna 3, linha 17, de 8.659:361$000 para 8.659:361$200. A propria fonte observa que a estatistica de 1929 cobre apenas a renda de 1928 lancada/tributada ate 31 de dezembro; tratar como serie parcial ou preliminar. Soma das pessoas por faixa fecha com o total publicado (26099). A soma da renda das faixas difere do total publicado em 0:556$000; foram preservados os valores por faixa e o total publicado em campos separados."
1928;1929;Distrito Federal;0;souza_reis_1930_distrito_federal_1927_1928;F12;12;De 500:000$000 a 600:000$000;500000;600000;0;11;5865715.0;533246818.181818;5.865:715$000;reis;mil-reis;mil-reis;renda global liquida;pessoas publicadas diretamente na tabela;Souza Reis, F. T. de. O imposto de renda em seis annos de adaptacao no Brasil, 1924-1929. Rio de Janeiro, 1930, p. 33, Quadro n. 12.;https://archive.org/details/impostrenda1924souz;https://archive.org/download/impostrenda1924souz/impostrenda1924souz.pdf;local-desktop:/Dados de Imposto de Renda/impostrenda1924souz.pdf;outputs/fontes-pedro-souza-irpf/souza_reis_1930_quadro_12_pdfpage_38.png;38;33;Quadro n. 12;"Serie do Distrito Federal; nao comparar diretamente com Brasil. Exercicio 1928 corresponde ao ano-calendario 1927; exercicio 1929 corresponde ao ano-calendario 1928. A errata do livro corrige o Quadro 12, coluna 3, linha 17, de 8.659:361$000 para 8.659:361$200. A propria fonte observa que a estatistica de 1929 cobre apenas a renda de 1928 lancada/tributada ate 31 de dezembro; tratar como serie parcial ou preliminar. Soma das pessoas por faixa fecha com o total publicado (26099). A soma da renda das faixas difere do total publicado em 0:556$000; foram preservados os valores por faixa e o total publicado em campos separados."
1928;1929;Distrito Federal;0;souza_reis_1930_distrito_federal_1927_1928;F13;13;De 600:000$000 a 700:000$000;600000;700000;0;7;4530630.8;647232971.428571;4.530:630$800;reis;mil-reis;mil-reis;renda global liquida;pessoas publicadas diretamente na tabela;Souza Reis, F. T. de. O imposto de renda em seis annos de adaptacao no Brasil, 1924-1929. Rio de Janeiro, 1930, p. 33, Quadro n. 12.;https://archive.org/details/impostrenda1924souz;https://archive.org/download/impostrenda1924souz/impostrenda1924souz.pdf;local-desktop:/Dados de Imposto de Renda/impostrenda1924souz.pdf;outputs/fontes-pedro-souza-irpf/souza_reis_1930_quadro_12_pdfpage_38.png;38;33;Quadro n. 12;"Serie do Distrito Federal; nao comparar diretamente com Brasil. Exercicio 1928 corresponde ao ano-calendario 1927; exercicio 1929 corresponde ao ano-calendario 1928. A errata do livro corrige o Quadro 12, coluna 3, linha 17, de 8.659:361$000 para 8.659:361$200. A propria fonte observa que a estatistica de 1929 cobre apenas a renda de 1928 lancada/tributada ate 31 de dezembro; tratar como serie parcial ou preliminar. Soma das pessoas por faixa fecha com o total publicado (26099). A soma da renda das faixas difere do total publicado em 0:556$000; foram preservados os valores por faixa e o total publicado em campos separados."
1928;1929;Distrito Federal;0;souza_reis_1930_distrito_federal_1927_1928;F14;14;De 700:000$000 a 800:000$000;700000;800000;0;1;711179.5;711179500.0;711:179$500;reis;mil-reis;mil-reis;renda global liquida;pessoas publicadas diretamente na tabela;Souza Reis, F. T. de. O imposto de renda em seis annos de adaptacao no Brasil, 1924-1929. Rio de Janeiro, 1930, p. 33, Quadro n. 12.;https://archive.org/details/impostrenda1924souz;https://archive.org/download/impostrenda1924souz/impostrenda1924souz.pdf;local-desktop:/Dados de Imposto de Renda/impostrenda1924souz.pdf;outputs/fontes-pedro-souza-irpf/souza_reis_1930_quadro_12_pdfpage_38.png;38;33;Quadro n. 12;"Serie do Distrito Federal; nao comparar diretamente com Brasil. Exercicio 1928 corresponde ao ano-calendario 1927; exercicio 1929 corresponde ao ano-calendario 1928. A errata do livro corrige o Quadro 12, coluna 3, linha 17, de 8.659:361$000 para 8.659:361$200. A propria fonte observa que a estatistica de 1929 cobre apenas a renda de 1928 lancada/tributada ate 31 de dezembro; tratar como serie parcial ou preliminar. Soma das pessoas por faixa fecha com o total publicado (26099). A soma da renda das faixas difere do total publicado em 0:556$000; foram preservados os valores por faixa e o total publicado em campos separados."
1928;1929;Distrito Federal;0;souza_reis_1930_distrito_federal_1927_1928;F15;15;De 800:000$000 a 900:000$000;800000;900000;0;3;2543056.3;847685433.333333;2.543:056$300;reis;mil-reis;mil-reis;renda global liquida;pessoas publicadas diretamente na tabela;Souza Reis, F. T. de. O imposto de renda em seis annos de adaptacao no Brasil, 1924-1929. Rio de Janeiro, 1930, p. 33, Quadro n. 12.;https://archive.org/details/impostrenda1924souz;https://archive.org/download/impostrenda1924souz/impostrenda1924souz.pdf;local-desktop:/Dados de Imposto de Renda/impostrenda1924souz.pdf;outputs/fontes-pedro-souza-irpf/souza_reis_1930_quadro_12_pdfpage_38.png;38;33;Quadro n. 12;"Serie do Distrito Federal; nao comparar diretamente com Brasil. Exercicio 1928 corresponde ao ano-calendario 1927; exercicio 1929 corresponde ao ano-calendario 1928. A errata do livro corrige o Quadro 12, coluna 3, linha 17, de 8.659:361$000 para 8.659:361$200. A propria fonte observa que a estatistica de 1929 cobre apenas a renda de 1928 lancada/tributada ate 31 de dezembro; tratar como serie parcial ou preliminar. Soma das pessoas por faixa fecha com o total publicado (26099). A soma da renda das faixas difere do total publicado em 0:556$000; foram preservados os valores por faixa e o total publicado em campos separados."
1928;1929;Distrito Federal;0;souza_reis_1930_distrito_federal_1927_1928;F16;16;De 900:000$000 a 1.000:000$000;900000;1000000;0;3;2853823.6;951274533.333333;2.853:823$600;reis;mil-reis;mil-reis;renda global liquida;pessoas publicadas diretamente na tabela;Souza Reis, F. T. de. O imposto de renda em seis annos de adaptacao no Brasil, 1924-1929. Rio de Janeiro, 1930, p. 33, Quadro n. 12.;https://archive.org/details/impostrenda1924souz;https://archive.org/download/impostrenda1924souz/impostrenda1924souz.pdf;local-desktop:/Dados de Imposto de Renda/impostrenda1924souz.pdf;outputs/fontes-pedro-souza-irpf/souza_reis_1930_quadro_12_pdfpage_38.png;38;33;Quadro n. 12;"Serie do Distrito Federal; nao comparar diretamente com Brasil. Exercicio 1928 corresponde ao ano-calendario 1927; exercicio 1929 corresponde ao ano-calendario 1928. A errata do livro corrige o Quadro 12, coluna 3, linha 17, de 8.659:361$000 para 8.659:361$200. A propria fonte observa que a estatistica de 1929 cobre apenas a renda de 1928 lancada/tributada ate 31 de dezembro; tratar como serie parcial ou preliminar. Soma das pessoas por faixa fecha com o total publicado (26099). A soma da renda das faixas difere do total publicado em 0:556$000; foram preservados os valores por faixa e o total publicado em campos separados."
1928;1929;Distrito Federal;0;souza_reis_1930_distrito_federal_1927_1928;F17;17;De 1.000:000$000 a 1.500:000$000;1000000;1500000;0;7;8807269.8;1258181400.0;8.807:269$800;reis;mil-reis;mil-reis;renda global liquida;pessoas publicadas diretamente na tabela;Souza Reis, F. T. de. O imposto de renda em seis annos de adaptacao no Brasil, 1924-1929. Rio de Janeiro, 1930, p. 33, Quadro n. 12.;https://archive.org/details/impostrenda1924souz;https://archive.org/download/impostrenda1924souz/impostrenda1924souz.pdf;local-desktop:/Dados de Imposto de Renda/impostrenda1924souz.pdf;outputs/fontes-pedro-souza-irpf/souza_reis_1930_quadro_12_pdfpage_38.png;38;33;Quadro n. 12;"Serie do Distrito Federal; nao comparar diretamente com Brasil. Exercicio 1928 corresponde ao ano-calendario 1927; exercicio 1929 corresponde ao ano-calendario 1928. A errata do livro corrige o Quadro 12, coluna 3, linha 17, de 8.659:361$000 para 8.659:361$200. A propria fonte observa que a estatistica de 1929 cobre apenas a renda de 1928 lancada/tributada ate 31 de dezembro; tratar como serie parcial ou preliminar. Soma das pessoas por faixa fecha com o total publicado (26099). A soma da renda das faixas difere do total publicado em 0:556$000; foram preservados os valores por faixa e o total publicado em campos separados."
1928;1929;Distrito Federal;0;souza_reis_1930_distrito_federal_1927_1928;F18;18;De 1.500:000$000 a 2.500:000$000;1500000;2500000;0;2;3276809.2;1638404600.0;3.276:809$200;reis;mil-reis;mil-reis;renda global liquida;pessoas publicadas diretamente na tabela;Souza Reis, F. T. de. O imposto de renda em seis annos de adaptacao no Brasil, 1924-1929. Rio de Janeiro, 1930, p. 33, Quadro n. 12.;https://archive.org/details/impostrenda1924souz;https://archive.org/download/impostrenda1924souz/impostrenda1924souz.pdf;local-desktop:/Dados de Imposto de Renda/impostrenda1924souz.pdf;outputs/fontes-pedro-souza-irpf/souza_reis_1930_quadro_12_pdfpage_38.png;38;33;Quadro n. 12;"Serie do Distrito Federal; nao comparar diretamente com Brasil. Exercicio 1928 corresponde ao ano-calendario 1927; exercicio 1929 corresponde ao ano-calendario 1928. A errata do livro corrige o Quadro 12, coluna 3, linha 17, de 8.659:361$000 para 8.659:361$200. A propria fonte observa que a estatistica de 1929 cobre apenas a renda de 1928 lancada/tributada ate 31 de dezembro; tratar como serie parcial ou preliminar. Soma das pessoas por faixa fecha com o total publicado (26099). A soma da renda das faixas difere do total publicado em 0:556$000; foram preservados os valores por faixa e o total publicado em campos separados."
1928;1929;Distrito Federal;0;souza_reis_1930_distrito_federal_1927_1928;F19;19;De 2.500:000$000 a 3.000:000$000;2500000;3000000;0;2;5460025.0;2730012500.0;5.460:025$000;reis;mil-reis;mil-reis;renda global liquida;pessoas publicadas diretamente na tabela;Souza Reis, F. T. de. O imposto de renda em seis annos de adaptacao no Brasil, 1924-1929. Rio de Janeiro, 1930, p. 33, Quadro n. 12.;https://archive.org/details/impostrenda1924souz;https://archive.org/download/impostrenda1924souz/impostrenda1924souz.pdf;local-desktop:/Dados de Imposto de Renda/impostrenda1924souz.pdf;outputs/fontes-pedro-souza-irpf/souza_reis_1930_quadro_12_pdfpage_38.png;38;33;Quadro n. 12;"Serie do Distrito Federal; nao comparar diretamente com Brasil. Exercicio 1928 corresponde ao ano-calendario 1927; exercicio 1929 corresponde ao ano-calendario 1928. A errata do livro corrige o Quadro 12, coluna 3, linha 17, de 8.659:361$000 para 8.659:361$200. A propria fonte observa que a estatistica de 1929 cobre apenas a renda de 1928 lancada/tributada ate 31 de dezembro; tratar como serie parcial ou preliminar. Soma das pessoas por faixa fecha com o total publicado (26099). A soma da renda das faixas difere do total publicado em 0:556$000; foram preservados os valores por faixa e o total publicado em campos separados."
1928;1929;Distrito Federal;0;souza_reis_1930_distrito_federal_1927_1928;F20;20;Acima de 3.000:000$000;3000000;;1;2;7970510.5;3985255250.0;7.970:510$500;reis;mil-reis;mil-reis;renda global liquida;pessoas publicadas diretamente na tabela;Souza Reis, F. T. de. O imposto de renda em seis annos de adaptacao no Brasil, 1924-1929. Rio de Janeiro, 1930, p. 33, Quadro n. 12.;https://archive.org/details/impostrenda1924souz;https://archive.org/download/impostrenda1924souz/impostrenda1924souz.pdf;local-desktop:/Dados de Imposto de Renda/impostrenda1924souz.pdf;outputs/fontes-pedro-souza-irpf/souza_reis_1930_quadro_12_pdfpage_38.png;38;33;Quadro n. 12;"Serie do Distrito Federal; nao comparar diretamente com Brasil. Exercicio 1928 corresponde ao ano-calendario 1927; exercicio 1929 corresponde ao ano-calendario 1928. A errata do livro corrige o Quadro 12, coluna 3, linha 17, de 8.659:361$000 para 8.659:361$200. A propria fonte observa que a estatistica de 1929 cobre apenas a renda de 1928 lancada/tributada ate 31 de dezembro; tratar como serie parcial ou preliminar. Soma das pessoas por faixa fecha com o total publicado (26099). A soma da renda das faixas difere do total publicado em 0:556$000; foram preservados os valores por faixa e o total publicado em campos separados."
