ano_calendario;ano_lancamento;unidade_geografica;pessoas_fisicas_notificadas_total_publicado;pessoas_fisicas_notificadas_soma_faixas;diferenca_pessoas_total_menos_faixas;renda_liquida_declarada_cr_mil_total;renda_liquida_declarada_cr_mil_soma_faixas;diferenca_renda_total_menos_faixas;renda_liquida_media_cr;imposto_notificado_cr_mil_total;imposto_notificado_cr_mil_soma_faixas;diferenca_imposto_total_menos_faixas;tipo_rendimento;fonte;url_fonte;arquivo_fonte;pagina_pdf;pagina_impressa;observacao
1946;1947;Brasil;170816;170816;0;14901666;14901666;0;87238.115867;;;;renda liquida;IBGE, Anuario Estatistico do Brasil 1949, p. 570, Tabela b;https://biblioteca.ibge.gov.br/visualizacao/periodicos/20/aeb_1949.pdf;outputs/fontes-pedro-souza-irpf/aeb_1949.pdf;603;570;
1947;1948;Brasil;171821;171821;0;14365817;14365817;0;83609.203764;1203327;1203327;0;renda liquida;IBGE, Anuario Estatistico do Brasil 1949, p. 570, Tabela b;https://biblioteca.ibge.gov.br/visualizacao/periodicos/20/aeb_1949.pdf;outputs/fontes-pedro-souza-irpf/aeb_1949.pdf;603;570;
1948;1949;Brasil;200600;200600;0;16210152;16210152;0;80808.334995;1311926;1311926;0;renda liquida;IBGE, Anuario Estatistico do Brasil 1950, p. 496, Tabela b;https://biblioteca.ibge.gov.br/visualizacao/periodicos/20/aeb_1950.pdf;outputs/fontes-pedro-souza-irpf/aeb_1950.pdf;512;496;
1949;1950;Brasil;235623;235623;0;18664242;18664242;0;79212.309494;1469321;1469321;0;renda liquida;IBGE, Anuario Estatistico do Brasil 1951, p. 506, Tabela b;https://biblioteca.ibge.gov.br/visualizacao/periodicos/20/aeb_1951.pdf;outputs/fontes-pedro-souza-irpf/aeb_1951.pdf;529;506;
1950;1951;Brasil;275264;275264;0;23637494;23637494;0;85872.086433;1968684;1968684;0;renda liquida;IBGE, Anuario Estatistico do Brasil 1952, p. 515, Tabela d;https://biblioteca.ibge.gov.br/visualizacao/periodicos/20/aeb_1952.pdf;outputs/fontes-pedro-souza-irpf/aeb_1952.pdf;530;515;
1951;1952;Brasil;249017;246017;3000;27566002;27566002;0;110699.277559;;;;renda liquida;IBGE, Anuario Estatistico do Brasil 1953, p. 444, Tabela c;https://biblioteca.ibge.gov.br/visualizacao/periodicos/20/aeb_1953.pdf;outputs/fontes-pedro-souza-irpf/aeb_1953.pdf;469;444;"A soma das classes publicadas tem 246017 contribuintes; o total publicado e 249017."
1952;1953;Brasil;276945;276945;0;30963056;30963056;0;111802.184549;;;;renda liquida;IBGE, Anuario Estatistico do Brasil 1954, p. 482, Tabela c;https://biblioteca.ibge.gov.br/visualizacao/periodicos/20/aeb_1954.pdf;outputs/fontes-pedro-souza-irpf/aeb_1954.pdf;517;482;
1953;1954;Brasil;309019;309019;0;35515255;35515255;0;114929.03349;;;;renda liquida;IBGE, Anuario Estatistico do Brasil 1955, p. 531, Tabela c;https://biblioteca.ibge.gov.br/visualizacao/periodicos/20/aeb_1955.pdf;outputs/fontes-pedro-souza-irpf/aeb_1955.pdf;552;531;
1954;1955;Brasil;192257;192257;0;38429004;38429004;0;199883.510093;5147683;5147683;0;renda liquida;IBGE, Anuario Estatistico do Brasil 1956, p. 404, Tabela 2a;https://biblioteca.ibge.gov.br/visualizacao/periodicos/20/aeb_1956.pdf;outputs/fontes-pedro-souza-irpf/aeb_1956.pdf;400;404;
1955;1956;Brasil;262409;262409;0;49225054;49225054;0;187589.046107;6178093;6178093;0;renda liquida;IBGE, Anuario Estatistico do Brasil 1957, p. 452, Tabela 3e/2ba;https://biblioteca.ibge.gov.br/visualizacao/periodicos/20/aeb_1957.pdf;outputs/fontes-pedro-souza-irpf/aeb_1957.pdf;474;452;
1956;1957;Brasil;288367;288367;0;55420323;55440318;-19995;192186.772412;6668362;6668362;0;renda liquida;IBGE, Anuario Estatistico do Brasil 1958, p. 450, Tabela 3d/1ba;https://biblioteca.ibge.gov.br/visualizacao/periodicos/20/aeb_1958.pdf;outputs/fontes-pedro-souza-irpf/aeb_1958.pdf;476;450;"A soma da coluna de renda liquida das classes publicadas e 55.440.318; o total publicado e 55.420.323."
1957;1958;Brasil;340101;340101;0;71294429;71294429;0;209627.225442;8936565;8936565;0;renda liquida;IBGE, Anuario Estatistico do Brasil 1959, p. 436, Tabela 3d/ba;https://biblioteca.ibge.gov.br/visualizacao/periodicos/20/aeb_1959.pdf;outputs/fontes-pedro-souza-irpf/aeb_1959.pdf;440;436;
1958;1959;Brasil;264060;264060;0;70698125;70698125;0;267735.079149;9414566;9414506;60;renda liquida;IBGE, Anuario Estatistico do Brasil 1960, p. 377, Tabela 2a;https://biblioteca.ibge.gov.br/visualizacao/periodicos/20/aeb_1960.pdf;outputs/fontes-pedro-souza-irpf/aeb_1960.pdf;383;377;"A soma da coluna de imposto notificado das classes publicadas e 9.414.506; o total publicado e 9.414.566."
1959;1960;Brasil;358242;358242;0;102888243;102888243;0;287203.183881;11658348;11658348;0;renda liquida;IBGE, Anuario Estatistico do Brasil 1961, p. 423, Tabela 2a;https://biblioteca.ibge.gov.br/visualizacao/periodicos/20/aeb_1961.pdf;outputs/fontes-pedro-souza-irpf/aeb_1961.pdf;420;423;
1960;1961;Brasil;116179;116179;0;68707263;68707263;0;591391.41325;9022936;9022936;0;renda liquida;IBGE, Anuario Estatistico do Brasil 1962, p. 341, Tabela 2a;https://biblioteca.ibge.gov.br/visualizacao/periodicos/20/aeb_1962.pdf;outputs/fontes-pedro-souza-irpf/aeb_1962.pdf;339;341;
