ano_exercicio;ano_calendario_inferido;unidade_geografica;moeda;unidade_monetaria_agregados;unidade_limites_faixa;serie_nacional_comparavel_renda_liquida;fonte;url_archive;url_pdf_original;arquivo_fonte;arquivo_texto_extraido;arquivo_imagem_declarantes;arquivo_imagem_rendimento;pagina_pdf_declarantes;pagina_pdf_rendimento;pagina_impressa_declarantes;pagina_impressa_rendimento;observacao;codigo_faixa;ordem_faixa;faixa_renda_tributavel_anual_rs_mil;limite_inferior_rs;limite_superior_rs;faixa_topo_aberta;numero_declarantes;rendimento_tributavel_rs_milhoes;rendimento_tributavel_rs_mil;rendimento_tributavel_medio_rs;rendimento_tributavel_medio_rs_mil_publicado;tipo_rendimento_faixa;tipo_valor_monetario;tabela_declarantes;tabela_rendimento;observacao_linha
1999;1998;Brasil;R$;"R$ 1.000.000 na fonte; R$ 1.000 em coluna derivada";"R$ 1,00; fonte rotula faixas em R$ 1.000 anuais";0;Brasil. Ministerio da Fazenda. Secretaria da Receita Federal. Coordenacao-Geral de Estudos Economico-Tributarios. Analise Economica da DIRPF 1999. Texto para Discussao 09. Brasilia: Secretaria da Receita Federal, agosto de 2000.;https://web.archive.org/web/20151113053942id_/http://www.receita.fazenda.gov.br/Publico/estudotributarios/estatisticas/11AnaliseEconomicaDIRPF1999.pdf;http://www.receita.fazenda.gov.br/Publico/estudotributarios/estatisticas/11AnaliseEconomicaDIRPF1999.pdf;outputs/fontes-pedro-souza-irpf/analise_economica_dirpf_1999.pdf;outputs/fontes-pedro-souza-irpf/analise_economica_dirpf_1999_texto_extraido.txt;outputs/fontes-pedro-souza-irpf/analise_economica_dirpf_1999_paginas/pagina_025.png;outputs/fontes-pedro-souza-irpf/analise_economica_dirpf_1999_paginas/pagina_026.png;25;26;"anexo sem numeracao visivel; PDF 25";"anexo sem numeracao visivel; PDF 26";"Fonte baixada do Wayback Machine, pois a URL original da Receita retornou 404 em 2026-06-04. A tabela por faixa usa a classificacao de renda anual tributavel em R$ mil. O numero de declarantes por faixa vem da Tabela II-A/Quadro 05; o rendimento tributavel por faixa vem da Tabela III-A/Quadro 05. A soma dos valores por faixa fecha exatamente com o total publicado de R$ 215.413,41 milhoes. Ha uma inconsistencia de cobertura: o Quadro 04 informa frequencias de rendimentos tributaveis de 4.065.314 no formulario completo e 6.405.396 no simplificado, totalizando 10.470.710, enquanto a distribuicao por faixa soma 11.056.038 declarantes. Essa diferenca foi preservada e anotada, sem harmonizacao artificial. O Quadro 04 reporta Rendimento Tributavel Liquido total, mas nao foi localizada distribuicao direta de RLIQ por faixa; por isso esta tabela por faixa registra apenas RBT diretamente observado.";F01;1;0 a 12;0;12000.0;0;4777068;28738.69;28738690.0;6015.96837223167;6.02;rendimento tributavel anual;rendimento tributavel;Tabela II-A / Quadro 05;Tabela III-A / Quadro 05;"Valores transcritos do total Brasil; agregados monetarios publicados em R$ milhoes."
1999;1998;Brasil;R$;"R$ 1.000.000 na fonte; R$ 1.000 em coluna derivada";"R$ 1,00; fonte rotula faixas em R$ 1.000 anuais";0;Brasil. Ministerio da Fazenda. Secretaria da Receita Federal. Coordenacao-Geral de Estudos Economico-Tributarios. Analise Economica da DIRPF 1999. Texto para Discussao 09. Brasilia: Secretaria da Receita Federal, agosto de 2000.;https://web.archive.org/web/20151113053942id_/http://www.receita.fazenda.gov.br/Publico/estudotributarios/estatisticas/11AnaliseEconomicaDIRPF1999.pdf;http://www.receita.fazenda.gov.br/Publico/estudotributarios/estatisticas/11AnaliseEconomicaDIRPF1999.pdf;outputs/fontes-pedro-souza-irpf/analise_economica_dirpf_1999.pdf;outputs/fontes-pedro-souza-irpf/analise_economica_dirpf_1999_texto_extraido.txt;outputs/fontes-pedro-souza-irpf/analise_economica_dirpf_1999_paginas/pagina_025.png;outputs/fontes-pedro-souza-irpf/analise_economica_dirpf_1999_paginas/pagina_026.png;25;26;"anexo sem numeracao visivel; PDF 25";"anexo sem numeracao visivel; PDF 26";"Fonte baixada do Wayback Machine, pois a URL original da Receita retornou 404 em 2026-06-04. A tabela por faixa usa a classificacao de renda anual tributavel em R$ mil. O numero de declarantes por faixa vem da Tabela II-A/Quadro 05; o rendimento tributavel por faixa vem da Tabela III-A/Quadro 05. A soma dos valores por faixa fecha exatamente com o total publicado de R$ 215.413,41 milhoes. Ha uma inconsistencia de cobertura: o Quadro 04 informa frequencias de rendimentos tributaveis de 4.065.314 no formulario completo e 6.405.396 no simplificado, totalizando 10.470.710, enquanto a distribuicao por faixa soma 11.056.038 declarantes. Essa diferenca foi preservada e anotada, sem harmonizacao artificial. O Quadro 04 reporta Rendimento Tributavel Liquido total, mas nao foi localizada distribuicao direta de RLIQ por faixa; por isso esta tabela por faixa registra apenas RBT diretamente observado.";F02;2;12 a 18;12000;18000.0;0;2652812;38112.37;38112370.0;14366.781362569229;14.37;rendimento tributavel anual;rendimento tributavel;Tabela II-A / Quadro 05;Tabela III-A / Quadro 05;"Valores transcritos do total Brasil; agregados monetarios publicados em R$ milhoes."
1999;1998;Brasil;R$;"R$ 1.000.000 na fonte; R$ 1.000 em coluna derivada";"R$ 1,00; fonte rotula faixas em R$ 1.000 anuais";0;Brasil. Ministerio da Fazenda. Secretaria da Receita Federal. Coordenacao-Geral de Estudos Economico-Tributarios. Analise Economica da DIRPF 1999. Texto para Discussao 09. Brasilia: Secretaria da Receita Federal, agosto de 2000.;https://web.archive.org/web/20151113053942id_/http://www.receita.fazenda.gov.br/Publico/estudotributarios/estatisticas/11AnaliseEconomicaDIRPF1999.pdf;http://www.receita.fazenda.gov.br/Publico/estudotributarios/estatisticas/11AnaliseEconomicaDIRPF1999.pdf;outputs/fontes-pedro-souza-irpf/analise_economica_dirpf_1999.pdf;outputs/fontes-pedro-souza-irpf/analise_economica_dirpf_1999_texto_extraido.txt;outputs/fontes-pedro-souza-irpf/analise_economica_dirpf_1999_paginas/pagina_025.png;outputs/fontes-pedro-souza-irpf/analise_economica_dirpf_1999_paginas/pagina_026.png;25;26;"anexo sem numeracao visivel; PDF 25";"anexo sem numeracao visivel; PDF 26";"Fonte baixada do Wayback Machine, pois a URL original da Receita retornou 404 em 2026-06-04. A tabela por faixa usa a classificacao de renda anual tributavel em R$ mil. O numero de declarantes por faixa vem da Tabela II-A/Quadro 05; o rendimento tributavel por faixa vem da Tabela III-A/Quadro 05. A soma dos valores por faixa fecha exatamente com o total publicado de R$ 215.413,41 milhoes. Ha uma inconsistencia de cobertura: o Quadro 04 informa frequencias de rendimentos tributaveis de 4.065.314 no formulario completo e 6.405.396 no simplificado, totalizando 10.470.710, enquanto a distribuicao por faixa soma 11.056.038 declarantes. Essa diferenca foi preservada e anotada, sem harmonizacao artificial. O Quadro 04 reporta Rendimento Tributavel Liquido total, mas nao foi localizada distribuicao direta de RLIQ por faixa; por isso esta tabela por faixa registra apenas RBT diretamente observado.";F03;3;18 a 24;18000;24000.0;0;1138450;23621.89;23621890.0;20749.1677280513;20.75;rendimento tributavel anual;rendimento tributavel;Tabela II-A / Quadro 05;Tabela III-A / Quadro 05;"Valores transcritos do total Brasil; agregados monetarios publicados em R$ milhoes."
1999;1998;Brasil;R$;"R$ 1.000.000 na fonte; R$ 1.000 em coluna derivada";"R$ 1,00; fonte rotula faixas em R$ 1.000 anuais";0;Brasil. Ministerio da Fazenda. Secretaria da Receita Federal. Coordenacao-Geral de Estudos Economico-Tributarios. Analise Economica da DIRPF 1999. Texto para Discussao 09. Brasilia: Secretaria da Receita Federal, agosto de 2000.;https://web.archive.org/web/20151113053942id_/http://www.receita.fazenda.gov.br/Publico/estudotributarios/estatisticas/11AnaliseEconomicaDIRPF1999.pdf;http://www.receita.fazenda.gov.br/Publico/estudotributarios/estatisticas/11AnaliseEconomicaDIRPF1999.pdf;outputs/fontes-pedro-souza-irpf/analise_economica_dirpf_1999.pdf;outputs/fontes-pedro-souza-irpf/analise_economica_dirpf_1999_texto_extraido.txt;outputs/fontes-pedro-souza-irpf/analise_economica_dirpf_1999_paginas/pagina_025.png;outputs/fontes-pedro-souza-irpf/analise_economica_dirpf_1999_paginas/pagina_026.png;25;26;"anexo sem numeracao visivel; PDF 25";"anexo sem numeracao visivel; PDF 26";"Fonte baixada do Wayback Machine, pois a URL original da Receita retornou 404 em 2026-06-04. A tabela por faixa usa a classificacao de renda anual tributavel em R$ mil. O numero de declarantes por faixa vem da Tabela II-A/Quadro 05; o rendimento tributavel por faixa vem da Tabela III-A/Quadro 05. A soma dos valores por faixa fecha exatamente com o total publicado de R$ 215.413,41 milhoes. Ha uma inconsistencia de cobertura: o Quadro 04 informa frequencias de rendimentos tributaveis de 4.065.314 no formulario completo e 6.405.396 no simplificado, totalizando 10.470.710, enquanto a distribuicao por faixa soma 11.056.038 declarantes. Essa diferenca foi preservada e anotada, sem harmonizacao artificial. O Quadro 04 reporta Rendimento Tributavel Liquido total, mas nao foi localizada distribuicao direta de RLIQ por faixa; por isso esta tabela por faixa registra apenas RBT diretamente observado.";F04;4;24 a 30;24000;30000.0;0;691647;18531.78;18531780.0;26793.696784631466;26.79;rendimento tributavel anual;rendimento tributavel;Tabela II-A / Quadro 05;Tabela III-A / Quadro 05;"Valores transcritos do total Brasil; agregados monetarios publicados em R$ milhoes."
1999;1998;Brasil;R$;"R$ 1.000.000 na fonte; R$ 1.000 em coluna derivada";"R$ 1,00; fonte rotula faixas em R$ 1.000 anuais";0;Brasil. Ministerio da Fazenda. Secretaria da Receita Federal. Coordenacao-Geral de Estudos Economico-Tributarios. Analise Economica da DIRPF 1999. Texto para Discussao 09. Brasilia: Secretaria da Receita Federal, agosto de 2000.;https://web.archive.org/web/20151113053942id_/http://www.receita.fazenda.gov.br/Publico/estudotributarios/estatisticas/11AnaliseEconomicaDIRPF1999.pdf;http://www.receita.fazenda.gov.br/Publico/estudotributarios/estatisticas/11AnaliseEconomicaDIRPF1999.pdf;outputs/fontes-pedro-souza-irpf/analise_economica_dirpf_1999.pdf;outputs/fontes-pedro-souza-irpf/analise_economica_dirpf_1999_texto_extraido.txt;outputs/fontes-pedro-souza-irpf/analise_economica_dirpf_1999_paginas/pagina_025.png;outputs/fontes-pedro-souza-irpf/analise_economica_dirpf_1999_paginas/pagina_026.png;25;26;"anexo sem numeracao visivel; PDF 25";"anexo sem numeracao visivel; PDF 26";"Fonte baixada do Wayback Machine, pois a URL original da Receita retornou 404 em 2026-06-04. A tabela por faixa usa a classificacao de renda anual tributavel em R$ mil. O numero de declarantes por faixa vem da Tabela II-A/Quadro 05; o rendimento tributavel por faixa vem da Tabela III-A/Quadro 05. A soma dos valores por faixa fecha exatamente com o total publicado de R$ 215.413,41 milhoes. Ha uma inconsistencia de cobertura: o Quadro 04 informa frequencias de rendimentos tributaveis de 4.065.314 no formulario completo e 6.405.396 no simplificado, totalizando 10.470.710, enquanto a distribuicao por faixa soma 11.056.038 declarantes. Essa diferenca foi preservada e anotada, sem harmonizacao artificial. O Quadro 04 reporta Rendimento Tributavel Liquido total, mas nao foi localizada distribuicao direta de RLIQ por faixa; por isso esta tabela por faixa registra apenas RBT diretamente observado.";F05;5;30 a 36;30000;36000.0;0;444685;14606.65;14606650.0;32847.18396168074;32.85;rendimento tributavel anual;rendimento tributavel;Tabela II-A / Quadro 05;Tabela III-A / Quadro 05;"Valores transcritos do total Brasil; agregados monetarios publicados em R$ milhoes."
1999;1998;Brasil;R$;"R$ 1.000.000 na fonte; R$ 1.000 em coluna derivada";"R$ 1,00; fonte rotula faixas em R$ 1.000 anuais";0;Brasil. Ministerio da Fazenda. Secretaria da Receita Federal. Coordenacao-Geral de Estudos Economico-Tributarios. Analise Economica da DIRPF 1999. Texto para Discussao 09. Brasilia: Secretaria da Receita Federal, agosto de 2000.;https://web.archive.org/web/20151113053942id_/http://www.receita.fazenda.gov.br/Publico/estudotributarios/estatisticas/11AnaliseEconomicaDIRPF1999.pdf;http://www.receita.fazenda.gov.br/Publico/estudotributarios/estatisticas/11AnaliseEconomicaDIRPF1999.pdf;outputs/fontes-pedro-souza-irpf/analise_economica_dirpf_1999.pdf;outputs/fontes-pedro-souza-irpf/analise_economica_dirpf_1999_texto_extraido.txt;outputs/fontes-pedro-souza-irpf/analise_economica_dirpf_1999_paginas/pagina_025.png;outputs/fontes-pedro-souza-irpf/analise_economica_dirpf_1999_paginas/pagina_026.png;25;26;"anexo sem numeracao visivel; PDF 25";"anexo sem numeracao visivel; PDF 26";"Fonte baixada do Wayback Machine, pois a URL original da Receita retornou 404 em 2026-06-04. A tabela por faixa usa a classificacao de renda anual tributavel em R$ mil. O numero de declarantes por faixa vem da Tabela II-A/Quadro 05; o rendimento tributavel por faixa vem da Tabela III-A/Quadro 05. A soma dos valores por faixa fecha exatamente com o total publicado de R$ 215.413,41 milhoes. Ha uma inconsistencia de cobertura: o Quadro 04 informa frequencias de rendimentos tributaveis de 4.065.314 no formulario completo e 6.405.396 no simplificado, totalizando 10.470.710, enquanto a distribuicao por faixa soma 11.056.038 declarantes. Essa diferenca foi preservada e anotada, sem harmonizacao artificial. O Quadro 04 reporta Rendimento Tributavel Liquido total, mas nao foi localizada distribuicao direta de RLIQ por faixa; por isso esta tabela por faixa registra apenas RBT diretamente observado.";F06;6;36 a 48;36000;48000.0;0;529960;21914.76;21914760.0;41351.72465846479;41.35;rendimento tributavel anual;rendimento tributavel;Tabela II-A / Quadro 05;Tabela III-A / Quadro 05;"Valores transcritos do total Brasil; agregados monetarios publicados em R$ milhoes."
1999;1998;Brasil;R$;"R$ 1.000.000 na fonte; R$ 1.000 em coluna derivada";"R$ 1,00; fonte rotula faixas em R$ 1.000 anuais";0;Brasil. Ministerio da Fazenda. Secretaria da Receita Federal. Coordenacao-Geral de Estudos Economico-Tributarios. Analise Economica da DIRPF 1999. Texto para Discussao 09. Brasilia: Secretaria da Receita Federal, agosto de 2000.;https://web.archive.org/web/20151113053942id_/http://www.receita.fazenda.gov.br/Publico/estudotributarios/estatisticas/11AnaliseEconomicaDIRPF1999.pdf;http://www.receita.fazenda.gov.br/Publico/estudotributarios/estatisticas/11AnaliseEconomicaDIRPF1999.pdf;outputs/fontes-pedro-souza-irpf/analise_economica_dirpf_1999.pdf;outputs/fontes-pedro-souza-irpf/analise_economica_dirpf_1999_texto_extraido.txt;outputs/fontes-pedro-souza-irpf/analise_economica_dirpf_1999_paginas/pagina_025.png;outputs/fontes-pedro-souza-irpf/analise_economica_dirpf_1999_paginas/pagina_026.png;25;26;"anexo sem numeracao visivel; PDF 25";"anexo sem numeracao visivel; PDF 26";"Fonte baixada do Wayback Machine, pois a URL original da Receita retornou 404 em 2026-06-04. A tabela por faixa usa a classificacao de renda anual tributavel em R$ mil. O numero de declarantes por faixa vem da Tabela II-A/Quadro 05; o rendimento tributavel por faixa vem da Tabela III-A/Quadro 05. A soma dos valores por faixa fecha exatamente com o total publicado de R$ 215.413,41 milhoes. Ha uma inconsistencia de cobertura: o Quadro 04 informa frequencias de rendimentos tributaveis de 4.065.314 no formulario completo e 6.405.396 no simplificado, totalizando 10.470.710, enquanto a distribuicao por faixa soma 11.056.038 declarantes. Essa diferenca foi preservada e anotada, sem harmonizacao artificial. O Quadro 04 reporta Rendimento Tributavel Liquido total, mas nao foi localizada distribuicao direta de RLIQ por faixa; por isso esta tabela por faixa registra apenas RBT diretamente observado.";F07;7;48 a 60;48000;60000.0;0;294578;15767.19;15767190.0;53524.66918778727;53.52;rendimento tributavel anual;rendimento tributavel;Tabela II-A / Quadro 05;Tabela III-A / Quadro 05;"Valores transcritos do total Brasil; agregados monetarios publicados em R$ milhoes."
1999;1998;Brasil;R$;"R$ 1.000.000 na fonte; R$ 1.000 em coluna derivada";"R$ 1,00; fonte rotula faixas em R$ 1.000 anuais";0;Brasil. Ministerio da Fazenda. Secretaria da Receita Federal. Coordenacao-Geral de Estudos Economico-Tributarios. Analise Economica da DIRPF 1999. Texto para Discussao 09. Brasilia: Secretaria da Receita Federal, agosto de 2000.;https://web.archive.org/web/20151113053942id_/http://www.receita.fazenda.gov.br/Publico/estudotributarios/estatisticas/11AnaliseEconomicaDIRPF1999.pdf;http://www.receita.fazenda.gov.br/Publico/estudotributarios/estatisticas/11AnaliseEconomicaDIRPF1999.pdf;outputs/fontes-pedro-souza-irpf/analise_economica_dirpf_1999.pdf;outputs/fontes-pedro-souza-irpf/analise_economica_dirpf_1999_texto_extraido.txt;outputs/fontes-pedro-souza-irpf/analise_economica_dirpf_1999_paginas/pagina_025.png;outputs/fontes-pedro-souza-irpf/analise_economica_dirpf_1999_paginas/pagina_026.png;25;26;"anexo sem numeracao visivel; PDF 25";"anexo sem numeracao visivel; PDF 26";"Fonte baixada do Wayback Machine, pois a URL original da Receita retornou 404 em 2026-06-04. A tabela por faixa usa a classificacao de renda anual tributavel em R$ mil. O numero de declarantes por faixa vem da Tabela II-A/Quadro 05; o rendimento tributavel por faixa vem da Tabela III-A/Quadro 05. A soma dos valores por faixa fecha exatamente com o total publicado de R$ 215.413,41 milhoes. Ha uma inconsistencia de cobertura: o Quadro 04 informa frequencias de rendimentos tributaveis de 4.065.314 no formulario completo e 6.405.396 no simplificado, totalizando 10.470.710, enquanto a distribuicao por faixa soma 11.056.038 declarantes. Essa diferenca foi preservada e anotada, sem harmonizacao artificial. O Quadro 04 reporta Rendimento Tributavel Liquido total, mas nao foi localizada distribuicao direta de RLIQ por faixa; por isso esta tabela por faixa registra apenas RBT diretamente observado.";F08;8;60 a 72;60000;72000.0;0;174606;11422.92;11422920.0;65421.119549156385;65.42;rendimento tributavel anual;rendimento tributavel;Tabela II-A / Quadro 05;Tabela III-A / Quadro 05;"Valores transcritos do total Brasil; agregados monetarios publicados em R$ milhoes."
1999;1998;Brasil;R$;"R$ 1.000.000 na fonte; R$ 1.000 em coluna derivada";"R$ 1,00; fonte rotula faixas em R$ 1.000 anuais";0;Brasil. Ministerio da Fazenda. Secretaria da Receita Federal. Coordenacao-Geral de Estudos Economico-Tributarios. Analise Economica da DIRPF 1999. Texto para Discussao 09. Brasilia: Secretaria da Receita Federal, agosto de 2000.;https://web.archive.org/web/20151113053942id_/http://www.receita.fazenda.gov.br/Publico/estudotributarios/estatisticas/11AnaliseEconomicaDIRPF1999.pdf;http://www.receita.fazenda.gov.br/Publico/estudotributarios/estatisticas/11AnaliseEconomicaDIRPF1999.pdf;outputs/fontes-pedro-souza-irpf/analise_economica_dirpf_1999.pdf;outputs/fontes-pedro-souza-irpf/analise_economica_dirpf_1999_texto_extraido.txt;outputs/fontes-pedro-souza-irpf/analise_economica_dirpf_1999_paginas/pagina_025.png;outputs/fontes-pedro-souza-irpf/analise_economica_dirpf_1999_paginas/pagina_026.png;25;26;"anexo sem numeracao visivel; PDF 25";"anexo sem numeracao visivel; PDF 26";"Fonte baixada do Wayback Machine, pois a URL original da Receita retornou 404 em 2026-06-04. A tabela por faixa usa a classificacao de renda anual tributavel em R$ mil. O numero de declarantes por faixa vem da Tabela II-A/Quadro 05; o rendimento tributavel por faixa vem da Tabela III-A/Quadro 05. A soma dos valores por faixa fecha exatamente com o total publicado de R$ 215.413,41 milhoes. Ha uma inconsistencia de cobertura: o Quadro 04 informa frequencias de rendimentos tributaveis de 4.065.314 no formulario completo e 6.405.396 no simplificado, totalizando 10.470.710, enquanto a distribuicao por faixa soma 11.056.038 declarantes. Essa diferenca foi preservada e anotada, sem harmonizacao artificial. O Quadro 04 reporta Rendimento Tributavel Liquido total, mas nao foi localizada distribuicao direta de RLIQ por faixa; por isso esta tabela por faixa registra apenas RBT diretamente observado.";F09;9;72 a 96;72000;96000.0;0;170496;14005.3;14005300.0;82144.44913663664;82.14;rendimento tributavel anual;rendimento tributavel;Tabela II-A / Quadro 05;Tabela III-A / Quadro 05;"Valores transcritos do total Brasil; agregados monetarios publicados em R$ milhoes."
1999;1998;Brasil;R$;"R$ 1.000.000 na fonte; R$ 1.000 em coluna derivada";"R$ 1,00; fonte rotula faixas em R$ 1.000 anuais";0;Brasil. Ministerio da Fazenda. Secretaria da Receita Federal. Coordenacao-Geral de Estudos Economico-Tributarios. Analise Economica da DIRPF 1999. Texto para Discussao 09. Brasilia: Secretaria da Receita Federal, agosto de 2000.;https://web.archive.org/web/20151113053942id_/http://www.receita.fazenda.gov.br/Publico/estudotributarios/estatisticas/11AnaliseEconomicaDIRPF1999.pdf;http://www.receita.fazenda.gov.br/Publico/estudotributarios/estatisticas/11AnaliseEconomicaDIRPF1999.pdf;outputs/fontes-pedro-souza-irpf/analise_economica_dirpf_1999.pdf;outputs/fontes-pedro-souza-irpf/analise_economica_dirpf_1999_texto_extraido.txt;outputs/fontes-pedro-souza-irpf/analise_economica_dirpf_1999_paginas/pagina_025.png;outputs/fontes-pedro-souza-irpf/analise_economica_dirpf_1999_paginas/pagina_026.png;25;26;"anexo sem numeracao visivel; PDF 25";"anexo sem numeracao visivel; PDF 26";"Fonte baixada do Wayback Machine, pois a URL original da Receita retornou 404 em 2026-06-04. A tabela por faixa usa a classificacao de renda anual tributavel em R$ mil. O numero de declarantes por faixa vem da Tabela II-A/Quadro 05; o rendimento tributavel por faixa vem da Tabela III-A/Quadro 05. A soma dos valores por faixa fecha exatamente com o total publicado de R$ 215.413,41 milhoes. Ha uma inconsistencia de cobertura: o Quadro 04 informa frequencias de rendimentos tributaveis de 4.065.314 no formulario completo e 6.405.396 no simplificado, totalizando 10.470.710, enquanto a distribuicao por faixa soma 11.056.038 declarantes. Essa diferenca foi preservada e anotada, sem harmonizacao artificial. O Quadro 04 reporta Rendimento Tributavel Liquido total, mas nao foi localizada distribuicao direta de RLIQ por faixa; por isso esta tabela por faixa registra apenas RBT diretamente observado.";F10;10;96 a 120;96000;120000.0;0;78517;8386.76;8386760.0;106814.575187539;106.81;rendimento tributavel anual;rendimento tributavel;Tabela II-A / Quadro 05;Tabela III-A / Quadro 05;"Valores transcritos do total Brasil; agregados monetarios publicados em R$ milhoes."
1999;1998;Brasil;R$;"R$ 1.000.000 na fonte; R$ 1.000 em coluna derivada";"R$ 1,00; fonte rotula faixas em R$ 1.000 anuais";0;Brasil. Ministerio da Fazenda. Secretaria da Receita Federal. Coordenacao-Geral de Estudos Economico-Tributarios. Analise Economica da DIRPF 1999. Texto para Discussao 09. Brasilia: Secretaria da Receita Federal, agosto de 2000.;https://web.archive.org/web/20151113053942id_/http://www.receita.fazenda.gov.br/Publico/estudotributarios/estatisticas/11AnaliseEconomicaDIRPF1999.pdf;http://www.receita.fazenda.gov.br/Publico/estudotributarios/estatisticas/11AnaliseEconomicaDIRPF1999.pdf;outputs/fontes-pedro-souza-irpf/analise_economica_dirpf_1999.pdf;outputs/fontes-pedro-souza-irpf/analise_economica_dirpf_1999_texto_extraido.txt;outputs/fontes-pedro-souza-irpf/analise_economica_dirpf_1999_paginas/pagina_025.png;outputs/fontes-pedro-souza-irpf/analise_economica_dirpf_1999_paginas/pagina_026.png;25;26;"anexo sem numeracao visivel; PDF 25";"anexo sem numeracao visivel; PDF 26";"Fonte baixada do Wayback Machine, pois a URL original da Receita retornou 404 em 2026-06-04. A tabela por faixa usa a classificacao de renda anual tributavel em R$ mil. O numero de declarantes por faixa vem da Tabela II-A/Quadro 05; o rendimento tributavel por faixa vem da Tabela III-A/Quadro 05. A soma dos valores por faixa fecha exatamente com o total publicado de R$ 215.413,41 milhoes. Ha uma inconsistencia de cobertura: o Quadro 04 informa frequencias de rendimentos tributaveis de 4.065.314 no formulario completo e 6.405.396 no simplificado, totalizando 10.470.710, enquanto a distribuicao por faixa soma 11.056.038 declarantes. Essa diferenca foi preservada e anotada, sem harmonizacao artificial. O Quadro 04 reporta Rendimento Tributavel Liquido total, mas nao foi localizada distribuicao direta de RLIQ por faixa; por isso esta tabela por faixa registra apenas RBT diretamente observado.";F11;11;Mais de 120;120000;;1;103219;20305.1;20305100.0;196718.62738449316;196.72;rendimento tributavel anual;rendimento tributavel;Tabela II-A / Quadro 05;Tabela III-A / Quadro 05;"Valores transcritos do total Brasil; agregados monetarios publicados em R$ milhoes."
