ano_exercicio;ano_calendario_inferido;unidade_geografica;moeda;unidade_monetaria_agregados;unidade_limites_faixa;serie_nacional_comparavel_renda_liquida;fonte;arquivo_fonte;pagina_pdf;pagina_impressa;quadro;observacao;codigo_faixa;ordem_faixa;faixa_renda_tributavel_anual_rs_mil;limite_inferior_rs;limite_superior_rs;faixa_topo_aberta;numero_declarantes;rendimento_tributavel_rs_milhoes;rendimento_tributavel_rs_mil;rendimento_tributavel_medio_rs;rendimento_tributavel_medio_rs_mil_publicado;ir_devido_rs_milhoes;aliquota_efetiva_percentual;tipo_rendimento_faixa;tipo_valor_monetario;tabela_declarantes;tabela_imposto;observacao_linha
1997;1996;Brasil;R$;R$ 1.000.000;"R$ 1,00; fonte rotula faixas em R$ 1.000 anuais";0;Brasil. Ministerio da Fazenda. Secretaria da Receita Federal. Tributacao da Renda no Brasil Pos-Real. Brasilia: Dupligrafica, 2001.;outputs/fontes-pedro-souza-irpf/pedro_herculano_anexos/ac1996_TribPosReal.pdf;"5; 6";"148; 149";Anexo 4;"Fonte recebida por email de Pedro Herculano G. F. de Souza em 2026-09-24. O arquivo e um recorte digitalizado; a transcricao foi conferida visualmente contra a imagem da tabela. A tabela usa faixas de renda tributavel anual e nao distribui a renda liquida historica principal.";F01;1;0 a 12;0;12000;0;3695731;21781.92;21781920.0;5893.805582711512;5.89381;0.83;0.0;renda tributavel anual;rendimento tributavel;Anexo 4 - Renda tributavel media por faixa de renda;Anexo 4 - Conclusao - Aliquota efetiva por faixa de renda;"Coluna 1997 da fonte; corresponde ao ano-calendario 1996."
1997;1996;Brasil;R$;R$ 1.000.000;"R$ 1,00; fonte rotula faixas em R$ 1.000 anuais";0;Brasil. Ministerio da Fazenda. Secretaria da Receita Federal. Tributacao da Renda no Brasil Pos-Real. Brasilia: Dupligrafica, 2001.;outputs/fontes-pedro-souza-irpf/pedro_herculano_anexos/ac1996_TribPosReal.pdf;"5; 6";"148; 149";Anexo 4;"Fonte recebida por email de Pedro Herculano G. F. de Souza em 2026-09-24. O arquivo e um recorte digitalizado; a transcricao foi conferida visualmente contra a imagem da tabela. A tabela usa faixas de renda tributavel anual e nao distribui a renda liquida historica principal.";F02;2;12 a 18;12000;18000;0;1996017;28983.34;28983340.0;14520.58775050513;14.52059;176.49;0.61;renda tributavel anual;rendimento tributavel;Anexo 4 - Renda tributavel media por faixa de renda;Anexo 4 - Conclusao - Aliquota efetiva por faixa de renda;"Coluna 1997 da fonte; corresponde ao ano-calendario 1996."
1997;1996;Brasil;R$;R$ 1.000.000;"R$ 1,00; fonte rotula faixas em R$ 1.000 anuais";0;Brasil. Ministerio da Fazenda. Secretaria da Receita Federal. Tributacao da Renda no Brasil Pos-Real. Brasilia: Dupligrafica, 2001.;outputs/fontes-pedro-souza-irpf/pedro_herculano_anexos/ac1996_TribPosReal.pdf;"5; 6";"148; 149";Anexo 4;"Fonte recebida por email de Pedro Herculano G. F. de Souza em 2026-09-24. O arquivo e um recorte digitalizado; a transcricao foi conferida visualmente contra a imagem da tabela. A tabela usa faixas de renda tributavel anual e nao distribui a renda liquida historica principal.";F03;3;18 a 24;18000;24000;0;1011458;21018.1;21018100.0;20780.002728734165;20.78;588.64;2.8;renda tributavel anual;rendimento tributavel;Anexo 4 - Renda tributavel media por faixa de renda;Anexo 4 - Conclusao - Aliquota efetiva por faixa de renda;"Coluna 1997 da fonte; corresponde ao ano-calendario 1996."
1997;1996;Brasil;R$;R$ 1.000.000;"R$ 1,00; fonte rotula faixas em R$ 1.000 anuais";0;Brasil. Ministerio da Fazenda. Secretaria da Receita Federal. Tributacao da Renda no Brasil Pos-Real. Brasilia: Dupligrafica, 2001.;outputs/fontes-pedro-souza-irpf/pedro_herculano_anexos/ac1996_TribPosReal.pdf;"5; 6";"148; 149";Anexo 4;"Fonte recebida por email de Pedro Herculano G. F. de Souza em 2026-09-24. O arquivo e um recorte digitalizado; a transcricao foi conferida visualmente contra a imagem da tabela. A tabela usa faixas de renda tributavel anual e nao distribui a renda liquida historica principal.";F04;4;24 a 30;24000;30000;0;602186;16109.93;16109930.0;26752.415366680725;26.75242;775.16;4.81;renda tributavel anual;rendimento tributavel;Anexo 4 - Renda tributavel media por faixa de renda;Anexo 4 - Conclusao - Aliquota efetiva por faixa de renda;"Coluna 1997 da fonte; corresponde ao ano-calendario 1996."
1997;1996;Brasil;R$;R$ 1.000.000;"R$ 1,00; fonte rotula faixas em R$ 1.000 anuais";0;Brasil. Ministerio da Fazenda. Secretaria da Receita Federal. Tributacao da Renda no Brasil Pos-Real. Brasilia: Dupligrafica, 2001.;outputs/fontes-pedro-souza-irpf/pedro_herculano_anexos/ac1996_TribPosReal.pdf;"5; 6";"148; 149";Anexo 4;"Fonte recebida por email de Pedro Herculano G. F. de Souza em 2026-09-24. O arquivo e um recorte digitalizado; a transcricao foi conferida visualmente contra a imagem da tabela. A tabela usa faixas de renda tributavel anual e nao distribui a renda liquida historica principal.";F05;5;30 a 36;30000;36000;0;385359;12647.95;12647950.0;32821.213465885055;32.82121;880.15;6.96;renda tributavel anual;rendimento tributavel;Anexo 4 - Renda tributavel media por faixa de renda;Anexo 4 - Conclusao - Aliquota efetiva por faixa de renda;"Coluna 1997 da fonte; corresponde ao ano-calendario 1996."
1997;1996;Brasil;R$;R$ 1.000.000;"R$ 1,00; fonte rotula faixas em R$ 1.000 anuais";0;Brasil. Ministerio da Fazenda. Secretaria da Receita Federal. Tributacao da Renda no Brasil Pos-Real. Brasilia: Dupligrafica, 2001.;outputs/fontes-pedro-souza-irpf/pedro_herculano_anexos/ac1996_TribPosReal.pdf;"5; 6";"148; 149";Anexo 4;"Fonte recebida por email de Pedro Herculano G. F. de Souza em 2026-09-24. O arquivo e um recorte digitalizado; a transcricao foi conferida visualmente contra a imagem da tabela. A tabela usa faixas de renda tributavel anual e nao distribui a renda liquida historica principal.";F06;6;36 a 48;36000;48000;0;447257;18476.7;18476700.0;41311.14772938154;41.31114;1783.58;9.65;renda tributavel anual;rendimento tributavel;Anexo 4 - Renda tributavel media por faixa de renda;Anexo 4 - Conclusao - Aliquota efetiva por faixa de renda;"Coluna 1997 da fonte; corresponde ao ano-calendario 1996."
1997;1996;Brasil;R$;R$ 1.000.000;"R$ 1,00; fonte rotula faixas em R$ 1.000 anuais";0;Brasil. Ministerio da Fazenda. Secretaria da Receita Federal. Tributacao da Renda no Brasil Pos-Real. Brasilia: Dupligrafica, 2001.;outputs/fontes-pedro-souza-irpf/pedro_herculano_anexos/ac1996_TribPosReal.pdf;"5; 6";"148; 149";Anexo 4;"Fonte recebida por email de Pedro Herculano G. F. de Souza em 2026-09-24. O arquivo e um recorte digitalizado; a transcricao foi conferida visualmente contra a imagem da tabela. A tabela usa faixas de renda tributavel anual e nao distribui a renda liquida historica principal.";F07;7;48 a 60;48000;60000;0;236895;12664.5;12664500.0;53460.393845374536;53.46041;1576.06;12.44;renda tributavel anual;rendimento tributavel;Anexo 4 - Renda tributavel media por faixa de renda;Anexo 4 - Conclusao - Aliquota efetiva por faixa de renda;"Coluna 1997 da fonte; corresponde ao ano-calendario 1996."
1997;1996;Brasil;R$;R$ 1.000.000;"R$ 1,00; fonte rotula faixas em R$ 1.000 anuais";0;Brasil. Ministerio da Fazenda. Secretaria da Receita Federal. Tributacao da Renda no Brasil Pos-Real. Brasilia: Dupligrafica, 2001.;outputs/fontes-pedro-souza-irpf/pedro_herculano_anexos/ac1996_TribPosReal.pdf;"5; 6";"148; 149";Anexo 4;"Fonte recebida por email de Pedro Herculano G. F. de Souza em 2026-09-24. O arquivo e um recorte digitalizado; a transcricao foi conferida visualmente contra a imagem da tabela. A tabela usa faixas de renda tributavel anual e nao distribui a renda liquida historica principal.";F08;8;60 a 72;60000;72000;0;137057;8968.45;8968450.0;65435.91352502973;65.43592;1272.64;14.19;renda tributavel anual;rendimento tributavel;Anexo 4 - Renda tributavel media por faixa de renda;Anexo 4 - Conclusao - Aliquota efetiva por faixa de renda;"Coluna 1997 da fonte; corresponde ao ano-calendario 1996."
1997;1996;Brasil;R$;R$ 1.000.000;"R$ 1,00; fonte rotula faixas em R$ 1.000 anuais";0;Brasil. Ministerio da Fazenda. Secretaria da Receita Federal. Tributacao da Renda no Brasil Pos-Real. Brasilia: Dupligrafica, 2001.;outputs/fontes-pedro-souza-irpf/pedro_herculano_anexos/ac1996_TribPosReal.pdf;"5; 6";"148; 149";Anexo 4;"Fonte recebida por email de Pedro Herculano G. F. de Souza em 2026-09-24. O arquivo e um recorte digitalizado; a transcricao foi conferida visualmente contra a imagem da tabela. A tabela usa faixas de renda tributavel anual e nao distribui a renda liquida historica principal.";F09;9;72 a 96;72000;96000;0;134647;11077.6;11077600.0;82271.4208263088;82.27143;1771.73;15.99;renda tributavel anual;rendimento tributavel;Anexo 4 - Renda tributavel media por faixa de renda;Anexo 4 - Conclusao - Aliquota efetiva por faixa de renda;"Coluna 1997 da fonte; corresponde ao ano-calendario 1996."
1997;1996;Brasil;R$;R$ 1.000.000;"R$ 1,00; fonte rotula faixas em R$ 1.000 anuais";0;Brasil. Ministerio da Fazenda. Secretaria da Receita Federal. Tributacao da Renda no Brasil Pos-Real. Brasilia: Dupligrafica, 2001.;outputs/fontes-pedro-souza-irpf/pedro_herculano_anexos/ac1996_TribPosReal.pdf;"5; 6";"148; 149";Anexo 4;"Fonte recebida por email de Pedro Herculano G. F. de Souza em 2026-09-24. O arquivo e um recorte digitalizado; a transcricao foi conferida visualmente contra a imagem da tabela. A tabela usa faixas de renda tributavel anual e nao distribui a renda liquida historica principal.";F10;10;96 a 120;96000;120000;0;63052;6721.79;6721790.0;106607.08621455307;106.6071;1182.3;17.59;renda tributavel anual;rendimento tributavel;Anexo 4 - Renda tributavel media por faixa de renda;Anexo 4 - Conclusao - Aliquota efetiva por faixa de renda;"Coluna 1997 da fonte; corresponde ao ano-calendario 1996."
1997;1996;Brasil;R$;R$ 1.000.000;"R$ 1,00; fonte rotula faixas em R$ 1.000 anuais";0;Brasil. Ministerio da Fazenda. Secretaria da Receita Federal. Tributacao da Renda no Brasil Pos-Real. Brasilia: Dupligrafica, 2001.;outputs/fontes-pedro-souza-irpf/pedro_herculano_anexos/ac1996_TribPosReal.pdf;"5; 6";"148; 149";Anexo 4;"Fonte recebida por email de Pedro Herculano G. F. de Souza em 2026-09-24. O arquivo e um recorte digitalizado; a transcricao foi conferida visualmente contra a imagem da tabela. A tabela usa faixas de renda tributavel anual e nao distribui a renda liquida historica principal.";F11;11;Mais de 120;120000;;1;73884;14940.69;14940690.0;202218.20691895403;202.21827;2977.45;19.93;renda tributavel anual;rendimento tributavel;Anexo 4 - Renda tributavel media por faixa de renda;Anexo 4 - Conclusao - Aliquota efetiva por faixa de renda;"Coluna 1997 da fonte; corresponde ao ano-calendario 1996."
1998;1997;Brasil;R$;R$ 1.000.000;"R$ 1,00; fonte rotula faixas em R$ 1.000 anuais";0;Brasil. Ministerio da Fazenda. Secretaria da Receita Federal. Tributacao da Renda no Brasil Pos-Real. Brasilia: Dupligrafica, 2001.;outputs/fontes-pedro-souza-irpf/pedro_herculano_anexos/ac1997_TribPosReal.pdf;"5; 6";"148; 149";Anexo 4;"Fonte recebida por email de Pedro Herculano G. F. de Souza em 2026-09-24. O arquivo e um recorte digitalizado; a transcricao foi conferida visualmente contra a imagem da tabela. A tabela usa faixas de renda tributavel anual e nao distribui a renda liquida historica principal.";F01;1;0 a 12;0;12000;0;4634932;27837.24;27837240.0;6005.965136058091;6.00597;0.75;0.0;renda tributavel anual;rendimento tributavel;Anexo 4 - Renda tributavel media por faixa de renda;Anexo 4 - Conclusao - Aliquota efetiva por faixa de renda;"Coluna 1998 da fonte; corresponde ao ano-calendario 1997."
1998;1997;Brasil;R$;R$ 1.000.000;"R$ 1,00; fonte rotula faixas em R$ 1.000 anuais";0;Brasil. Ministerio da Fazenda. Secretaria da Receita Federal. Tributacao da Renda no Brasil Pos-Real. Brasilia: Dupligrafica, 2001.;outputs/fontes-pedro-souza-irpf/pedro_herculano_anexos/ac1997_TribPosReal.pdf;"5; 6";"148; 149";Anexo 4;"Fonte recebida por email de Pedro Herculano G. F. de Souza em 2026-09-24. O arquivo e um recorte digitalizado; a transcricao foi conferida visualmente contra a imagem da tabela. A tabela usa faixas de renda tributavel anual e nao distribui a renda liquida historica principal.";F02;2;12 a 18;12000;18000;0;2417918;34806.6;34806600.0;14395.277259195722;14.39528;188.32;0.54;renda tributavel anual;rendimento tributavel;Anexo 4 - Renda tributavel media por faixa de renda;Anexo 4 - Conclusao - Aliquota efetiva por faixa de renda;"Coluna 1998 da fonte; corresponde ao ano-calendario 1997."
1998;1997;Brasil;R$;R$ 1.000.000;"R$ 1,00; fonte rotula faixas em R$ 1.000 anuais";0;Brasil. Ministerio da Fazenda. Secretaria da Receita Federal. Tributacao da Renda no Brasil Pos-Real. Brasilia: Dupligrafica, 2001.;outputs/fontes-pedro-souza-irpf/pedro_herculano_anexos/ac1997_TribPosReal.pdf;"5; 6";"148; 149";Anexo 4;"Fonte recebida por email de Pedro Herculano G. F. de Souza em 2026-09-24. O arquivo e um recorte digitalizado; a transcricao foi conferida visualmente contra a imagem da tabela. A tabela usa faixas de renda tributavel anual e nao distribui a renda liquida historica principal.";F03;3;18 a 24;18000;24000;0;1101018;22884.55;22884550.0;20784.900882637703;20.7849;615.75;2.69;renda tributavel anual;rendimento tributavel;Anexo 4 - Renda tributavel media por faixa de renda;Anexo 4 - Conclusao - Aliquota efetiva por faixa de renda;"Coluna 1998 da fonte; corresponde ao ano-calendario 1997."
1998;1997;Brasil;R$;R$ 1.000.000;"R$ 1,00; fonte rotula faixas em R$ 1.000 anuais";0;Brasil. Ministerio da Fazenda. Secretaria da Receita Federal. Tributacao da Renda no Brasil Pos-Real. Brasilia: Dupligrafica, 2001.;outputs/fontes-pedro-souza-irpf/pedro_herculano_anexos/ac1997_TribPosReal.pdf;"5; 6";"148; 149";Anexo 4;"Fonte recebida por email de Pedro Herculano G. F. de Souza em 2026-09-24. O arquivo e um recorte digitalizado; a transcricao foi conferida visualmente contra a imagem da tabela. A tabela usa faixas de renda tributavel anual e nao distribui a renda liquida historica principal.";F04;4;24 a 30;24000;30000;0;658598;17607.96;17607960.0;26735.519998542357;26.73552;816.12;4.63;renda tributavel anual;rendimento tributavel;Anexo 4 - Renda tributavel media por faixa de renda;Anexo 4 - Conclusao - Aliquota efetiva por faixa de renda;"Coluna 1998 da fonte; corresponde ao ano-calendario 1997."
1998;1997;Brasil;R$;R$ 1.000.000;"R$ 1,00; fonte rotula faixas em R$ 1.000 anuais";0;Brasil. Ministerio da Fazenda. Secretaria da Receita Federal. Tributacao da Renda no Brasil Pos-Real. Brasilia: Dupligrafica, 2001.;outputs/fontes-pedro-souza-irpf/pedro_herculano_anexos/ac1997_TribPosReal.pdf;"5; 6";"148; 149";Anexo 4;"Fonte recebida por email de Pedro Herculano G. F. de Souza em 2026-09-24. O arquivo e um recorte digitalizado; a transcricao foi conferida visualmente contra a imagem da tabela. A tabela usa faixas de renda tributavel anual e nao distribui a renda liquida historica principal.";F05;5;30 a 36;30000;36000;0;413172;13565.8;13565800.0;32833.29944913983;32.83331;907.36;6.69;renda tributavel anual;rendimento tributavel;Anexo 4 - Renda tributavel media por faixa de renda;Anexo 4 - Conclusao - Aliquota efetiva por faixa de renda;"Coluna 1998 da fonte; corresponde ao ano-calendario 1997."
1998;1997;Brasil;R$;R$ 1.000.000;"R$ 1,00; fonte rotula faixas em R$ 1.000 anuais";0;Brasil. Ministerio da Fazenda. Secretaria da Receita Federal. Tributacao da Renda no Brasil Pos-Real. Brasilia: Dupligrafica, 2001.;outputs/fontes-pedro-souza-irpf/pedro_herculano_anexos/ac1997_TribPosReal.pdf;"5; 6";"148; 149";Anexo 4;"Fonte recebida por email de Pedro Herculano G. F. de Souza em 2026-09-24. O arquivo e um recorte digitalizado; a transcricao foi conferida visualmente contra a imagem da tabela. A tabela usa faixas de renda tributavel anual e nao distribui a renda liquida historica principal.";F06;6;36 a 48;36000;48000;0;492834;20356.79;20356790.0;41305.571450021715;41.30558;1902.24;9.34;renda tributavel anual;rendimento tributavel;Anexo 4 - Renda tributavel media por faixa de renda;Anexo 4 - Conclusao - Aliquota efetiva por faixa de renda;"Coluna 1998 da fonte; corresponde ao ano-calendario 1997."
1998;1997;Brasil;R$;R$ 1.000.000;"R$ 1,00; fonte rotula faixas em R$ 1.000 anuais";0;Brasil. Ministerio da Fazenda. Secretaria da Receita Federal. Tributacao da Renda no Brasil Pos-Real. Brasilia: Dupligrafica, 2001.;outputs/fontes-pedro-souza-irpf/pedro_herculano_anexos/ac1997_TribPosReal.pdf;"5; 6";"148; 149";Anexo 4;"Fonte recebida por email de Pedro Herculano G. F. de Souza em 2026-09-24. O arquivo e um recorte digitalizado; a transcricao foi conferida visualmente contra a imagem da tabela. A tabela usa faixas de renda tributavel anual e nao distribui a renda liquida historica principal.";F07;7;48 a 60;48000;60000;0;261709;13994.46;13994460.0;53473.36163448716;53.47338;1699.47;12.14;renda tributavel anual;rendimento tributavel;Anexo 4 - Renda tributavel media por faixa de renda;Anexo 4 - Conclusao - Aliquota efetiva por faixa de renda;"Coluna 1998 da fonte; corresponde ao ano-calendario 1997."
1998;1997;Brasil;R$;R$ 1.000.000;"R$ 1,00; fonte rotula faixas em R$ 1.000 anuais";0;Brasil. Ministerio da Fazenda. Secretaria da Receita Federal. Tributacao da Renda no Brasil Pos-Real. Brasilia: Dupligrafica, 2001.;outputs/fontes-pedro-souza-irpf/pedro_herculano_anexos/ac1997_TribPosReal.pdf;"5; 6";"148; 149";Anexo 4;"Fonte recebida por email de Pedro Herculano G. F. de Souza em 2026-09-24. O arquivo e um recorte digitalizado; a transcricao foi conferida visualmente contra a imagem da tabela. A tabela usa faixas de renda tributavel anual e nao distribui a renda liquida historica principal.";F08;8;60 a 72;60000;72000;0;149791;9810.12;9810120.0;65492.05225948154;65.49204;1366.62;13.93;renda tributavel anual;rendimento tributavel;Anexo 4 - Renda tributavel media por faixa de renda;Anexo 4 - Conclusao - Aliquota efetiva por faixa de renda;"Coluna 1998 da fonte; corresponde ao ano-calendario 1997."
1998;1997;Brasil;R$;R$ 1.000.000;"R$ 1,00; fonte rotula faixas em R$ 1.000 anuais";0;Brasil. Ministerio da Fazenda. Secretaria da Receita Federal. Tributacao da Renda no Brasil Pos-Real. Brasilia: Dupligrafica, 2001.;outputs/fontes-pedro-souza-irpf/pedro_herculano_anexos/ac1997_TribPosReal.pdf;"5; 6";"148; 149";Anexo 4;"Fonte recebida por email de Pedro Herculano G. F. de Souza em 2026-09-24. O arquivo e um recorte digitalizado; a transcricao foi conferida visualmente contra a imagem da tabela. A tabela usa faixas de renda tributavel anual e nao distribui a renda liquida historica principal.";F09;9;72 a 96;72000;96000;0;154140;12680.05;12680050.0;82263.20228363825;82.26321;1986.38;15.67;renda tributavel anual;rendimento tributavel;Anexo 4 - Renda tributavel media por faixa de renda;Anexo 4 - Conclusao - Aliquota efetiva por faixa de renda;"Coluna 1998 da fonte; corresponde ao ano-calendario 1997."
1998;1997;Brasil;R$;R$ 1.000.000;"R$ 1,00; fonte rotula faixas em R$ 1.000 anuais";0;Brasil. Ministerio da Fazenda. Secretaria da Receita Federal. Tributacao da Renda no Brasil Pos-Real. Brasilia: Dupligrafica, 2001.;outputs/fontes-pedro-souza-irpf/pedro_herculano_anexos/ac1997_TribPosReal.pdf;"5; 6";"148; 149";Anexo 4;"Fonte recebida por email de Pedro Herculano G. F. de Souza em 2026-09-24. O arquivo e um recorte digitalizado; a transcricao foi conferida visualmente contra a imagem da tabela. A tabela usa faixas de renda tributavel anual e nao distribui a renda liquida historica principal.";F10;10;96 a 120;96000;120000;0;70929;7569.71;7569710.0;106722.35615897588;106.72239;1309.58;17.3;renda tributavel anual;rendimento tributavel;Anexo 4 - Renda tributavel media por faixa de renda;Anexo 4 - Conclusao - Aliquota efetiva por faixa de renda;"Coluna 1998 da fonte; corresponde ao ano-calendario 1997."
1998;1997;Brasil;R$;R$ 1.000.000;"R$ 1,00; fonte rotula faixas em R$ 1.000 anuais";0;Brasil. Ministerio da Fazenda. Secretaria da Receita Federal. Tributacao da Renda no Brasil Pos-Real. Brasilia: Dupligrafica, 2001.;outputs/fontes-pedro-souza-irpf/pedro_herculano_anexos/ac1997_TribPosReal.pdf;"5; 6";"148; 149";Anexo 4;"Fonte recebida por email de Pedro Herculano G. F. de Souza em 2026-09-24. O arquivo e um recorte digitalizado; a transcricao foi conferida visualmente contra a imagem da tabela. A tabela usa faixas de renda tributavel anual e nao distribui a renda liquida historica principal.";F11;11;Mais de 120;120000;;1;91042;17445.65;17445650.0;191621.99863799126;191.62197;3436.84;19.7;renda tributavel anual;rendimento tributavel;Anexo 4 - Renda tributavel media por faixa de renda;Anexo 4 - Conclusao - Aliquota efetiva por faixa de renda;"Coluna 1998 da fonte; corresponde ao ano-calendario 1997."
