ano_calendario;ano_exercicio_inferido;unidade_geografica;moeda;unidade_monetaria_agregados;unidade_limites_faixa;fonte_bloco;fonte;url_fonte;arquivo_fonte;arquivo_texto_extraido;arquivo_imagem_tabela;pagina_pdf;pagina_impressa;tabela;observacao;codigo_faixa;ordem_faixa;faixa_renda_bruta_anual_publicada;limite_inferior_anual_rs_publicado;limite_superior_anual_rs_publicado;faixa_topo_aberta;numero_declaracoes;renda_bruta_total_rs;renda_bruta_total_rs_milhoes;renda_bruta_media_rs;percentual_declaracoes;percentual_declaracoes_acumulado;percentual_renda_bruta;percentual_renda_bruta_acumulado;tipo_rendimento;tipo_valor_monetario;observacao_linha
2006;2007;Brasil;R$;R$ 1,00;R$ 1,00 anuais;castro_2014_renda_bruta_2006;Castro, F. A. de. Imposto de renda da pessoa fisica: comparacoes internacionais, medidas de progressividade e redistribuicao. Dissertacao (Mestrado em Economia), Universidade de Brasilia, Brasilia, 2014.;https://www.gov.br/receitafederal/pt-br/centrais-de-conteudo/publicacoes/trabalhos-academicos/irpf-comparacoes-internacionais;outputs/fontes-pedro-souza-irpf/castro_2014_irpf_comparacoes_internacionais.pdf;outputs/fontes-pedro-souza-irpf/castro_2014_irpf_comparacoes_internacionais_texto_extraido.txt;outputs/fontes-pedro-souza-irpf/castro_2014_paginas/pagina_099.png;99;99;Tabela 46 - Distribuicao da Renda Bruta para o ano de 2006;"Fonte mapeada por Pedro Herculano para o ano-calendario 2006 como Castro (2014), Medeiros, Souza e Castro (2015a), com abrangencia Brasil, ordenamento por RTOT e rendas reportadas RBT, RNT e RTOT. A Tabela 46 de Castro (2014) traz a distribuicao da renda bruta para o ano de 2006 por 10 faixas aproximadamente proporcionais de declaracoes. No capitulo 7, a fonte define renda bruta como soma dos rendimentos tributaveis, rendimentos com tributacao exclusiva na fonte e rendimentos isentos e nao tributaveis. A tabela extraida aqui registra a distribuicao por faixa do total dessa renda bruta/RTOT; a decomposicao RBT, tributacao exclusiva e isentos por faixa nao aparece na Tabela 46. O ano-exercicio 2007 foi mantido apenas como inferencia operacional da correspondencia usual ano-calendario 2006 -> DIRPF/exercicio 2007; a tabela publicada informa diretamente o ano de 2006.";F01;1;Ate R$ 2.100,00;0;2100.00;0;2403856;252091008.21;252.091008;104.869430;9.951278;9.951278;0.027609;0.027609;renda bruta total anual (RTOT = rendimentos tributaveis + tributacao exclusiva + isentos/nao tributaveis);renda bruta total;"Linha transcrita diretamente da Tabela 46; valores monetarios publicados em reais correntes."
2006;2007;Brasil;R$;R$ 1,00;R$ 1,00 anuais;castro_2014_renda_bruta_2006;Castro, F. A. de. Imposto de renda da pessoa fisica: comparacoes internacionais, medidas de progressividade e redistribuicao. Dissertacao (Mestrado em Economia), Universidade de Brasilia, Brasilia, 2014.;https://www.gov.br/receitafederal/pt-br/centrais-de-conteudo/publicacoes/trabalhos-academicos/irpf-comparacoes-internacionais;outputs/fontes-pedro-souza-irpf/castro_2014_irpf_comparacoes_internacionais.pdf;outputs/fontes-pedro-souza-irpf/castro_2014_irpf_comparacoes_internacionais_texto_extraido.txt;outputs/fontes-pedro-souza-irpf/castro_2014_paginas/pagina_099.png;99;99;Tabela 46 - Distribuicao da Renda Bruta para o ano de 2006;"Fonte mapeada por Pedro Herculano para o ano-calendario 2006 como Castro (2014), Medeiros, Souza e Castro (2015a), com abrangencia Brasil, ordenamento por RTOT e rendas reportadas RBT, RNT e RTOT. A Tabela 46 de Castro (2014) traz a distribuicao da renda bruta para o ano de 2006 por 10 faixas aproximadamente proporcionais de declaracoes. No capitulo 7, a fonte define renda bruta como soma dos rendimentos tributaveis, rendimentos com tributacao exclusiva na fonte e rendimentos isentos e nao tributaveis. A tabela extraida aqui registra a distribuicao por faixa do total dessa renda bruta/RTOT; a decomposicao RBT, tributacao exclusiva e isentos por faixa nao aparece na Tabela 46. O ano-exercicio 2007 foi mantido apenas como inferencia operacional da correspondencia usual ano-calendario 2006 -> DIRPF/exercicio 2007; a tabela publicada informa diretamente o ano de 2006.";F02;2;De 2.100,01 a R$ 9.450,00;2100.01;9450.00;0;2404152;14161025836.46;14161.025836;5890.237321;9.952504;19.903782;1.550888;1.578496;renda bruta total anual (RTOT = rendimentos tributaveis + tributacao exclusiva + isentos/nao tributaveis);renda bruta total;"Linha transcrita diretamente da Tabela 46; valores monetarios publicados em reais correntes."
2006;2007;Brasil;R$;R$ 1,00;R$ 1,00 anuais;castro_2014_renda_bruta_2006;Castro, F. A. de. Imposto de renda da pessoa fisica: comparacoes internacionais, medidas de progressividade e redistribuicao. Dissertacao (Mestrado em Economia), Universidade de Brasilia, Brasilia, 2014.;https://www.gov.br/receitafederal/pt-br/centrais-de-conteudo/publicacoes/trabalhos-academicos/irpf-comparacoes-internacionais;outputs/fontes-pedro-souza-irpf/castro_2014_irpf_comparacoes_internacionais.pdf;outputs/fontes-pedro-souza-irpf/castro_2014_irpf_comparacoes_internacionais_texto_extraido.txt;outputs/fontes-pedro-souza-irpf/castro_2014_paginas/pagina_099.png;99;99;Tabela 46 - Distribuicao da Renda Bruta para o ano de 2006;"Fonte mapeada por Pedro Herculano para o ano-calendario 2006 como Castro (2014), Medeiros, Souza e Castro (2015a), com abrangencia Brasil, ordenamento por RTOT e rendas reportadas RBT, RNT e RTOT. A Tabela 46 de Castro (2014) traz a distribuicao da renda bruta para o ano de 2006 por 10 faixas aproximadamente proporcionais de declaracoes. No capitulo 7, a fonte define renda bruta como soma dos rendimentos tributaveis, rendimentos com tributacao exclusiva na fonte e rendimentos isentos e nao tributaveis. A tabela extraida aqui registra a distribuicao por faixa do total dessa renda bruta/RTOT; a decomposicao RBT, tributacao exclusiva e isentos por faixa nao aparece na Tabela 46. O ano-exercicio 2007 foi mantido apenas como inferencia operacional da correspondencia usual ano-calendario 2006 -> DIRPF/exercicio 2007; a tabela publicada informa diretamente o ano de 2006.";F03;3;De 9.450,01 a 14.398,00;9450.01;14398.00;0;2412025;29355383747.73;29355.383748;12170.430965;9.985096;29.888878;3.214944;4.793441;renda bruta total anual (RTOT = rendimentos tributaveis + tributacao exclusiva + isentos/nao tributaveis);renda bruta total;"Linha transcrita diretamente da Tabela 46; valores monetarios publicados em reais correntes."
2006;2007;Brasil;R$;R$ 1,00;R$ 1,00 anuais;castro_2014_renda_bruta_2006;Castro, F. A. de. Imposto de renda da pessoa fisica: comparacoes internacionais, medidas de progressividade e redistribuicao. Dissertacao (Mestrado em Economia), Universidade de Brasilia, Brasilia, 2014.;https://www.gov.br/receitafederal/pt-br/centrais-de-conteudo/publicacoes/trabalhos-academicos/irpf-comparacoes-internacionais;outputs/fontes-pedro-souza-irpf/castro_2014_irpf_comparacoes_internacionais.pdf;outputs/fontes-pedro-souza-irpf/castro_2014_irpf_comparacoes_internacionais_texto_extraido.txt;outputs/fontes-pedro-souza-irpf/castro_2014_paginas/pagina_099.png;99;99;Tabela 46 - Distribuicao da Renda Bruta para o ano de 2006;"Fonte mapeada por Pedro Herculano para o ano-calendario 2006 como Castro (2014), Medeiros, Souza e Castro (2015a), com abrangencia Brasil, ordenamento por RTOT e rendas reportadas RBT, RNT e RTOT. A Tabela 46 de Castro (2014) traz a distribuicao da renda bruta para o ano de 2006 por 10 faixas aproximadamente proporcionais de declaracoes. No capitulo 7, a fonte define renda bruta como soma dos rendimentos tributaveis, rendimentos com tributacao exclusiva na fonte e rendimentos isentos e nao tributaveis. A tabela extraida aqui registra a distribuicao por faixa do total dessa renda bruta/RTOT; a decomposicao RBT, tributacao exclusiva e isentos por faixa nao aparece na Tabela 46. O ano-exercicio 2007 foi mantido apenas como inferencia operacional da correspondencia usual ano-calendario 2006 -> DIRPF/exercicio 2007; a tabela publicada informa diretamente o ano de 2006.";F04;4;De 14.398,01 a 16.850,00;14398.01;16850.00;0;2410504;37667073974.64;37667.073975;15626.223385;9.978799;39.867677;4.125225;8.918666;renda bruta total anual (RTOT = rendimentos tributaveis + tributacao exclusiva + isentos/nao tributaveis);renda bruta total;"Linha transcrita diretamente da Tabela 46; valores monetarios publicados em reais correntes."
2006;2007;Brasil;R$;R$ 1,00;R$ 1,00 anuais;castro_2014_renda_bruta_2006;Castro, F. A. de. Imposto de renda da pessoa fisica: comparacoes internacionais, medidas de progressividade e redistribuicao. Dissertacao (Mestrado em Economia), Universidade de Brasilia, Brasilia, 2014.;https://www.gov.br/receitafederal/pt-br/centrais-de-conteudo/publicacoes/trabalhos-academicos/irpf-comparacoes-internacionais;outputs/fontes-pedro-souza-irpf/castro_2014_irpf_comparacoes_internacionais.pdf;outputs/fontes-pedro-souza-irpf/castro_2014_irpf_comparacoes_internacionais_texto_extraido.txt;outputs/fontes-pedro-souza-irpf/castro_2014_paginas/pagina_099.png;99;99;Tabela 46 - Distribuicao da Renda Bruta para o ano de 2006;"Fonte mapeada por Pedro Herculano para o ano-calendario 2006 como Castro (2014), Medeiros, Souza e Castro (2015a), com abrangencia Brasil, ordenamento por RTOT e rendas reportadas RBT, RNT e RTOT. A Tabela 46 de Castro (2014) traz a distribuicao da renda bruta para o ano de 2006 por 10 faixas aproximadamente proporcionais de declaracoes. No capitulo 7, a fonte define renda bruta como soma dos rendimentos tributaveis, rendimentos com tributacao exclusiva na fonte e rendimentos isentos e nao tributaveis. A tabela extraida aqui registra a distribuicao por faixa do total dessa renda bruta/RTOT; a decomposicao RBT, tributacao exclusiva e isentos por faixa nao aparece na Tabela 46. O ano-exercicio 2007 foi mantido apenas como inferencia operacional da correspondencia usual ano-calendario 2006 -> DIRPF/exercicio 2007; a tabela publicada informa diretamente o ano de 2006.";F05;5;De 16.850,01 a 18.690,00;16850.01;18690.00;0;2412887;43165122701.26;43165.122701;17889.409119;9.988664;49.856342;4.727360;13.646026;renda bruta total anual (RTOT = rendimentos tributaveis + tributacao exclusiva + isentos/nao tributaveis);renda bruta total;"Linha transcrita diretamente da Tabela 46; valores monetarios publicados em reais correntes."
2006;2007;Brasil;R$;R$ 1,00;R$ 1,00 anuais;castro_2014_renda_bruta_2006;Castro, F. A. de. Imposto de renda da pessoa fisica: comparacoes internacionais, medidas de progressividade e redistribuicao. Dissertacao (Mestrado em Economia), Universidade de Brasilia, Brasilia, 2014.;https://www.gov.br/receitafederal/pt-br/centrais-de-conteudo/publicacoes/trabalhos-academicos/irpf-comparacoes-internacionais;outputs/fontes-pedro-souza-irpf/castro_2014_irpf_comparacoes_internacionais.pdf;outputs/fontes-pedro-souza-irpf/castro_2014_irpf_comparacoes_internacionais_texto_extraido.txt;outputs/fontes-pedro-souza-irpf/castro_2014_paginas/pagina_099.png;99;99;Tabela 46 - Distribuicao da Renda Bruta para o ano de 2006;"Fonte mapeada por Pedro Herculano para o ano-calendario 2006 como Castro (2014), Medeiros, Souza e Castro (2015a), com abrangencia Brasil, ordenamento por RTOT e rendas reportadas RBT, RNT e RTOT. A Tabela 46 de Castro (2014) traz a distribuicao da renda bruta para o ano de 2006 por 10 faixas aproximadamente proporcionais de declaracoes. No capitulo 7, a fonte define renda bruta como soma dos rendimentos tributaveis, rendimentos com tributacao exclusiva na fonte e rendimentos isentos e nao tributaveis. A tabela extraida aqui registra a distribuicao por faixa do total dessa renda bruta/RTOT; a decomposicao RBT, tributacao exclusiva e isentos por faixa nao aparece na Tabela 46. O ano-exercicio 2007 foi mantido apenas como inferencia operacional da correspondencia usual ano-calendario 2006 -> DIRPF/exercicio 2007; a tabela publicada informa diretamente o ano de 2006.";F06;6;De 18.690,01 a 23.000,00;18690.01;23000.00;0;2427886;50016607857.14;50016.607857;20600.888121;10.050756;59.907097;5.477721;19.123747;renda bruta total anual (RTOT = rendimentos tributaveis + tributacao exclusiva + isentos/nao tributaveis);renda bruta total;"Linha transcrita diretamente da Tabela 46; valores monetarios publicados em reais correntes."
2006;2007;Brasil;R$;R$ 1,00;R$ 1,00 anuais;castro_2014_renda_bruta_2006;Castro, F. A. de. Imposto de renda da pessoa fisica: comparacoes internacionais, medidas de progressividade e redistribuicao. Dissertacao (Mestrado em Economia), Universidade de Brasilia, Brasilia, 2014.;https://www.gov.br/receitafederal/pt-br/centrais-de-conteudo/publicacoes/trabalhos-academicos/irpf-comparacoes-internacionais;outputs/fontes-pedro-souza-irpf/castro_2014_irpf_comparacoes_internacionais.pdf;outputs/fontes-pedro-souza-irpf/castro_2014_irpf_comparacoes_internacionais_texto_extraido.txt;outputs/fontes-pedro-souza-irpf/castro_2014_paginas/pagina_099.png;99;99;Tabela 46 - Distribuicao da Renda Bruta para o ano de 2006;"Fonte mapeada por Pedro Herculano para o ano-calendario 2006 como Castro (2014), Medeiros, Souza e Castro (2015a), com abrangencia Brasil, ordenamento por RTOT e rendas reportadas RBT, RNT e RTOT. A Tabela 46 de Castro (2014) traz a distribuicao da renda bruta para o ano de 2006 por 10 faixas aproximadamente proporcionais de declaracoes. No capitulo 7, a fonte define renda bruta como soma dos rendimentos tributaveis, rendimentos com tributacao exclusiva na fonte e rendimentos isentos e nao tributaveis. A tabela extraida aqui registra a distribuicao por faixa do total dessa renda bruta/RTOT; a decomposicao RBT, tributacao exclusiva e isentos por faixa nao aparece na Tabela 46. O ano-exercicio 2007 foi mantido apenas como inferencia operacional da correspondencia usual ano-calendario 2006 -> DIRPF/exercicio 2007; a tabela publicada informa diretamente o ano de 2006.";F07;7;De 23.000,01 a 29.700,00;23000.01;29700.00;0;2418915;62989677114.59;62989.677115;26040.467364;10.013618;69.920716;6.898507;26.022254;renda bruta total anual (RTOT = rendimentos tributaveis + tributacao exclusiva + isentos/nao tributaveis);renda bruta total;"Linha transcrita diretamente da Tabela 46; valores monetarios publicados em reais correntes."
2006;2007;Brasil;R$;R$ 1,00;R$ 1,00 anuais;castro_2014_renda_bruta_2006;Castro, F. A. de. Imposto de renda da pessoa fisica: comparacoes internacionais, medidas de progressividade e redistribuicao. Dissertacao (Mestrado em Economia), Universidade de Brasilia, Brasilia, 2014.;https://www.gov.br/receitafederal/pt-br/centrais-de-conteudo/publicacoes/trabalhos-academicos/irpf-comparacoes-internacionais;outputs/fontes-pedro-souza-irpf/castro_2014_irpf_comparacoes_internacionais.pdf;outputs/fontes-pedro-souza-irpf/castro_2014_irpf_comparacoes_internacionais_texto_extraido.txt;outputs/fontes-pedro-souza-irpf/castro_2014_paginas/pagina_099.png;99;99;Tabela 46 - Distribuicao da Renda Bruta para o ano de 2006;"Fonte mapeada por Pedro Herculano para o ano-calendario 2006 como Castro (2014), Medeiros, Souza e Castro (2015a), com abrangencia Brasil, ordenamento por RTOT e rendas reportadas RBT, RNT e RTOT. A Tabela 46 de Castro (2014) traz a distribuicao da renda bruta para o ano de 2006 por 10 faixas aproximadamente proporcionais de declaracoes. No capitulo 7, a fonte define renda bruta como soma dos rendimentos tributaveis, rendimentos com tributacao exclusiva na fonte e rendimentos isentos e nao tributaveis. A tabela extraida aqui registra a distribuicao por faixa do total dessa renda bruta/RTOT; a decomposicao RBT, tributacao exclusiva e isentos por faixa nao aparece na Tabela 46. O ano-exercicio 2007 foi mantido apenas como inferencia operacional da correspondencia usual ano-calendario 2006 -> DIRPF/exercicio 2007; a tabela publicada informa diretamente o ano de 2006.";F08;8;De 29.700,01 a 41.700,00;29700.01;41700.00;0;2425206;84903443794.49;84903.443794;35008.755460;10.039661;79.960377;9.298460;35.320714;renda bruta total anual (RTOT = rendimentos tributaveis + tributacao exclusiva + isentos/nao tributaveis);renda bruta total;"Linha transcrita diretamente da Tabela 46; valores monetarios publicados em reais correntes."
2006;2007;Brasil;R$;R$ 1,00;R$ 1,00 anuais;castro_2014_renda_bruta_2006;Castro, F. A. de. Imposto de renda da pessoa fisica: comparacoes internacionais, medidas de progressividade e redistribuicao. Dissertacao (Mestrado em Economia), Universidade de Brasilia, Brasilia, 2014.;https://www.gov.br/receitafederal/pt-br/centrais-de-conteudo/publicacoes/trabalhos-academicos/irpf-comparacoes-internacionais;outputs/fontes-pedro-souza-irpf/castro_2014_irpf_comparacoes_internacionais.pdf;outputs/fontes-pedro-souza-irpf/castro_2014_irpf_comparacoes_internacionais_texto_extraido.txt;outputs/fontes-pedro-souza-irpf/castro_2014_paginas/pagina_099.png;99;99;Tabela 46 - Distribuicao da Renda Bruta para o ano de 2006;"Fonte mapeada por Pedro Herculano para o ano-calendario 2006 como Castro (2014), Medeiros, Souza e Castro (2015a), com abrangencia Brasil, ordenamento por RTOT e rendas reportadas RBT, RNT e RTOT. A Tabela 46 de Castro (2014) traz a distribuicao da renda bruta para o ano de 2006 por 10 faixas aproximadamente proporcionais de declaracoes. No capitulo 7, a fonte define renda bruta como soma dos rendimentos tributaveis, rendimentos com tributacao exclusiva na fonte e rendimentos isentos e nao tributaveis. A tabela extraida aqui registra a distribuicao por faixa do total dessa renda bruta/RTOT; a decomposicao RBT, tributacao exclusiva e isentos por faixa nao aparece na Tabela 46. O ano-exercicio 2007 foi mantido apenas como inferencia operacional da correspondencia usual ano-calendario 2006 -> DIRPF/exercicio 2007; a tabela publicada informa diretamente o ano de 2006.";F09;9;De 41.000,01 a 71.000,00;41000.01;71000.00;0;2414955;129454127500.01;129454.127500;53605.192436;9.997225;89.957602;14.177564;49.498278;renda bruta total anual (RTOT = rendimentos tributaveis + tributacao exclusiva + isentos/nao tributaveis);renda bruta total;"A faixa publicada comeca em 41.000,01, sobrepondo a faixa anterior ate 41.700,00; mantida como impressa, sem correcao silenciosa."
2006;2007;Brasil;R$;R$ 1,00;R$ 1,00 anuais;castro_2014_renda_bruta_2006;Castro, F. A. de. Imposto de renda da pessoa fisica: comparacoes internacionais, medidas de progressividade e redistribuicao. Dissertacao (Mestrado em Economia), Universidade de Brasilia, Brasilia, 2014.;https://www.gov.br/receitafederal/pt-br/centrais-de-conteudo/publicacoes/trabalhos-academicos/irpf-comparacoes-internacionais;outputs/fontes-pedro-souza-irpf/castro_2014_irpf_comparacoes_internacionais.pdf;outputs/fontes-pedro-souza-irpf/castro_2014_irpf_comparacoes_internacionais_texto_extraido.txt;outputs/fontes-pedro-souza-irpf/castro_2014_paginas/pagina_099.png;99;99;Tabela 46 - Distribuicao da Renda Bruta para o ano de 2006;"Fonte mapeada por Pedro Herculano para o ano-calendario 2006 como Castro (2014), Medeiros, Souza e Castro (2015a), com abrangencia Brasil, ordenamento por RTOT e rendas reportadas RBT, RNT e RTOT. A Tabela 46 de Castro (2014) traz a distribuicao da renda bruta para o ano de 2006 por 10 faixas aproximadamente proporcionais de declaracoes. No capitulo 7, a fonte define renda bruta como soma dos rendimentos tributaveis, rendimentos com tributacao exclusiva na fonte e rendimentos isentos e nao tributaveis. A tabela extraida aqui registra a distribuicao por faixa do total dessa renda bruta/RTOT; a decomposicao RBT, tributacao exclusiva e isentos por faixa nao aparece na Tabela 46. O ano-exercicio 2007 foi mantido apenas como inferencia operacional da correspondencia usual ano-calendario 2006 -> DIRPF/exercicio 2007; a tabela publicada informa diretamente o ano de 2006.";F10;10;Acima 71.000,00;71000.00;;1;2425867;461126921674.08;461126.921674;190087.470448;10.042398;100.000000;50.501722;100.000000;renda bruta total anual (RTOT = rendimentos tributaveis + tributacao exclusiva + isentos/nao tributaveis);renda bruta total;"Linha transcrita diretamente da Tabela 46; valores monetarios publicados em reais correntes."
