ano_exercicio;ano_calendario_inferido;unidade_geografica;codigo_faixa;ordem_faixa;faixa_renda_liquida_cr_mil;limite_inferior_cr_mil;limite_superior_cr_mil;faixa_topo_aberta;renda_bruta_cr_mil;abatimentos_cr_mil;renda_liquida_cr_mil;renda_liquida_media_cr;imposto_notificado_complementar_cr_mil;imposto_notificado_cedular_cr_mil;imposto_notificado_total_cr_mil;adicional_protecao_familia_cr_mil;contribuintes_total;contribuintes_mulheres_casadas;contribuintes_casados;contribuintes_viuvos_solteiros_espolios;contribuintes_espolios;contribuintes_solteiros_viuvos;contribuintes_subtotal_soma;contribuintes_diferenca_total_menos_subtotal;dependentes;moeda;unidade_monetaria_agregados;unidade_limites_faixa;fonte;url_archive;url_pdf;arquivo_fonte;arquivo_imagem_monetaria;arquivo_imagem_contribuintes;pagina_monetaria_impressa;folha_monetaria_scandata;pagina_contribuintes_impressa;folha_contribuintes_scandata;quadro;observacao
1964;1963;Brasil;F01;1;Ate 504;;504;0;4601530;2760219;1841311;474320.195775;0;57087;57087;7878;3882;50;3435;397;0;397;3882;0;8001;Cr$;Cr$ 1.000;Cr$ 1.000;Brasil. Ministerio da Fazenda. Divisao de Imposto de Renda. Relatorio das atividades do exercicio ano de 1964. Rio de Janeiro: Imprensa Nacional, 1964.;https://archive.org/details/relatatvfaz000000_3_000000impostrend1964;https://archive.org/download/relatatvfaz000000_3_000000impostrend1964/relatatvfaz000000_3_000000impostrend1964.pdf;outputs/fontes-pedro-souza-irpf/relatorio_irpf_ano_1964.pdf;outputs/fontes-pedro-souza-irpf/relatorio_1964_paginas/relatorio_1964_leaf_0081_pagina_71.png;outputs/fontes-pedro-souza-irpf/relatorio_1964_paginas/relatorio_1964_leaf_0090_pagina_77.png;71;81;77;90;Tabelas sem numero das paginas 71 e 77;"O total da coluna 'viuvos, solteiros e espolio' inclui os espolios; a coluna 'contribuintes_solteiros_viuvos' foi calculada subtraindo os espolios."
1964;1963;Brasil;F02;2;505 a 630;505;630;0;62807711;25300312;37507399;579202.232963;172829;823086;995915;50312;64757;1696;39750;23311;72;23239;64757;0;63052;Cr$;Cr$ 1.000;Cr$ 1.000;Brasil. Ministerio da Fazenda. Divisao de Imposto de Renda. Relatorio das atividades do exercicio ano de 1964. Rio de Janeiro: Imprensa Nacional, 1964.;https://archive.org/details/relatatvfaz000000_3_000000impostrend1964;https://archive.org/download/relatatvfaz000000_3_000000impostrend1964/relatatvfaz000000_3_000000impostrend1964.pdf;outputs/fontes-pedro-souza-irpf/relatorio_irpf_ano_1964.pdf;outputs/fontes-pedro-souza-irpf/relatorio_1964_paginas/relatorio_1964_leaf_0081_pagina_71.png;outputs/fontes-pedro-souza-irpf/relatorio_1964_paginas/relatorio_1964_leaf_0090_pagina_77.png;71;81;77;90;Tabelas sem numero das paginas 71 e 77;
1964;1963;Brasil;F03;3;631 a 945;631;945;0;236521354;116464786;120056568;785088.823641;1845127;2249447;4094574;228043;152921;5196;95922;51803;191;51612;152921;0;150186;Cr$;Cr$ 1.000;Cr$ 1.000;Brasil. Ministerio da Fazenda. Divisao de Imposto de Renda. Relatorio das atividades do exercicio ano de 1964. Rio de Janeiro: Imprensa Nacional, 1964.;https://archive.org/details/relatatvfaz000000_3_000000impostrend1964;https://archive.org/download/relatatvfaz000000_3_000000impostrend1964/relatatvfaz000000_3_000000impostrend1964.pdf;outputs/fontes-pedro-souza-irpf/relatorio_irpf_ano_1964.pdf;outputs/fontes-pedro-souza-irpf/relatorio_1964_paginas/relatorio_1964_leaf_0081_pagina_71.png;outputs/fontes-pedro-souza-irpf/relatorio_1964_paginas/relatorio_1964_leaf_0090_pagina_77.png;71;81;77;90;Tabelas sem numero das paginas 71 e 77;
1964;1963;Brasil;F04;4;946 a 1.260;946;1260;0;139056959;40379838;98677121;1109192.821735;2966473;1706433;4672906;152952;88963;3888;57954;27121;111;27010;88963;0;93957;Cr$;Cr$ 1.000;Cr$ 1.000;Brasil. Ministerio da Fazenda. Divisao de Imposto de Renda. Relatorio das atividades do exercicio ano de 1964. Rio de Janeiro: Imprensa Nacional, 1964.;https://archive.org/details/relatatvfaz000000_3_000000impostrend1964;https://archive.org/download/relatatvfaz000000_3_000000impostrend1964/relatatvfaz000000_3_000000impostrend1964.pdf;outputs/fontes-pedro-souza-irpf/relatorio_irpf_ano_1964.pdf;outputs/fontes-pedro-souza-irpf/relatorio_1964_paginas/relatorio_1964_leaf_0081_pagina_71.png;outputs/fontes-pedro-souza-irpf/relatorio_1964_paginas/relatorio_1964_leaf_0090_pagina_77.png;71;81;77;90;Tabelas sem numero das paginas 71 e 77;
1964;1963;Brasil;F05;5;1.261 a 1.575;1261;1575;0;101975409;26701072;75274337;1427407.54717;3450809;1262843;4713652;154402;52735;2067;36761;13907;88;13819;52735;0;62164;Cr$;Cr$ 1.000;Cr$ 1.000;Brasil. Ministerio da Fazenda. Divisao de Imposto de Renda. Relatorio das atividades do exercicio ano de 1964. Rio de Janeiro: Imprensa Nacional, 1964.;https://archive.org/details/relatatvfaz000000_3_000000impostrend1964;https://archive.org/download/relatatvfaz000000_3_000000impostrend1964/relatatvfaz000000_3_000000impostrend1964.pdf;outputs/fontes-pedro-souza-irpf/relatorio_irpf_ano_1964.pdf;outputs/fontes-pedro-souza-irpf/relatorio_1964_paginas/relatorio_1964_leaf_0081_pagina_71.png;outputs/fontes-pedro-souza-irpf/relatorio_1964_paginas/relatorio_1964_leaf_0090_pagina_77.png;71;81;77;90;Tabelas sem numero das paginas 71 e 77;
1964;1963;Brasil;F06;6;1.576 a 1.890;1576;1890;0;73852755;17903392;55949363;1725979.855627;3472965;913852;4386817;173430;32416;905;23787;7724;61;7663;32416;0;40973;Cr$;Cr$ 1.000;Cr$ 1.000;Brasil. Ministerio da Fazenda. Divisao de Imposto de Renda. Relatorio das atividades do exercicio ano de 1964. Rio de Janeiro: Imprensa Nacional, 1964.;https://archive.org/details/relatatvfaz000000_3_000000impostrend1964;https://archive.org/download/relatatvfaz000000_3_000000impostrend1964/relatatvfaz000000_3_000000impostrend1964.pdf;outputs/fontes-pedro-souza-irpf/relatorio_irpf_ano_1964.pdf;outputs/fontes-pedro-souza-irpf/relatorio_1964_paginas/relatorio_1964_leaf_0081_pagina_71.png;outputs/fontes-pedro-souza-irpf/relatorio_1964_paginas/relatorio_1964_leaf_0090_pagina_77.png;71;81;77;90;Tabelas sem numero das paginas 71 e 77;
1964;1963;Brasil;F07;7;1.891 a 2.520;1891;2520;0;94864125;20687485;74176640;2208163.848535;6616028;1173952;7789980;200652;33592;792;26008;6792;74;6718;33592;0;46508;Cr$;Cr$ 1.000;Cr$ 1.000;Brasil. Ministerio da Fazenda. Divisao de Imposto de Renda. Relatorio das atividades do exercicio ano de 1964. Rio de Janeiro: Imprensa Nacional, 1964.;https://archive.org/details/relatatvfaz000000_3_000000impostrend1964;https://archive.org/download/relatatvfaz000000_3_000000impostrend1964/relatatvfaz000000_3_000000impostrend1964.pdf;outputs/fontes-pedro-souza-irpf/relatorio_irpf_ano_1964.pdf;outputs/fontes-pedro-souza-irpf/relatorio_1964_paginas/relatorio_1964_leaf_0081_pagina_71.png;outputs/fontes-pedro-souza-irpf/relatorio_1964_paginas/relatorio_1964_leaf_0090_pagina_77.png;71;81;77;90;Tabelas sem numero das paginas 71 e 77;
1964;1963;Brasil;F08;8;2.521 a 3.150;2521;3150;0;59368933;11986806;47382127;2821708.373035;5621328;720004;6341332;154113;16792;412;13434;2946;38;2908;16792;0;24753;Cr$;Cr$ 1.000;Cr$ 1.000;Brasil. Ministerio da Fazenda. Divisao de Imposto de Renda. Relatorio das atividades do exercicio ano de 1964. Rio de Janeiro: Imprensa Nacional, 1964.;https://archive.org/details/relatatvfaz000000_3_000000impostrend1964;https://archive.org/download/relatatvfaz000000_3_000000impostrend1964/relatatvfaz000000_3_000000impostrend1964.pdf;outputs/fontes-pedro-souza-irpf/relatorio_irpf_ano_1964.pdf;outputs/fontes-pedro-souza-irpf/relatorio_1964_paginas/relatorio_1964_leaf_0081_pagina_71.png;outputs/fontes-pedro-souza-irpf/relatorio_1964_paginas/relatorio_1964_leaf_0090_pagina_77.png;71;81;77;90;Tabelas sem numero das paginas 71 e 77;
1964;1963;Brasil;F09;9;3.151 a 3.780;3151;3780;0;36087821;6145480;29942341;3432180.307199;4373825;433923;4807748;129690;8724;128;7187;1409;29;1380;8724;0;12687;Cr$;Cr$ 1.000;Cr$ 1.000;Brasil. Ministerio da Fazenda. Divisao de Imposto de Renda. Relatorio das atividades do exercicio ano de 1964. Rio de Janeiro: Imprensa Nacional, 1964.;https://archive.org/details/relatatvfaz000000_3_000000impostrend1964;https://archive.org/download/relatatvfaz000000_3_000000impostrend1964/relatatvfaz000000_3_000000impostrend1964.pdf;outputs/fontes-pedro-souza-irpf/relatorio_irpf_ano_1964.pdf;outputs/fontes-pedro-souza-irpf/relatorio_1964_paginas/relatorio_1964_leaf_0081_pagina_71.png;outputs/fontes-pedro-souza-irpf/relatorio_1964_paginas/relatorio_1964_leaf_0090_pagina_77.png;71;81;77;90;Tabelas sem numero das paginas 71 e 77;
1964;1963;Brasil;F10;10;3.781 a 5.250;3781;5250;0;46327116;7151956;39175160;4176901.588656;6983907;563249;7547156;143132;9379;143;7857;1379;35;1344;9379;0;14208;Cr$;Cr$ 1.000;Cr$ 1.000;Brasil. Ministerio da Fazenda. Divisao de Imposto de Renda. Relatorio das atividades do exercicio ano de 1964. Rio de Janeiro: Imprensa Nacional, 1964.;https://archive.org/details/relatatvfaz000000_3_000000impostrend1964;https://archive.org/download/relatatvfaz000000_3_000000impostrend1964/relatatvfaz000000_3_000000impostrend1964.pdf;outputs/fontes-pedro-souza-irpf/relatorio_irpf_ano_1964.pdf;outputs/fontes-pedro-souza-irpf/relatorio_1964_paginas/relatorio_1964_leaf_0081_pagina_71.png;outputs/fontes-pedro-souza-irpf/relatorio_1964_paginas/relatorio_1964_leaf_0090_pagina_77.png;71;81;77;90;Tabelas sem numero das paginas 71 e 77;
1964;1963;Brasil;F11;11;5.251 a 7.350;5251;7350;0;27521378;3377212;24144166;6061804.167713;5754998;316066;6071064;795662;3983;42;3405;536;21;515;3983;0;5958;Cr$;Cr$ 1.000;Cr$ 1.000;Brasil. Ministerio da Fazenda. Divisao de Imposto de Renda. Relatorio das atividades do exercicio ano de 1964. Rio de Janeiro: Imprensa Nacional, 1964.;https://archive.org/details/relatatvfaz000000_3_000000impostrend1964;https://archive.org/download/relatatvfaz000000_3_000000impostrend1964/relatatvfaz000000_3_000000impostrend1964.pdf;outputs/fontes-pedro-souza-irpf/relatorio_irpf_ano_1964.pdf;outputs/fontes-pedro-souza-irpf/relatorio_1964_paginas/relatorio_1964_leaf_0081_pagina_71.png;outputs/fontes-pedro-souza-irpf/relatorio_1964_paginas/relatorio_1964_leaf_0090_pagina_77.png;71;81;77;90;Tabelas sem numero das paginas 71 e 77;
1964;1963;Brasil;F12;12;7.351 a 9.450;7351;9450;0;13734979;1467767;12267212;8194530.394122;3503265;147701;3650966;62843;1497;14;1284;199;8;191;1497;0;2343;Cr$;Cr$ 1.000;Cr$ 1.000;Brasil. Ministerio da Fazenda. Divisao de Imposto de Renda. Relatorio das atividades do exercicio ano de 1964. Rio de Janeiro: Imprensa Nacional, 1964.;https://archive.org/details/relatatvfaz000000_3_000000impostrend1964;https://archive.org/download/relatatvfaz000000_3_000000impostrend1964/relatatvfaz000000_3_000000impostrend1964.pdf;outputs/fontes-pedro-souza-irpf/relatorio_irpf_ano_1964.pdf;outputs/fontes-pedro-souza-irpf/relatorio_1964_paginas/relatorio_1964_leaf_0081_pagina_71.png;outputs/fontes-pedro-souza-irpf/relatorio_1964_paginas/relatorio_1964_leaf_0090_pagina_77.png;71;81;77;90;Tabelas sem numero das paginas 71 e 77;
1964;1963;Brasil;F13;13;9.451 a 12.600;9451;12600;0;10622377;989529;9632848;10550764.512596;3164977;102896;3267873;52326;913;12;756;145;3;142;913;0;1409;Cr$;Cr$ 1.000;Cr$ 1.000;Brasil. Ministerio da Fazenda. Divisao de Imposto de Renda. Relatorio das atividades do exercicio ano de 1964. Rio de Janeiro: Imprensa Nacional, 1964.;https://archive.org/details/relatatvfaz000000_3_000000impostrend1964;https://archive.org/download/relatatvfaz000000_3_000000impostrend1964/relatatvfaz000000_3_000000impostrend1964.pdf;outputs/fontes-pedro-souza-irpf/relatorio_irpf_ano_1964.pdf;outputs/fontes-pedro-souza-irpf/relatorio_1964_paginas/relatorio_1964_leaf_0081_pagina_71.png;outputs/fontes-pedro-souza-irpf/relatorio_1964_paginas/relatorio_1964_leaf_0090_pagina_77.png;71;81;77;90;Tabelas sem numero das paginas 71 e 77;
1964;1963;Brasil;F14;14;12.601 a 16.800;12601;16800;0;7492974;572033;6920941;14329070.393375;2655187;66732;2721919;66917;483;7;416;60;2;58;483;0;742;Cr$;Cr$ 1.000;Cr$ 1.000;Brasil. Ministerio da Fazenda. Divisao de Imposto de Renda. Relatorio das atividades do exercicio ano de 1964. Rio de Janeiro: Imprensa Nacional, 1964.;https://archive.org/details/relatatvfaz000000_3_000000impostrend1964;https://archive.org/download/relatatvfaz000000_3_000000impostrend1964/relatatvfaz000000_3_000000impostrend1964.pdf;outputs/fontes-pedro-souza-irpf/relatorio_irpf_ano_1964.pdf;outputs/fontes-pedro-souza-irpf/relatorio_1964_paginas/relatorio_1964_leaf_0081_pagina_71.png;outputs/fontes-pedro-souza-irpf/relatorio_1964_paginas/relatorio_1964_leaf_0090_pagina_77.png;71;81;77;90;Tabelas sem numero das paginas 71 e 77;
1964;1963;Brasil;F15;15;Acima de 16.801;16801;;1;9505609;635189;8870420;24571800.554017;4316590;70713;4387303;44306;361;3;314;44;2;42;361;0;472;Cr$;Cr$ 1.000;Cr$ 1.000;Brasil. Ministerio da Fazenda. Divisao de Imposto de Renda. Relatorio das atividades do exercicio ano de 1964. Rio de Janeiro: Imprensa Nacional, 1964.;https://archive.org/details/relatatvfaz000000_3_000000impostrend1964;https://archive.org/download/relatatvfaz000000_3_000000impostrend1964/relatatvfaz000000_3_000000impostrend1964.pdf;outputs/fontes-pedro-souza-irpf/relatorio_irpf_ano_1964.pdf;outputs/fontes-pedro-souza-irpf/relatorio_1964_paginas/relatorio_1964_leaf_0081_pagina_71.png;outputs/fontes-pedro-souza-irpf/relatorio_1964_paginas/relatorio_1964_leaf_0090_pagina_77.png;71;81;77;90;Tabelas sem numero das paginas 71 e 77;
