ano_exercicio;ano_calendario_inferido;unidade_geografica;moeda;unidade_monetaria_agregados;unidade_limites_faixa;serie_nacional_comparavel_renda_liquida;fonte;url_archive;url_pdf;url_aef_1983_metadata;arquivo_fonte;arquivo_ocr;arquivo_ocr_xml;arquivo_imagem_tabela;pagina_pdf;pagina_impressa;observacao;codigo_faixa;ordem_faixa;faixa_rendimento_bruto_total_cr;limite_inferior_cr;limite_superior_cr;faixa_topo_aberta;numero_declarantes;rendimento_bruto_total_cr_mil;deducoes_cedulares_calculadas_cr_mil;desconto_padrao_numero_declarantes;desconto_padrao_cr_mil;renda_bruta_calculada_cr_mil;abatimento_calculado_cr_mil;rendimento_bruto_medio_cr;tipo_rendimento_faixa;tipo_valor_monetario;quadro;observacao_linha
1982;1981;Brasil;Cr$;Cr$ 1.000;Cr$ 1,00;0;Brasil. Ministerio da Fazenda. Secretaria da Receita Federal. Coordenacao do Sistema de Informacoes Economico-Fiscais. Imposto de Renda Pessoa Fisica 1982. Brasilia: Ministerio da Fazenda, 1982.;https://archive.org/details/impostoderendape41982mini;https://archive.org/download/impostoderendape41982mini/impostoderendape41982mini.pdf;https://archive.org/details/anuareco1983minfaz;outputs/fontes-pedro-souza-irpf/irpf_scan/pdf/impostoderendape41982mini.pdf;outputs/fontes-pedro-souza-irpf/irpf_scan/ocr_txt/impostoderendape41982mini_djvu.txt;outputs/fontes-pedro-souza-irpf/irpf_scan/ocr_txt/impostoderendape41982mini_djvu.xml;outputs/fontes-pedro-souza-irpf/irpf_scan/previews/impostoderendape41982mini/crops/irpf1982_pdfpage_025_brasil_full_crop.png;25;21;"A publicacao IRPF 1982 cobre ano-base 1981/exercicio 1982. Ela traz quadros nacionais no fechamento das tabelas por Unidades Federadas e Regioes Fiscais, mas o Quadro 2 continua decompondo a renda liquida calculada apenas em tres blocos: negativa, de zero a Cr$ 278.000 e acima de Cr$ 278.000. Por isso, a extracao foi preservada como serie paralela e nao deve ser misturada diretamente com a serie nacional comparavel por classes finas de renda liquida. O item Anuario Economico-Fiscal 1983 foi localizado no Internet Archive somente com metadados, sem PDF/OCR publico. Para o ano-base 1981, foi usada a publicacao CIEF Imposto de Renda Pessoa Fisica 1982. Os valores nacionais foram conferidos nas imagens das paginas PDF 25 e 34. Algumas casas estavam borradas no scan; nesses casos, o valor foi resolvido por fechamento contra o total publicado e marcado em observacao_linha.";F01;1;Ate 278.000;;278000;0;598493;94453906;1962289;415873;13079189;79412427;48275954;157819.566812;rendimento bruto total;rendimento bruto total;1;
1982;1981;Brasil;Cr$;Cr$ 1.000;Cr$ 1,00;0;Brasil. Ministerio da Fazenda. Secretaria da Receita Federal. Coordenacao do Sistema de Informacoes Economico-Fiscais. Imposto de Renda Pessoa Fisica 1982. Brasilia: Ministerio da Fazenda, 1982.;https://archive.org/details/impostoderendape41982mini;https://archive.org/download/impostoderendape41982mini/impostoderendape41982mini.pdf;https://archive.org/details/anuareco1983minfaz;outputs/fontes-pedro-souza-irpf/irpf_scan/pdf/impostoderendape41982mini.pdf;outputs/fontes-pedro-souza-irpf/irpf_scan/ocr_txt/impostoderendape41982mini_djvu.txt;outputs/fontes-pedro-souza-irpf/irpf_scan/ocr_txt/impostoderendape41982mini_djvu.xml;outputs/fontes-pedro-souza-irpf/irpf_scan/previews/impostoderendape41982mini/crops/irpf1982_pdfpage_025_brasil_full_crop.png;25;21;"A publicacao IRPF 1982 cobre ano-base 1981/exercicio 1982. Ela traz quadros nacionais no fechamento das tabelas por Unidades Federadas e Regioes Fiscais, mas o Quadro 2 continua decompondo a renda liquida calculada apenas em tres blocos: negativa, de zero a Cr$ 278.000 e acima de Cr$ 278.000. Por isso, a extracao foi preservada como serie paralela e nao deve ser misturada diretamente com a serie nacional comparavel por classes finas de renda liquida. O item Anuario Economico-Fiscal 1983 foi localizado no Internet Archive somente com metadados, sem PDF/OCR publico. Para o ano-base 1981, foi usada a publicacao CIEF Imposto de Renda Pessoa Fisica 1982. Os valores nacionais foram conferidos nas imagens das paginas PDF 25 e 34. Algumas casas estavam borradas no scan; nesses casos, o valor foi resolvido por fechamento contra o total publicado e marcado em observacao_linha.";F02;2;278.001 a 394.000;278001;394000;0;685941;235484990;6175039;555291;39649274;189660677;67159002;343302.106158;rendimento bruto total;rendimento bruto total;1;"Desconto padrao valor e abatimentos resolvidos por fechamento dos totais; digitos borrados no scan."
1982;1981;Brasil;Cr$;Cr$ 1.000;Cr$ 1,00;0;Brasil. Ministerio da Fazenda. Secretaria da Receita Federal. Coordenacao do Sistema de Informacoes Economico-Fiscais. Imposto de Renda Pessoa Fisica 1982. Brasilia: Ministerio da Fazenda, 1982.;https://archive.org/details/impostoderendape41982mini;https://archive.org/download/impostoderendape41982mini/impostoderendape41982mini.pdf;https://archive.org/details/anuareco1983minfaz;outputs/fontes-pedro-souza-irpf/irpf_scan/pdf/impostoderendape41982mini.pdf;outputs/fontes-pedro-souza-irpf/irpf_scan/ocr_txt/impostoderendape41982mini_djvu.txt;outputs/fontes-pedro-souza-irpf/irpf_scan/ocr_txt/impostoderendape41982mini_djvu.xml;outputs/fontes-pedro-souza-irpf/irpf_scan/previews/impostoderendape41982mini/crops/irpf1982_pdfpage_025_brasil_full_crop.png;25;21;"A publicacao IRPF 1982 cobre ano-base 1981/exercicio 1982. Ela traz quadros nacionais no fechamento das tabelas por Unidades Federadas e Regioes Fiscais, mas o Quadro 2 continua decompondo a renda liquida calculada apenas em tres blocos: negativa, de zero a Cr$ 278.000 e acima de Cr$ 278.000. Por isso, a extracao foi preservada como serie paralela e nao deve ser misturada diretamente com a serie nacional comparavel por classes finas de renda liquida. O item Anuario Economico-Fiscal 1983 foi localizado no Internet Archive somente com metadados, sem PDF/OCR publico. Para o ano-base 1981, foi usada a publicacao CIEF Imposto de Renda Pessoa Fisica 1982. Os valores nacionais foram conferidos nas imagens das paginas PDF 25 e 34. Algumas casas estavam borradas no scan; nesses casos, o valor foi resolvido por fechamento contra o total publicado e marcado em observacao_linha.";F03;3;394.001 a 513.000;394001;513000;0;1129428;512267896;10013392;989492;104001528;398252975;135471625;453564.012934;rendimento bruto total;rendimento bruto total;1;
1982;1981;Brasil;Cr$;Cr$ 1.000;Cr$ 1,00;0;Brasil. Ministerio da Fazenda. Secretaria da Receita Federal. Coordenacao do Sistema de Informacoes Economico-Fiscais. Imposto de Renda Pessoa Fisica 1982. Brasilia: Ministerio da Fazenda, 1982.;https://archive.org/details/impostoderendape41982mini;https://archive.org/download/impostoderendape41982mini/impostoderendape41982mini.pdf;https://archive.org/details/anuareco1983minfaz;outputs/fontes-pedro-souza-irpf/irpf_scan/pdf/impostoderendape41982mini.pdf;outputs/fontes-pedro-souza-irpf/irpf_scan/ocr_txt/impostoderendape41982mini_djvu.txt;outputs/fontes-pedro-souza-irpf/irpf_scan/ocr_txt/impostoderendape41982mini_djvu.xml;outputs/fontes-pedro-souza-irpf/irpf_scan/previews/impostoderendape41982mini/crops/irpf1982_pdfpage_025_brasil_full_crop.png;25;21;"A publicacao IRPF 1982 cobre ano-base 1981/exercicio 1982. Ela traz quadros nacionais no fechamento das tabelas por Unidades Federadas e Regioes Fiscais, mas o Quadro 2 continua decompondo a renda liquida calculada apenas em tres blocos: negativa, de zero a Cr$ 278.000 e acima de Cr$ 278.000. Por isso, a extracao foi preservada como serie paralela e nao deve ser misturada diretamente com a serie nacional comparavel por classes finas de renda liquida. O item Anuario Economico-Fiscal 1983 foi localizado no Internet Archive somente com metadados, sem PDF/OCR publico. Para o ano-base 1981, foi usada a publicacao CIEF Imposto de Renda Pessoa Fisica 1982. Os valores nacionais foram conferidos nas imagens das paginas PDF 25 e 34. Algumas casas estavam borradas no scan; nesses casos, o valor foi resolvido por fechamento contra o total publicado e marcado em observacao_linha.";F04;4;513.001 a 671.000;513001;671000;0;1235258;725952895;16286797;1088103;149587242;560078855;186944471;587693.336129;rendimento bruto total;rendimento bruto total;1;
1982;1981;Brasil;Cr$;Cr$ 1.000;Cr$ 1,00;0;Brasil. Ministerio da Fazenda. Secretaria da Receita Federal. Coordenacao do Sistema de Informacoes Economico-Fiscais. Imposto de Renda Pessoa Fisica 1982. Brasilia: Ministerio da Fazenda, 1982.;https://archive.org/details/impostoderendape41982mini;https://archive.org/download/impostoderendape41982mini/impostoderendape41982mini.pdf;https://archive.org/details/anuareco1983minfaz;outputs/fontes-pedro-souza-irpf/irpf_scan/pdf/impostoderendape41982mini.pdf;outputs/fontes-pedro-souza-irpf/irpf_scan/ocr_txt/impostoderendape41982mini_djvu.txt;outputs/fontes-pedro-souza-irpf/irpf_scan/ocr_txt/impostoderendape41982mini_djvu.xml;outputs/fontes-pedro-souza-irpf/irpf_scan/previews/impostoderendape41982mini/crops/irpf1982_pdfpage_025_brasil_full_crop.png;25;21;"A publicacao IRPF 1982 cobre ano-base 1981/exercicio 1982. Ela traz quadros nacionais no fechamento das tabelas por Unidades Federadas e Regioes Fiscais, mas o Quadro 2 continua decompondo a renda liquida calculada apenas em tres blocos: negativa, de zero a Cr$ 278.000 e acima de Cr$ 278.000. Por isso, a extracao foi preservada como serie paralela e nao deve ser misturada diretamente com a serie nacional comparavel por classes finas de renda liquida. O item Anuario Economico-Fiscal 1983 foi localizado no Internet Archive somente com metadados, sem PDF/OCR publico. Para o ano-base 1981, foi usada a publicacao CIEF Imposto de Renda Pessoa Fisica 1982. Os valores nacionais foram conferidos nas imagens das paginas PDF 25 e 34. Algumas casas estavam borradas no scan; nesses casos, o valor foi resolvido por fechamento contra o total publicado e marcado em observacao_linha.";F05;5;671.001 a 876.000;671001;876000;0;997307;761614959;23982188;855388;152629649;585003121;175496987;763671.526421;rendimento bruto total;rendimento bruto total;1;
1982;1981;Brasil;Cr$;Cr$ 1.000;Cr$ 1,00;0;Brasil. Ministerio da Fazenda. Secretaria da Receita Federal. Coordenacao do Sistema de Informacoes Economico-Fiscais. Imposto de Renda Pessoa Fisica 1982. Brasilia: Ministerio da Fazenda, 1982.;https://archive.org/details/impostoderendape41982mini;https://archive.org/download/impostoderendape41982mini/impostoderendape41982mini.pdf;https://archive.org/details/anuareco1983minfaz;outputs/fontes-pedro-souza-irpf/irpf_scan/pdf/impostoderendape41982mini.pdf;outputs/fontes-pedro-souza-irpf/irpf_scan/ocr_txt/impostoderendape41982mini_djvu.txt;outputs/fontes-pedro-souza-irpf/irpf_scan/ocr_txt/impostoderendape41982mini_djvu.xml;outputs/fontes-pedro-souza-irpf/irpf_scan/previews/impostoderendape41982mini/crops/irpf1982_pdfpage_025_brasil_full_crop.png;25;21;"A publicacao IRPF 1982 cobre ano-base 1981/exercicio 1982. Ela traz quadros nacionais no fechamento das tabelas por Unidades Federadas e Regioes Fiscais, mas o Quadro 2 continua decompondo a renda liquida calculada apenas em tres blocos: negativa, de zero a Cr$ 278.000 e acima de Cr$ 278.000. Por isso, a extracao foi preservada como serie paralela e nao deve ser misturada diretamente com a serie nacional comparavel por classes finas de renda liquida. O item Anuario Economico-Fiscal 1983 foi localizado no Internet Archive somente com metadados, sem PDF/OCR publico. Para o ano-base 1981, foi usada a publicacao CIEF Imposto de Renda Pessoa Fisica 1982. Os valores nacionais foram conferidos nas imagens das paginas PDF 25 e 34. Algumas casas estavam borradas no scan; nesses casos, o valor foi resolvido por fechamento contra o total publicado e marcado em observacao_linha.";F06;6;876.001 a 1.154.000;876001;1154000;0;740943;741423967;32261850;613370;143510916;565651200;144575208;1000649.128206;rendimento bruto total;rendimento bruto total;1;
1982;1981;Brasil;Cr$;Cr$ 1.000;Cr$ 1,00;0;Brasil. Ministerio da Fazenda. Secretaria da Receita Federal. Coordenacao do Sistema de Informacoes Economico-Fiscais. Imposto de Renda Pessoa Fisica 1982. Brasilia: Ministerio da Fazenda, 1982.;https://archive.org/details/impostoderendape41982mini;https://archive.org/download/impostoderendape41982mini/impostoderendape41982mini.pdf;https://archive.org/details/anuareco1983minfaz;outputs/fontes-pedro-souza-irpf/irpf_scan/pdf/impostoderendape41982mini.pdf;outputs/fontes-pedro-souza-irpf/irpf_scan/ocr_txt/impostoderendape41982mini_djvu.txt;outputs/fontes-pedro-souza-irpf/irpf_scan/ocr_txt/impostoderendape41982mini_djvu.xml;outputs/fontes-pedro-souza-irpf/irpf_scan/previews/impostoderendape41982mini/crops/irpf1982_pdfpage_025_brasil_full_crop.png;25;21;"A publicacao IRPF 1982 cobre ano-base 1981/exercicio 1982. Ela traz quadros nacionais no fechamento das tabelas por Unidades Federadas e Regioes Fiscais, mas o Quadro 2 continua decompondo a renda liquida calculada apenas em tres blocos: negativa, de zero a Cr$ 278.000 e acima de Cr$ 278.000. Por isso, a extracao foi preservada como serie paralela e nao deve ser misturada diretamente com a serie nacional comparavel por classes finas de renda liquida. O item Anuario Economico-Fiscal 1983 foi localizado no Internet Archive somente com metadados, sem PDF/OCR publico. Para o ano-base 1981, foi usada a publicacao CIEF Imposto de Renda Pessoa Fisica 1982. Os valores nacionais foram conferidos nas imagens das paginas PDF 25 e 34. Algumas casas estavam borradas no scan; nesses casos, o valor foi resolvido por fechamento contra o total publicado e marcado em observacao_linha.";F07;7;1.154.001 a 1.496.000;1154001;1496000;0;506420;662996908;37045932;401588;122801242;503149733;109180178;1309183.894791;rendimento bruto total;rendimento bruto total;1;
1982;1981;Brasil;Cr$;Cr$ 1.000;Cr$ 1,00;0;Brasil. Ministerio da Fazenda. Secretaria da Receita Federal. Coordenacao do Sistema de Informacoes Economico-Fiscais. Imposto de Renda Pessoa Fisica 1982. Brasilia: Ministerio da Fazenda, 1982.;https://archive.org/details/impostoderendape41982mini;https://archive.org/download/impostoderendape41982mini/impostoderendape41982mini.pdf;https://archive.org/details/anuareco1983minfaz;outputs/fontes-pedro-souza-irpf/irpf_scan/pdf/impostoderendape41982mini.pdf;outputs/fontes-pedro-souza-irpf/irpf_scan/ocr_txt/impostoderendape41982mini_djvu.txt;outputs/fontes-pedro-souza-irpf/irpf_scan/ocr_txt/impostoderendape41982mini_djvu.xml;outputs/fontes-pedro-souza-irpf/irpf_scan/previews/impostoderendape41982mini/crops/irpf1982_pdfpage_025_brasil_full_crop.png;25;21;"A publicacao IRPF 1982 cobre ano-base 1981/exercicio 1982. Ela traz quadros nacionais no fechamento das tabelas por Unidades Federadas e Regioes Fiscais, mas o Quadro 2 continua decompondo a renda liquida calculada apenas em tres blocos: negativa, de zero a Cr$ 278.000 e acima de Cr$ 278.000. Por isso, a extracao foi preservada como serie paralela e nao deve ser misturada diretamente com a serie nacional comparavel por classes finas de renda liquida. O item Anuario Economico-Fiscal 1983 foi localizado no Internet Archive somente com metadados, sem PDF/OCR publico. Para o ano-base 1981, foi usada a publicacao CIEF Imposto de Renda Pessoa Fisica 1982. Os valores nacionais foram conferidos nas imagens das paginas PDF 25 e 34. Algumas casas estavam borradas no scan; nesses casos, o valor foi resolvido por fechamento contra o total publicado e marcado em observacao_linha.";F08;8;1.496.001 a 1.965.000;1496001;1965000;0;388037;661875638;44525578;290511;107547480;509802578;93679609;1705702.389205;rendimento bruto total;rendimento bruto total;1;
1982;1981;Brasil;Cr$;Cr$ 1.000;Cr$ 1,00;0;Brasil. Ministerio da Fazenda. Secretaria da Receita Federal. Coordenacao do Sistema de Informacoes Economico-Fiscais. Imposto de Renda Pessoa Fisica 1982. Brasilia: Ministerio da Fazenda, 1982.;https://archive.org/details/impostoderendape41982mini;https://archive.org/download/impostoderendape41982mini/impostoderendape41982mini.pdf;https://archive.org/details/anuareco1983minfaz;outputs/fontes-pedro-souza-irpf/irpf_scan/pdf/impostoderendape41982mini.pdf;outputs/fontes-pedro-souza-irpf/irpf_scan/ocr_txt/impostoderendape41982mini_djvu.txt;outputs/fontes-pedro-souza-irpf/irpf_scan/ocr_txt/impostoderendape41982mini_djvu.xml;outputs/fontes-pedro-souza-irpf/irpf_scan/previews/impostoderendape41982mini/crops/irpf1982_pdfpage_025_brasil_full_crop.png;25;21;"A publicacao IRPF 1982 cobre ano-base 1981/exercicio 1982. Ela traz quadros nacionais no fechamento das tabelas por Unidades Federadas e Regioes Fiscais, mas o Quadro 2 continua decompondo a renda liquida calculada apenas em tres blocos: negativa, de zero a Cr$ 278.000 e acima de Cr$ 278.000. Por isso, a extracao foi preservada como serie paralela e nao deve ser misturada diretamente com a serie nacional comparavel por classes finas de renda liquida. O item Anuario Economico-Fiscal 1983 foi localizado no Internet Archive somente com metadados, sem PDF/OCR publico. Para o ano-base 1981, foi usada a publicacao CIEF Imposto de Renda Pessoa Fisica 1982. Os valores nacionais foram conferidos nas imagens das paginas PDF 25 e 34. Algumas casas estavam borradas no scan; nesses casos, o valor foi resolvido por fechamento contra o total publicado e marcado em observacao_linha.";F09;9;1.965.001 a 2.564.000;1965001;2564000;0;259856;579677180;49613961;161345;61416341;468646878;76149653;2230763.114956;rendimento bruto total;rendimento bruto total;1;
1982;1981;Brasil;Cr$;Cr$ 1.000;Cr$ 1,00;0;Brasil. Ministerio da Fazenda. Secretaria da Receita Federal. Coordenacao do Sistema de Informacoes Economico-Fiscais. Imposto de Renda Pessoa Fisica 1982. Brasilia: Ministerio da Fazenda, 1982.;https://archive.org/details/impostoderendape41982mini;https://archive.org/download/impostoderendape41982mini/impostoderendape41982mini.pdf;https://archive.org/details/anuareco1983minfaz;outputs/fontes-pedro-souza-irpf/irpf_scan/pdf/impostoderendape41982mini.pdf;outputs/fontes-pedro-souza-irpf/irpf_scan/ocr_txt/impostoderendape41982mini_djvu.txt;outputs/fontes-pedro-souza-irpf/irpf_scan/ocr_txt/impostoderendape41982mini_djvu.xml;outputs/fontes-pedro-souza-irpf/irpf_scan/previews/impostoderendape41982mini/crops/irpf1982_pdfpage_025_brasil_full_crop.png;25;21;"A publicacao IRPF 1982 cobre ano-base 1981/exercicio 1982. Ela traz quadros nacionais no fechamento das tabelas por Unidades Federadas e Regioes Fiscais, mas o Quadro 2 continua decompondo a renda liquida calculada apenas em tres blocos: negativa, de zero a Cr$ 278.000 e acima de Cr$ 278.000. Por isso, a extracao foi preservada como serie paralela e nao deve ser misturada diretamente com a serie nacional comparavel por classes finas de renda liquida. O item Anuario Economico-Fiscal 1983 foi localizado no Internet Archive somente com metadados, sem PDF/OCR publico. Para o ano-base 1981, foi usada a publicacao CIEF Imposto de Renda Pessoa Fisica 1982. Os valores nacionais foram conferidos nas imagens das paginas PDF 25 e 34. Algumas casas estavam borradas no scan; nesses casos, o valor foi resolvido por fechamento contra o total publicado e marcado em observacao_linha.";F10;10;2.564.001 a 4.057.000;2564001;4057000;0;247024;776272586;89080828;90242;34600421;652591336;96966870;3142498.647905;rendimento bruto total;rendimento bruto total;1;
1982;1981;Brasil;Cr$;Cr$ 1.000;Cr$ 1,00;0;Brasil. Ministerio da Fazenda. Secretaria da Receita Federal. Coordenacao do Sistema de Informacoes Economico-Fiscais. Imposto de Renda Pessoa Fisica 1982. Brasilia: Ministerio da Fazenda, 1982.;https://archive.org/details/impostoderendape41982mini;https://archive.org/download/impostoderendape41982mini/impostoderendape41982mini.pdf;https://archive.org/details/anuareco1983minfaz;outputs/fontes-pedro-souza-irpf/irpf_scan/pdf/impostoderendape41982mini.pdf;outputs/fontes-pedro-souza-irpf/irpf_scan/ocr_txt/impostoderendape41982mini_djvu.txt;outputs/fontes-pedro-souza-irpf/irpf_scan/ocr_txt/impostoderendape41982mini_djvu.xml;outputs/fontes-pedro-souza-irpf/irpf_scan/previews/impostoderendape41982mini/crops/irpf1982_pdfpage_025_brasil_full_crop.png;25;21;"A publicacao IRPF 1982 cobre ano-base 1981/exercicio 1982. Ela traz quadros nacionais no fechamento das tabelas por Unidades Federadas e Regioes Fiscais, mas o Quadro 2 continua decompondo a renda liquida calculada apenas em tres blocos: negativa, de zero a Cr$ 278.000 e acima de Cr$ 278.000. Por isso, a extracao foi preservada como serie paralela e nao deve ser misturada diretamente com a serie nacional comparavel por classes finas de renda liquida. O item Anuario Economico-Fiscal 1983 foi localizado no Internet Archive somente com metadados, sem PDF/OCR publico. Para o ano-base 1981, foi usada a publicacao CIEF Imposto de Renda Pessoa Fisica 1982. Os valores nacionais foram conferidos nas imagens das paginas PDF 25 e 34. Algumas casas estavam borradas no scan; nesses casos, o valor foi resolvido por fechamento contra o total publicado e marcado em observacao_linha.";F11;11;4.057.001 a 5.978.000;4057001;5978000;0;74201;354683215;46153901;13738;5261317;303267996;36685273;4780032.816269;rendimento bruto total;rendimento bruto total;1;
1982;1981;Brasil;Cr$;Cr$ 1.000;Cr$ 1,00;0;Brasil. Ministerio da Fazenda. Secretaria da Receita Federal. Coordenacao do Sistema de Informacoes Economico-Fiscais. Imposto de Renda Pessoa Fisica 1982. Brasilia: Ministerio da Fazenda, 1982.;https://archive.org/details/impostoderendape41982mini;https://archive.org/download/impostoderendape41982mini/impostoderendape41982mini.pdf;https://archive.org/details/anuareco1983minfaz;outputs/fontes-pedro-souza-irpf/irpf_scan/pdf/impostoderendape41982mini.pdf;outputs/fontes-pedro-souza-irpf/irpf_scan/ocr_txt/impostoderendape41982mini_djvu.txt;outputs/fontes-pedro-souza-irpf/irpf_scan/ocr_txt/impostoderendape41982mini_djvu.xml;outputs/fontes-pedro-souza-irpf/irpf_scan/previews/impostoderendape41982mini/crops/irpf1982_pdfpage_025_brasil_full_crop.png;25;21;"A publicacao IRPF 1982 cobre ano-base 1981/exercicio 1982. Ela traz quadros nacionais no fechamento das tabelas por Unidades Federadas e Regioes Fiscais, mas o Quadro 2 continua decompondo a renda liquida calculada apenas em tres blocos: negativa, de zero a Cr$ 278.000 e acima de Cr$ 278.000. Por isso, a extracao foi preservada como serie paralela e nao deve ser misturada diretamente com a serie nacional comparavel por classes finas de renda liquida. O item Anuario Economico-Fiscal 1983 foi localizado no Internet Archive somente com metadados, sem PDF/OCR publico. Para o ano-base 1981, foi usada a publicacao CIEF Imposto de Renda Pessoa Fisica 1982. Os valores nacionais foram conferidos nas imagens das paginas PDF 25 e 34. Algumas casas estavam borradas no scan; nesses casos, o valor foi resolvido por fechamento contra o total publicado e marcado em observacao_linha.";F12;12;5.978.001 a 8.114.000;5978001;8114000;0;18912;128992193;17735080;2444;926947;110330166;10453458;6820653.183164;rendimento bruto total;rendimento bruto total;1;
1982;1981;Brasil;Cr$;Cr$ 1.000;Cr$ 1,00;0;Brasil. Ministerio da Fazenda. Secretaria da Receita Federal. Coordenacao do Sistema de Informacoes Economico-Fiscais. Imposto de Renda Pessoa Fisica 1982. Brasilia: Ministerio da Fazenda, 1982.;https://archive.org/details/impostoderendape41982mini;https://archive.org/download/impostoderendape41982mini/impostoderendape41982mini.pdf;https://archive.org/details/anuareco1983minfaz;outputs/fontes-pedro-souza-irpf/irpf_scan/pdf/impostoderendape41982mini.pdf;outputs/fontes-pedro-souza-irpf/irpf_scan/ocr_txt/impostoderendape41982mini_djvu.txt;outputs/fontes-pedro-souza-irpf/irpf_scan/ocr_txt/impostoderendape41982mini_djvu.xml;outputs/fontes-pedro-souza-irpf/irpf_scan/previews/impostoderendape41982mini/crops/irpf1982_pdfpage_025_brasil_full_crop.png;25;21;"A publicacao IRPF 1982 cobre ano-base 1981/exercicio 1982. Ela traz quadros nacionais no fechamento das tabelas por Unidades Federadas e Regioes Fiscais, mas o Quadro 2 continua decompondo a renda liquida calculada apenas em tres blocos: negativa, de zero a Cr$ 278.000 e acima de Cr$ 278.000. Por isso, a extracao foi preservada como serie paralela e nao deve ser misturada diretamente com a serie nacional comparavel por classes finas de renda liquida. O item Anuario Economico-Fiscal 1983 foi localizado no Internet Archive somente com metadados, sem PDF/OCR publico. Para o ano-base 1981, foi usada a publicacao CIEF Imposto de Renda Pessoa Fisica 1982. Os valores nacionais foram conferidos nas imagens das paginas PDF 25 e 34. Algumas casas estavam borradas no scan; nesses casos, o valor foi resolvido por fechamento contra o total publicado e marcado em observacao_linha.";F13;13;8.114.001 a 24.342.000;8114001;24342000;0;12751;145787981;22501770;1344;508853;122777357;7930915;11433454.709435;rendimento bruto total;rendimento bruto total;1;
1982;1981;Brasil;Cr$;Cr$ 1.000;Cr$ 1,00;0;Brasil. Ministerio da Fazenda. Secretaria da Receita Federal. Coordenacao do Sistema de Informacoes Economico-Fiscais. Imposto de Renda Pessoa Fisica 1982. Brasilia: Ministerio da Fazenda, 1982.;https://archive.org/details/impostoderendape41982mini;https://archive.org/download/impostoderendape41982mini/impostoderendape41982mini.pdf;https://archive.org/details/anuareco1983minfaz;outputs/fontes-pedro-souza-irpf/irpf_scan/pdf/impostoderendape41982mini.pdf;outputs/fontes-pedro-souza-irpf/irpf_scan/ocr_txt/impostoderendape41982mini_djvu.txt;outputs/fontes-pedro-souza-irpf/irpf_scan/ocr_txt/impostoderendape41982mini_djvu.xml;outputs/fontes-pedro-souza-irpf/irpf_scan/previews/impostoderendape41982mini/crops/irpf1982_pdfpage_025_brasil_full_crop.png;25;21;"A publicacao IRPF 1982 cobre ano-base 1981/exercicio 1982. Ela traz quadros nacionais no fechamento das tabelas por Unidades Federadas e Regioes Fiscais, mas o Quadro 2 continua decompondo a renda liquida calculada apenas em tres blocos: negativa, de zero a Cr$ 278.000 e acima de Cr$ 278.000. Por isso, a extracao foi preservada como serie paralela e nao deve ser misturada diretamente com a serie nacional comparavel por classes finas de renda liquida. O item Anuario Economico-Fiscal 1983 foi localizado no Internet Archive somente com metadados, sem PDF/OCR publico. Para o ano-base 1981, foi usada a publicacao CIEF Imposto de Renda Pessoa Fisica 1982. Os valores nacionais foram conferidos nas imagens das paginas PDF 25 e 34. Algumas casas estavam borradas no scan; nesses casos, o valor foi resolvido por fechamento contra o total publicado e marcado em observacao_linha.";F14;14;Acima de 24.342.000;24342000;;1;877;40328443;11576457;54;19759;28732225;728993;45984541.619156;rendimento bruto total;rendimento bruto total;1;
