ano_calendario;ano_exercicio;unidade_geografica;moeda;unidade_monetaria_agregados;unidade_limites_faixa;fonte_bloco;fonte_torres;fonte_primaria_validacao;url_torres;url_primaria_archive;url_primaria_original;arquivo_fonte_primaria;arquivo_texto_primaria;observacao;codigo_corte;ordem_corte;corte_rendimento_tributavel_anual_rs;rotulo_corte;tipo_linha;numero_declaracoes_acima_corte;rendimento_tributavel_acima_corte_rs_milhoes;rendimento_tributavel_acima_corte_rs_mil;renda_media_tributavel_acima_corte_rs_mil_publicada;renda_media_tributavel_acima_corte_rs_calculada
2000;2001;Brasil;R$;R$ 1.000.000;R$ 1,00 anuais;torres_2003_dirpf_2001;"Torres, A. M. Modelos de tributacao otima da renda: o calculo de aliquotas marginais assintoticas para o Brasil no ano de 2000. Dissertacao (Mestrado em Economia), Universidade de Brasilia, Brasilia, 2003; copia textual acessivel como monografia IX Premio Tesouro Nacional 2004.";Brasil. Ministerio da Fazenda. Secretaria da Receita Federal. Coordenacao-Geral de Politica Tributaria. Consolida DIRPF 2001: Consolidacao das Declaracoes do Imposto de Renda das Pessoas Fisicas - 2001. Estatisticas Tributarias 05. Brasilia: Receita Federal, dezembro de 2002.;https://livrozilla.com/doc/1724537/modelo-de-tributa%C3%A7%C3%A3o-%C3%B3tima-da-renda;https://web.archive.org/web/20210609080412id_/http://www.receita.fazenda.gov.br/Publico/estudotributarios/estatisticas/22%20Consolida%20DIRPF%202001.pdf;http://www.receita.fazenda.gov.br/Publico/estudotributarios/estatisticas/22%20Consolida%20DIRPF%202001.pdf;outputs/fontes-pedro-souza-irpf/consolida_dirpf_2001.pdf;outputs/fontes-pedro-souza-irpf/consolida_dirpf_2001_texto_extraido.txt;"A Tabela 4 de Pedro Herculano mapeia o ano-calendario 2000 como Torres (2003), ordenado por RBT e reportando RBT. O anexo de Torres traz dados acumulados por corte de renda tributavel anual: numero de declaracoes acima do corte, valor total da renda tributavel acima do corte em R$ milhoes e renda media em R$ mil. A tabela de intervalos foi derivada por diferenca entre cortes consecutivos; a tabela acumulada preserva a forma publicada. A fonte primaria Consolida DIRPF 2001 foi baixada pelo Wayback Machine e confirma o contexto, ano-calendario 2000 e totais gerais, mas nao traz a distribuicao longa por cortes. Ha pequena diferenca entre o anexo de Torres e o quadro resumo da Receita: Torres soma R$ 276.112,97 milhoes e 13.906.144 declaracoes na linha total, enquanto a Receita informa R$ 276.149,34 milhoes de rendimento tributavel e 13.906.145 declarantes no total geral. A diferenca foi documentada sem harmonizacao artificial.";C01;1;0;Total (Acima de R$ 0,00);acumulado_acima_do_corte;13906144;276112.97;276112970.0;19.85;19855.466044361398
2000;2001;Brasil;R$;R$ 1.000.000;R$ 1,00 anuais;torres_2003_dirpf_2001;"Torres, A. M. Modelos de tributacao otima da renda: o calculo de aliquotas marginais assintoticas para o Brasil no ano de 2000. Dissertacao (Mestrado em Economia), Universidade de Brasilia, Brasilia, 2003; copia textual acessivel como monografia IX Premio Tesouro Nacional 2004.";Brasil. Ministerio da Fazenda. Secretaria da Receita Federal. Coordenacao-Geral de Politica Tributaria. Consolida DIRPF 2001: Consolidacao das Declaracoes do Imposto de Renda das Pessoas Fisicas - 2001. Estatisticas Tributarias 05. Brasilia: Receita Federal, dezembro de 2002.;https://livrozilla.com/doc/1724537/modelo-de-tributa%C3%A7%C3%A3o-%C3%B3tima-da-renda;https://web.archive.org/web/20210609080412id_/http://www.receita.fazenda.gov.br/Publico/estudotributarios/estatisticas/22%20Consolida%20DIRPF%202001.pdf;http://www.receita.fazenda.gov.br/Publico/estudotributarios/estatisticas/22%20Consolida%20DIRPF%202001.pdf;outputs/fontes-pedro-souza-irpf/consolida_dirpf_2001.pdf;outputs/fontes-pedro-souza-irpf/consolida_dirpf_2001_texto_extraido.txt;"A Tabela 4 de Pedro Herculano mapeia o ano-calendario 2000 como Torres (2003), ordenado por RBT e reportando RBT. O anexo de Torres traz dados acumulados por corte de renda tributavel anual: numero de declaracoes acima do corte, valor total da renda tributavel acima do corte em R$ milhoes e renda media em R$ mil. A tabela de intervalos foi derivada por diferenca entre cortes consecutivos; a tabela acumulada preserva a forma publicada. A fonte primaria Consolida DIRPF 2001 foi baixada pelo Wayback Machine e confirma o contexto, ano-calendario 2000 e totais gerais, mas nao traz a distribuicao longa por cortes. Ha pequena diferenca entre o anexo de Torres e o quadro resumo da Receita: Torres soma R$ 276.112,97 milhoes e 13.906.144 declaracoes na linha total, enquanto a Receita informa R$ 276.149,34 milhoes de rendimento tributavel e 13.906.145 declarantes no total geral. A diferenca foi documentada sem harmonizacao artificial.";C02;2;1;Acima de R$ 1,00;acumulado_acima_do_corte;12983409;276112.97;276112970.0;21.26;21266.600320455127
2000;2001;Brasil;R$;R$ 1.000.000;R$ 1,00 anuais;torres_2003_dirpf_2001;"Torres, A. M. Modelos de tributacao otima da renda: o calculo de aliquotas marginais assintoticas para o Brasil no ano de 2000. Dissertacao (Mestrado em Economia), Universidade de Brasilia, Brasilia, 2003; copia textual acessivel como monografia IX Premio Tesouro Nacional 2004.";Brasil. Ministerio da Fazenda. Secretaria da Receita Federal. Coordenacao-Geral de Politica Tributaria. Consolida DIRPF 2001: Consolidacao das Declaracoes do Imposto de Renda das Pessoas Fisicas - 2001. Estatisticas Tributarias 05. Brasilia: Receita Federal, dezembro de 2002.;https://livrozilla.com/doc/1724537/modelo-de-tributa%C3%A7%C3%A3o-%C3%B3tima-da-renda;https://web.archive.org/web/20210609080412id_/http://www.receita.fazenda.gov.br/Publico/estudotributarios/estatisticas/22%20Consolida%20DIRPF%202001.pdf;http://www.receita.fazenda.gov.br/Publico/estudotributarios/estatisticas/22%20Consolida%20DIRPF%202001.pdf;outputs/fontes-pedro-souza-irpf/consolida_dirpf_2001.pdf;outputs/fontes-pedro-souza-irpf/consolida_dirpf_2001_texto_extraido.txt;"A Tabela 4 de Pedro Herculano mapeia o ano-calendario 2000 como Torres (2003), ordenado por RBT e reportando RBT. O anexo de Torres traz dados acumulados por corte de renda tributavel anual: numero de declaracoes acima do corte, valor total da renda tributavel acima do corte em R$ milhoes e renda media em R$ mil. A tabela de intervalos foi derivada por diferenca entre cortes consecutivos; a tabela acumulada preserva a forma publicada. A fonte primaria Consolida DIRPF 2001 foi baixada pelo Wayback Machine e confirma o contexto, ano-calendario 2000 e totais gerais, mas nao traz a distribuicao longa por cortes. Ha pequena diferenca entre o anexo de Torres e o quadro resumo da Receita: Torres soma R$ 276.112,97 milhoes e 13.906.144 declaracoes na linha total, enquanto a Receita informa R$ 276.149,34 milhoes de rendimento tributavel e 13.906.145 declarantes no total geral. A diferenca foi documentada sem harmonizacao artificial.";C03;3;1000;Acima de R$ 1.000,00;acumulado_acima_do_corte;12794183;276025.07;276025070.0;21.57;21574.263085028564
2000;2001;Brasil;R$;R$ 1.000.000;R$ 1,00 anuais;torres_2003_dirpf_2001;"Torres, A. M. Modelos de tributacao otima da renda: o calculo de aliquotas marginais assintoticas para o Brasil no ano de 2000. Dissertacao (Mestrado em Economia), Universidade de Brasilia, Brasilia, 2003; copia textual acessivel como monografia IX Premio Tesouro Nacional 2004.";Brasil. Ministerio da Fazenda. Secretaria da Receita Federal. Coordenacao-Geral de Politica Tributaria. Consolida DIRPF 2001: Consolidacao das Declaracoes do Imposto de Renda das Pessoas Fisicas - 2001. Estatisticas Tributarias 05. Brasilia: Receita Federal, dezembro de 2002.;https://livrozilla.com/doc/1724537/modelo-de-tributa%C3%A7%C3%A3o-%C3%B3tima-da-renda;https://web.archive.org/web/20210609080412id_/http://www.receita.fazenda.gov.br/Publico/estudotributarios/estatisticas/22%20Consolida%20DIRPF%202001.pdf;http://www.receita.fazenda.gov.br/Publico/estudotributarios/estatisticas/22%20Consolida%20DIRPF%202001.pdf;outputs/fontes-pedro-souza-irpf/consolida_dirpf_2001.pdf;outputs/fontes-pedro-souza-irpf/consolida_dirpf_2001_texto_extraido.txt;"A Tabela 4 de Pedro Herculano mapeia o ano-calendario 2000 como Torres (2003), ordenado por RBT e reportando RBT. O anexo de Torres traz dados acumulados por corte de renda tributavel anual: numero de declaracoes acima do corte, valor total da renda tributavel acima do corte em R$ milhoes e renda media em R$ mil. A tabela de intervalos foi derivada por diferenca entre cortes consecutivos; a tabela acumulada preserva a forma publicada. A fonte primaria Consolida DIRPF 2001 foi baixada pelo Wayback Machine e confirma o contexto, ano-calendario 2000 e totais gerais, mas nao traz a distribuicao longa por cortes. Ha pequena diferenca entre o anexo de Torres e o quadro resumo da Receita: Torres soma R$ 276.112,97 milhoes e 13.906.144 declaracoes na linha total, enquanto a Receita informa R$ 276.149,34 milhoes de rendimento tributavel e 13.906.145 declarantes no total geral. A diferenca foi documentada sem harmonizacao artificial.";C04;4;2000;Acima de R$ 2.000,00;acumulado_acima_do_corte;12189154;274998.16;274998160.0;22.56;22560.889787757213
2000;2001;Brasil;R$;R$ 1.000.000;R$ 1,00 anuais;torres_2003_dirpf_2001;"Torres, A. M. Modelos de tributacao otima da renda: o calculo de aliquotas marginais assintoticas para o Brasil no ano de 2000. Dissertacao (Mestrado em Economia), Universidade de Brasilia, Brasilia, 2003; copia textual acessivel como monografia IX Premio Tesouro Nacional 2004.";Brasil. Ministerio da Fazenda. Secretaria da Receita Federal. Coordenacao-Geral de Politica Tributaria. Consolida DIRPF 2001: Consolidacao das Declaracoes do Imposto de Renda das Pessoas Fisicas - 2001. Estatisticas Tributarias 05. Brasilia: Receita Federal, dezembro de 2002.;https://livrozilla.com/doc/1724537/modelo-de-tributa%C3%A7%C3%A3o-%C3%B3tima-da-renda;https://web.archive.org/web/20210609080412id_/http://www.receita.fazenda.gov.br/Publico/estudotributarios/estatisticas/22%20Consolida%20DIRPF%202001.pdf;http://www.receita.fazenda.gov.br/Publico/estudotributarios/estatisticas/22%20Consolida%20DIRPF%202001.pdf;outputs/fontes-pedro-souza-irpf/consolida_dirpf_2001.pdf;outputs/fontes-pedro-souza-irpf/consolida_dirpf_2001_texto_extraido.txt;"A Tabela 4 de Pedro Herculano mapeia o ano-calendario 2000 como Torres (2003), ordenado por RBT e reportando RBT. O anexo de Torres traz dados acumulados por corte de renda tributavel anual: numero de declaracoes acima do corte, valor total da renda tributavel acima do corte em R$ milhoes e renda media em R$ mil. A tabela de intervalos foi derivada por diferenca entre cortes consecutivos; a tabela acumulada preserva a forma publicada. A fonte primaria Consolida DIRPF 2001 foi baixada pelo Wayback Machine e confirma o contexto, ano-calendario 2000 e totais gerais, mas nao traz a distribuicao longa por cortes. Ha pequena diferenca entre o anexo de Torres e o quadro resumo da Receita: Torres soma R$ 276.112,97 milhoes e 13.906.144 declaracoes na linha total, enquanto a Receita informa R$ 276.149,34 milhoes de rendimento tributavel e 13.906.145 declarantes no total geral. A diferenca foi documentada sem harmonizacao artificial.";C05;5;3000;Acima de R$ 3.000,00;acumulado_acima_do_corte;11946400;274380.62;274380620.0;22.96;22967.64046072457
2000;2001;Brasil;R$;R$ 1.000.000;R$ 1,00 anuais;torres_2003_dirpf_2001;"Torres, A. M. Modelos de tributacao otima da renda: o calculo de aliquotas marginais assintoticas para o Brasil no ano de 2000. Dissertacao (Mestrado em Economia), Universidade de Brasilia, Brasilia, 2003; copia textual acessivel como monografia IX Premio Tesouro Nacional 2004.";Brasil. Ministerio da Fazenda. Secretaria da Receita Federal. Coordenacao-Geral de Politica Tributaria. Consolida DIRPF 2001: Consolidacao das Declaracoes do Imposto de Renda das Pessoas Fisicas - 2001. Estatisticas Tributarias 05. Brasilia: Receita Federal, dezembro de 2002.;https://livrozilla.com/doc/1724537/modelo-de-tributa%C3%A7%C3%A3o-%C3%B3tima-da-renda;https://web.archive.org/web/20210609080412id_/http://www.receita.fazenda.gov.br/Publico/estudotributarios/estatisticas/22%20Consolida%20DIRPF%202001.pdf;http://www.receita.fazenda.gov.br/Publico/estudotributarios/estatisticas/22%20Consolida%20DIRPF%202001.pdf;outputs/fontes-pedro-souza-irpf/consolida_dirpf_2001.pdf;outputs/fontes-pedro-souza-irpf/consolida_dirpf_2001_texto_extraido.txt;"A Tabela 4 de Pedro Herculano mapeia o ano-calendario 2000 como Torres (2003), ordenado por RBT e reportando RBT. O anexo de Torres traz dados acumulados por corte de renda tributavel anual: numero de declaracoes acima do corte, valor total da renda tributavel acima do corte em R$ milhoes e renda media em R$ mil. A tabela de intervalos foi derivada por diferenca entre cortes consecutivos; a tabela acumulada preserva a forma publicada. A fonte primaria Consolida DIRPF 2001 foi baixada pelo Wayback Machine e confirma o contexto, ano-calendario 2000 e totais gerais, mas nao traz a distribuicao longa por cortes. Ha pequena diferenca entre o anexo de Torres e o quadro resumo da Receita: Torres soma R$ 276.112,97 milhoes e 13.906.144 declaracoes na linha total, enquanto a Receita informa R$ 276.149,34 milhoes de rendimento tributavel e 13.906.145 declarantes no total geral. A diferenca foi documentada sem harmonizacao artificial.";C06;6;4000;Acima de R$ 4.000,00;acumulado_acima_do_corte;11650440;273333.46;273333460.0;23.46;23461.213482065912
2000;2001;Brasil;R$;R$ 1.000.000;R$ 1,00 anuais;torres_2003_dirpf_2001;"Torres, A. M. Modelos de tributacao otima da renda: o calculo de aliquotas marginais assintoticas para o Brasil no ano de 2000. Dissertacao (Mestrado em Economia), Universidade de Brasilia, Brasilia, 2003; copia textual acessivel como monografia IX Premio Tesouro Nacional 2004.";Brasil. Ministerio da Fazenda. Secretaria da Receita Federal. Coordenacao-Geral de Politica Tributaria. Consolida DIRPF 2001: Consolidacao das Declaracoes do Imposto de Renda das Pessoas Fisicas - 2001. Estatisticas Tributarias 05. Brasilia: Receita Federal, dezembro de 2002.;https://livrozilla.com/doc/1724537/modelo-de-tributa%C3%A7%C3%A3o-%C3%B3tima-da-renda;https://web.archive.org/web/20210609080412id_/http://www.receita.fazenda.gov.br/Publico/estudotributarios/estatisticas/22%20Consolida%20DIRPF%202001.pdf;http://www.receita.fazenda.gov.br/Publico/estudotributarios/estatisticas/22%20Consolida%20DIRPF%202001.pdf;outputs/fontes-pedro-souza-irpf/consolida_dirpf_2001.pdf;outputs/fontes-pedro-souza-irpf/consolida_dirpf_2001_texto_extraido.txt;"A Tabela 4 de Pedro Herculano mapeia o ano-calendario 2000 como Torres (2003), ordenado por RBT e reportando RBT. O anexo de Torres traz dados acumulados por corte de renda tributavel anual: numero de declaracoes acima do corte, valor total da renda tributavel acima do corte em R$ milhoes e renda media em R$ mil. A tabela de intervalos foi derivada por diferenca entre cortes consecutivos; a tabela acumulada preserva a forma publicada. A fonte primaria Consolida DIRPF 2001 foi baixada pelo Wayback Machine e confirma o contexto, ano-calendario 2000 e totais gerais, mas nao traz a distribuicao longa por cortes. Ha pequena diferenca entre o anexo de Torres e o quadro resumo da Receita: Torres soma R$ 276.112,97 milhoes e 13.906.144 declaracoes na linha total, enquanto a Receita informa R$ 276.149,34 milhoes de rendimento tributavel e 13.906.145 declarantes no total geral. A diferenca foi documentada sem harmonizacao artificial.";C07;7;5000;Acima de R$ 5.000,00;acumulado_acima_do_corte;11375645;272076.39;272076390.0;23.91;23917.447318371836
2000;2001;Brasil;R$;R$ 1.000.000;R$ 1,00 anuais;torres_2003_dirpf_2001;"Torres, A. M. Modelos de tributacao otima da renda: o calculo de aliquotas marginais assintoticas para o Brasil no ano de 2000. Dissertacao (Mestrado em Economia), Universidade de Brasilia, Brasilia, 2003; copia textual acessivel como monografia IX Premio Tesouro Nacional 2004.";Brasil. Ministerio da Fazenda. Secretaria da Receita Federal. Coordenacao-Geral de Politica Tributaria. Consolida DIRPF 2001: Consolidacao das Declaracoes do Imposto de Renda das Pessoas Fisicas - 2001. Estatisticas Tributarias 05. Brasilia: Receita Federal, dezembro de 2002.;https://livrozilla.com/doc/1724537/modelo-de-tributa%C3%A7%C3%A3o-%C3%B3tima-da-renda;https://web.archive.org/web/20210609080412id_/http://www.receita.fazenda.gov.br/Publico/estudotributarios/estatisticas/22%20Consolida%20DIRPF%202001.pdf;http://www.receita.fazenda.gov.br/Publico/estudotributarios/estatisticas/22%20Consolida%20DIRPF%202001.pdf;outputs/fontes-pedro-souza-irpf/consolida_dirpf_2001.pdf;outputs/fontes-pedro-souza-irpf/consolida_dirpf_2001_texto_extraido.txt;"A Tabela 4 de Pedro Herculano mapeia o ano-calendario 2000 como Torres (2003), ordenado por RBT e reportando RBT. O anexo de Torres traz dados acumulados por corte de renda tributavel anual: numero de declaracoes acima do corte, valor total da renda tributavel acima do corte em R$ milhoes e renda media em R$ mil. A tabela de intervalos foi derivada por diferenca entre cortes consecutivos; a tabela acumulada preserva a forma publicada. A fonte primaria Consolida DIRPF 2001 foi baixada pelo Wayback Machine e confirma o contexto, ano-calendario 2000 e totais gerais, mas nao traz a distribuicao longa por cortes. Ha pequena diferenca entre o anexo de Torres e o quadro resumo da Receita: Torres soma R$ 276.112,97 milhoes e 13.906.144 declaracoes na linha total, enquanto a Receita informa R$ 276.149,34 milhoes de rendimento tributavel e 13.906.145 declarantes no total geral. A diferenca foi documentada sem harmonizacao artificial.";C08;8;6000;Acima de R$ 6.000,00;acumulado_acima_do_corte;11038322;270183.58;270183580.0;24.47;24476.870669291944
2000;2001;Brasil;R$;R$ 1.000.000;R$ 1,00 anuais;torres_2003_dirpf_2001;"Torres, A. M. Modelos de tributacao otima da renda: o calculo de aliquotas marginais assintoticas para o Brasil no ano de 2000. Dissertacao (Mestrado em Economia), Universidade de Brasilia, Brasilia, 2003; copia textual acessivel como monografia IX Premio Tesouro Nacional 2004.";Brasil. Ministerio da Fazenda. Secretaria da Receita Federal. Coordenacao-Geral de Politica Tributaria. Consolida DIRPF 2001: Consolidacao das Declaracoes do Imposto de Renda das Pessoas Fisicas - 2001. Estatisticas Tributarias 05. Brasilia: Receita Federal, dezembro de 2002.;https://livrozilla.com/doc/1724537/modelo-de-tributa%C3%A7%C3%A3o-%C3%B3tima-da-renda;https://web.archive.org/web/20210609080412id_/http://www.receita.fazenda.gov.br/Publico/estudotributarios/estatisticas/22%20Consolida%20DIRPF%202001.pdf;http://www.receita.fazenda.gov.br/Publico/estudotributarios/estatisticas/22%20Consolida%20DIRPF%202001.pdf;outputs/fontes-pedro-souza-irpf/consolida_dirpf_2001.pdf;outputs/fontes-pedro-souza-irpf/consolida_dirpf_2001_texto_extraido.txt;"A Tabela 4 de Pedro Herculano mapeia o ano-calendario 2000 como Torres (2003), ordenado por RBT e reportando RBT. O anexo de Torres traz dados acumulados por corte de renda tributavel anual: numero de declaracoes acima do corte, valor total da renda tributavel acima do corte em R$ milhoes e renda media em R$ mil. A tabela de intervalos foi derivada por diferenca entre cortes consecutivos; a tabela acumulada preserva a forma publicada. A fonte primaria Consolida DIRPF 2001 foi baixada pelo Wayback Machine e confirma o contexto, ano-calendario 2000 e totais gerais, mas nao traz a distribuicao longa por cortes. Ha pequena diferenca entre o anexo de Torres e o quadro resumo da Receita: Torres soma R$ 276.112,97 milhoes e 13.906.144 declaracoes na linha total, enquanto a Receita informa R$ 276.149,34 milhoes de rendimento tributavel e 13.906.145 declarantes no total geral. A diferenca foi documentada sem harmonizacao artificial.";C09;9;7000;Acima de R$ 7.000,00;acumulado_acima_do_corte;10753150;268320.34;268320340.0;24.95;24952.719900680266
2000;2001;Brasil;R$;R$ 1.000.000;R$ 1,00 anuais;torres_2003_dirpf_2001;"Torres, A. M. Modelos de tributacao otima da renda: o calculo de aliquotas marginais assintoticas para o Brasil no ano de 2000. Dissertacao (Mestrado em Economia), Universidade de Brasilia, Brasilia, 2003; copia textual acessivel como monografia IX Premio Tesouro Nacional 2004.";Brasil. Ministerio da Fazenda. Secretaria da Receita Federal. Coordenacao-Geral de Politica Tributaria. Consolida DIRPF 2001: Consolidacao das Declaracoes do Imposto de Renda das Pessoas Fisicas - 2001. Estatisticas Tributarias 05. Brasilia: Receita Federal, dezembro de 2002.;https://livrozilla.com/doc/1724537/modelo-de-tributa%C3%A7%C3%A3o-%C3%B3tima-da-renda;https://web.archive.org/web/20210609080412id_/http://www.receita.fazenda.gov.br/Publico/estudotributarios/estatisticas/22%20Consolida%20DIRPF%202001.pdf;http://www.receita.fazenda.gov.br/Publico/estudotributarios/estatisticas/22%20Consolida%20DIRPF%202001.pdf;outputs/fontes-pedro-souza-irpf/consolida_dirpf_2001.pdf;outputs/fontes-pedro-souza-irpf/consolida_dirpf_2001_texto_extraido.txt;"A Tabela 4 de Pedro Herculano mapeia o ano-calendario 2000 como Torres (2003), ordenado por RBT e reportando RBT. O anexo de Torres traz dados acumulados por corte de renda tributavel anual: numero de declaracoes acima do corte, valor total da renda tributavel acima do corte em R$ milhoes e renda media em R$ mil. A tabela de intervalos foi derivada por diferenca entre cortes consecutivos; a tabela acumulada preserva a forma publicada. A fonte primaria Consolida DIRPF 2001 foi baixada pelo Wayback Machine e confirma o contexto, ano-calendario 2000 e totais gerais, mas nao traz a distribuicao longa por cortes. Ha pequena diferenca entre o anexo de Torres e o quadro resumo da Receita: Torres soma R$ 276.112,97 milhoes e 13.906.144 declaracoes na linha total, enquanto a Receita informa R$ 276.149,34 milhoes de rendimento tributavel e 13.906.145 declarantes no total geral. A diferenca foi documentada sem harmonizacao artificial.";C10;10;8000;Acima de R$ 8.000,00;acumulado_acima_do_corte;10415551;265777.52;265777520.0;25.51;25517.374932924817
2000;2001;Brasil;R$;R$ 1.000.000;R$ 1,00 anuais;torres_2003_dirpf_2001;"Torres, A. M. Modelos de tributacao otima da renda: o calculo de aliquotas marginais assintoticas para o Brasil no ano de 2000. Dissertacao (Mestrado em Economia), Universidade de Brasilia, Brasilia, 2003; copia textual acessivel como monografia IX Premio Tesouro Nacional 2004.";Brasil. Ministerio da Fazenda. Secretaria da Receita Federal. Coordenacao-Geral de Politica Tributaria. Consolida DIRPF 2001: Consolidacao das Declaracoes do Imposto de Renda das Pessoas Fisicas - 2001. Estatisticas Tributarias 05. Brasilia: Receita Federal, dezembro de 2002.;https://livrozilla.com/doc/1724537/modelo-de-tributa%C3%A7%C3%A3o-%C3%B3tima-da-renda;https://web.archive.org/web/20210609080412id_/http://www.receita.fazenda.gov.br/Publico/estudotributarios/estatisticas/22%20Consolida%20DIRPF%202001.pdf;http://www.receita.fazenda.gov.br/Publico/estudotributarios/estatisticas/22%20Consolida%20DIRPF%202001.pdf;outputs/fontes-pedro-souza-irpf/consolida_dirpf_2001.pdf;outputs/fontes-pedro-souza-irpf/consolida_dirpf_2001_texto_extraido.txt;"A Tabela 4 de Pedro Herculano mapeia o ano-calendario 2000 como Torres (2003), ordenado por RBT e reportando RBT. O anexo de Torres traz dados acumulados por corte de renda tributavel anual: numero de declaracoes acima do corte, valor total da renda tributavel acima do corte em R$ milhoes e renda media em R$ mil. A tabela de intervalos foi derivada por diferenca entre cortes consecutivos; a tabela acumulada preserva a forma publicada. A fonte primaria Consolida DIRPF 2001 foi baixada pelo Wayback Machine e confirma o contexto, ano-calendario 2000 e totais gerais, mas nao traz a distribuicao longa por cortes. Ha pequena diferenca entre o anexo de Torres e o quadro resumo da Receita: Torres soma R$ 276.112,97 milhoes e 13.906.144 declaracoes na linha total, enquanto a Receita informa R$ 276.149,34 milhoes de rendimento tributavel e 13.906.145 declarantes no total geral. A diferenca foi documentada sem harmonizacao artificial.";C11;11;9000;Acima de R$ 9.000,00;acumulado_acima_do_corte;10024191;262427.06;262427060.0;26.17;26179.375472793763
2000;2001;Brasil;R$;R$ 1.000.000;R$ 1,00 anuais;torres_2003_dirpf_2001;"Torres, A. M. Modelos de tributacao otima da renda: o calculo de aliquotas marginais assintoticas para o Brasil no ano de 2000. Dissertacao (Mestrado em Economia), Universidade de Brasilia, Brasilia, 2003; copia textual acessivel como monografia IX Premio Tesouro Nacional 2004.";Brasil. Ministerio da Fazenda. Secretaria da Receita Federal. Coordenacao-Geral de Politica Tributaria. Consolida DIRPF 2001: Consolidacao das Declaracoes do Imposto de Renda das Pessoas Fisicas - 2001. Estatisticas Tributarias 05. Brasilia: Receita Federal, dezembro de 2002.;https://livrozilla.com/doc/1724537/modelo-de-tributa%C3%A7%C3%A3o-%C3%B3tima-da-renda;https://web.archive.org/web/20210609080412id_/http://www.receita.fazenda.gov.br/Publico/estudotributarios/estatisticas/22%20Consolida%20DIRPF%202001.pdf;http://www.receita.fazenda.gov.br/Publico/estudotributarios/estatisticas/22%20Consolida%20DIRPF%202001.pdf;outputs/fontes-pedro-souza-irpf/consolida_dirpf_2001.pdf;outputs/fontes-pedro-souza-irpf/consolida_dirpf_2001_texto_extraido.txt;"A Tabela 4 de Pedro Herculano mapeia o ano-calendario 2000 como Torres (2003), ordenado por RBT e reportando RBT. O anexo de Torres traz dados acumulados por corte de renda tributavel anual: numero de declaracoes acima do corte, valor total da renda tributavel acima do corte em R$ milhoes e renda media em R$ mil. A tabela de intervalos foi derivada por diferenca entre cortes consecutivos; a tabela acumulada preserva a forma publicada. A fonte primaria Consolida DIRPF 2001 foi baixada pelo Wayback Machine e confirma o contexto, ano-calendario 2000 e totais gerais, mas nao traz a distribuicao longa por cortes. Ha pequena diferenca entre o anexo de Torres e o quadro resumo da Receita: Torres soma R$ 276.112,97 milhoes e 13.906.144 declaracoes na linha total, enquanto a Receita informa R$ 276.149,34 milhoes de rendimento tributavel e 13.906.145 declarantes no total geral. A diferenca foi documentada sem harmonizacao artificial.";C12;12;10000;Acima de R$ 10.000,00;acumulado_acima_do_corte;9529442;257682.72;257682720.0;27.04;27040.693463478765
2000;2001;Brasil;R$;R$ 1.000.000;R$ 1,00 anuais;torres_2003_dirpf_2001;"Torres, A. M. Modelos de tributacao otima da renda: o calculo de aliquotas marginais assintoticas para o Brasil no ano de 2000. Dissertacao (Mestrado em Economia), Universidade de Brasilia, Brasilia, 2003; copia textual acessivel como monografia IX Premio Tesouro Nacional 2004.";Brasil. Ministerio da Fazenda. Secretaria da Receita Federal. Coordenacao-Geral de Politica Tributaria. Consolida DIRPF 2001: Consolidacao das Declaracoes do Imposto de Renda das Pessoas Fisicas - 2001. Estatisticas Tributarias 05. Brasilia: Receita Federal, dezembro de 2002.;https://livrozilla.com/doc/1724537/modelo-de-tributa%C3%A7%C3%A3o-%C3%B3tima-da-renda;https://web.archive.org/web/20210609080412id_/http://www.receita.fazenda.gov.br/Publico/estudotributarios/estatisticas/22%20Consolida%20DIRPF%202001.pdf;http://www.receita.fazenda.gov.br/Publico/estudotributarios/estatisticas/22%20Consolida%20DIRPF%202001.pdf;outputs/fontes-pedro-souza-irpf/consolida_dirpf_2001.pdf;outputs/fontes-pedro-souza-irpf/consolida_dirpf_2001_texto_extraido.txt;"A Tabela 4 de Pedro Herculano mapeia o ano-calendario 2000 como Torres (2003), ordenado por RBT e reportando RBT. O anexo de Torres traz dados acumulados por corte de renda tributavel anual: numero de declaracoes acima do corte, valor total da renda tributavel acima do corte em R$ milhoes e renda media em R$ mil. A tabela de intervalos foi derivada por diferenca entre cortes consecutivos; a tabela acumulada preserva a forma publicada. A fonte primaria Consolida DIRPF 2001 foi baixada pelo Wayback Machine e confirma o contexto, ano-calendario 2000 e totais gerais, mas nao traz a distribuicao longa por cortes. Ha pequena diferenca entre o anexo de Torres e o quadro resumo da Receita: Torres soma R$ 276.112,97 milhoes e 13.906.144 declaracoes na linha total, enquanto a Receita informa R$ 276.149,34 milhoes de rendimento tributavel e 13.906.145 declarantes no total geral. A diferenca foi documentada sem harmonizacao artificial.";C13;13;11000;Acima de R$ 11.000,00;acumulado_acima_do_corte;8619883;248047.66;248047660.0;28.77;28776.22120857093
2000;2001;Brasil;R$;R$ 1.000.000;R$ 1,00 anuais;torres_2003_dirpf_2001;"Torres, A. M. Modelos de tributacao otima da renda: o calculo de aliquotas marginais assintoticas para o Brasil no ano de 2000. Dissertacao (Mestrado em Economia), Universidade de Brasilia, Brasilia, 2003; copia textual acessivel como monografia IX Premio Tesouro Nacional 2004.";Brasil. Ministerio da Fazenda. Secretaria da Receita Federal. Coordenacao-Geral de Politica Tributaria. Consolida DIRPF 2001: Consolidacao das Declaracoes do Imposto de Renda das Pessoas Fisicas - 2001. Estatisticas Tributarias 05. Brasilia: Receita Federal, dezembro de 2002.;https://livrozilla.com/doc/1724537/modelo-de-tributa%C3%A7%C3%A3o-%C3%B3tima-da-renda;https://web.archive.org/web/20210609080412id_/http://www.receita.fazenda.gov.br/Publico/estudotributarios/estatisticas/22%20Consolida%20DIRPF%202001.pdf;http://www.receita.fazenda.gov.br/Publico/estudotributarios/estatisticas/22%20Consolida%20DIRPF%202001.pdf;outputs/fontes-pedro-souza-irpf/consolida_dirpf_2001.pdf;outputs/fontes-pedro-souza-irpf/consolida_dirpf_2001_texto_extraido.txt;"A Tabela 4 de Pedro Herculano mapeia o ano-calendario 2000 como Torres (2003), ordenado por RBT e reportando RBT. O anexo de Torres traz dados acumulados por corte de renda tributavel anual: numero de declaracoes acima do corte, valor total da renda tributavel acima do corte em R$ milhoes e renda media em R$ mil. A tabela de intervalos foi derivada por diferenca entre cortes consecutivos; a tabela acumulada preserva a forma publicada. A fonte primaria Consolida DIRPF 2001 foi baixada pelo Wayback Machine e confirma o contexto, ano-calendario 2000 e totais gerais, mas nao traz a distribuicao longa por cortes. Ha pequena diferenca entre o anexo de Torres e o quadro resumo da Receita: Torres soma R$ 276.112,97 milhoes e 13.906.144 declaracoes na linha total, enquanto a Receita informa R$ 276.149,34 milhoes de rendimento tributavel e 13.906.145 declarantes no total geral. A diferenca foi documentada sem harmonizacao artificial.";C14;14;12000;Acima de R$ 12.000,00;acumulado_acima_do_corte;7899553;239693.66;239693660.0;30.34;30342.68647858936
2000;2001;Brasil;R$;R$ 1.000.000;R$ 1,00 anuais;torres_2003_dirpf_2001;"Torres, A. M. Modelos de tributacao otima da renda: o calculo de aliquotas marginais assintoticas para o Brasil no ano de 2000. Dissertacao (Mestrado em Economia), Universidade de Brasilia, Brasilia, 2003; copia textual acessivel como monografia IX Premio Tesouro Nacional 2004.";Brasil. Ministerio da Fazenda. Secretaria da Receita Federal. Coordenacao-Geral de Politica Tributaria. Consolida DIRPF 2001: Consolidacao das Declaracoes do Imposto de Renda das Pessoas Fisicas - 2001. Estatisticas Tributarias 05. Brasilia: Receita Federal, dezembro de 2002.;https://livrozilla.com/doc/1724537/modelo-de-tributa%C3%A7%C3%A3o-%C3%B3tima-da-renda;https://web.archive.org/web/20210609080412id_/http://www.receita.fazenda.gov.br/Publico/estudotributarios/estatisticas/22%20Consolida%20DIRPF%202001.pdf;http://www.receita.fazenda.gov.br/Publico/estudotributarios/estatisticas/22%20Consolida%20DIRPF%202001.pdf;outputs/fontes-pedro-souza-irpf/consolida_dirpf_2001.pdf;outputs/fontes-pedro-souza-irpf/consolida_dirpf_2001_texto_extraido.txt;"A Tabela 4 de Pedro Herculano mapeia o ano-calendario 2000 como Torres (2003), ordenado por RBT e reportando RBT. O anexo de Torres traz dados acumulados por corte de renda tributavel anual: numero de declaracoes acima do corte, valor total da renda tributavel acima do corte em R$ milhoes e renda media em R$ mil. A tabela de intervalos foi derivada por diferenca entre cortes consecutivos; a tabela acumulada preserva a forma publicada. A fonte primaria Consolida DIRPF 2001 foi baixada pelo Wayback Machine e confirma o contexto, ano-calendario 2000 e totais gerais, mas nao traz a distribuicao longa por cortes. Ha pequena diferenca entre o anexo de Torres e o quadro resumo da Receita: Torres soma R$ 276.112,97 milhoes e 13.906.144 declaracoes na linha total, enquanto a Receita informa R$ 276.149,34 milhoes de rendimento tributavel e 13.906.145 declarantes no total geral. A diferenca foi documentada sem harmonizacao artificial.";C15;15;13000;Acima de R$ 13.000,00;acumulado_acima_do_corte;7001338;228393.93;228393930.0;32.62;32621.468924939774
2000;2001;Brasil;R$;R$ 1.000.000;R$ 1,00 anuais;torres_2003_dirpf_2001;"Torres, A. M. Modelos de tributacao otima da renda: o calculo de aliquotas marginais assintoticas para o Brasil no ano de 2000. Dissertacao (Mestrado em Economia), Universidade de Brasilia, Brasilia, 2003; copia textual acessivel como monografia IX Premio Tesouro Nacional 2004.";Brasil. Ministerio da Fazenda. Secretaria da Receita Federal. Coordenacao-Geral de Politica Tributaria. Consolida DIRPF 2001: Consolidacao das Declaracoes do Imposto de Renda das Pessoas Fisicas - 2001. Estatisticas Tributarias 05. Brasilia: Receita Federal, dezembro de 2002.;https://livrozilla.com/doc/1724537/modelo-de-tributa%C3%A7%C3%A3o-%C3%B3tima-da-renda;https://web.archive.org/web/20210609080412id_/http://www.receita.fazenda.gov.br/Publico/estudotributarios/estatisticas/22%20Consolida%20DIRPF%202001.pdf;http://www.receita.fazenda.gov.br/Publico/estudotributarios/estatisticas/22%20Consolida%20DIRPF%202001.pdf;outputs/fontes-pedro-souza-irpf/consolida_dirpf_2001.pdf;outputs/fontes-pedro-souza-irpf/consolida_dirpf_2001_texto_extraido.txt;"A Tabela 4 de Pedro Herculano mapeia o ano-calendario 2000 como Torres (2003), ordenado por RBT e reportando RBT. O anexo de Torres traz dados acumulados por corte de renda tributavel anual: numero de declaracoes acima do corte, valor total da renda tributavel acima do corte em R$ milhoes e renda media em R$ mil. A tabela de intervalos foi derivada por diferenca entre cortes consecutivos; a tabela acumulada preserva a forma publicada. A fonte primaria Consolida DIRPF 2001 foi baixada pelo Wayback Machine e confirma o contexto, ano-calendario 2000 e totais gerais, mas nao traz a distribuicao longa por cortes. Ha pequena diferenca entre o anexo de Torres e o quadro resumo da Receita: Torres soma R$ 276.112,97 milhoes e 13.906.144 declaracoes na linha total, enquanto a Receita informa R$ 276.149,34 milhoes de rendimento tributavel e 13.906.145 declarantes no total geral. A diferenca foi documentada sem harmonizacao artificial.";C16;16;14000;Acima de R$ 14.000,00;acumulado_acima_do_corte;5911180;213744.65;213744650.0;36.15;36159.387804127095
2000;2001;Brasil;R$;R$ 1.000.000;R$ 1,00 anuais;torres_2003_dirpf_2001;"Torres, A. M. Modelos de tributacao otima da renda: o calculo de aliquotas marginais assintoticas para o Brasil no ano de 2000. Dissertacao (Mestrado em Economia), Universidade de Brasilia, Brasilia, 2003; copia textual acessivel como monografia IX Premio Tesouro Nacional 2004.";Brasil. Ministerio da Fazenda. Secretaria da Receita Federal. Coordenacao-Geral de Politica Tributaria. Consolida DIRPF 2001: Consolidacao das Declaracoes do Imposto de Renda das Pessoas Fisicas - 2001. Estatisticas Tributarias 05. Brasilia: Receita Federal, dezembro de 2002.;https://livrozilla.com/doc/1724537/modelo-de-tributa%C3%A7%C3%A3o-%C3%B3tima-da-renda;https://web.archive.org/web/20210609080412id_/http://www.receita.fazenda.gov.br/Publico/estudotributarios/estatisticas/22%20Consolida%20DIRPF%202001.pdf;http://www.receita.fazenda.gov.br/Publico/estudotributarios/estatisticas/22%20Consolida%20DIRPF%202001.pdf;outputs/fontes-pedro-souza-irpf/consolida_dirpf_2001.pdf;outputs/fontes-pedro-souza-irpf/consolida_dirpf_2001_texto_extraido.txt;"A Tabela 4 de Pedro Herculano mapeia o ano-calendario 2000 como Torres (2003), ordenado por RBT e reportando RBT. O anexo de Torres traz dados acumulados por corte de renda tributavel anual: numero de declaracoes acima do corte, valor total da renda tributavel acima do corte em R$ milhoes e renda media em R$ mil. A tabela de intervalos foi derivada por diferenca entre cortes consecutivos; a tabela acumulada preserva a forma publicada. A fonte primaria Consolida DIRPF 2001 foi baixada pelo Wayback Machine e confirma o contexto, ano-calendario 2000 e totais gerais, mas nao traz a distribuicao longa por cortes. Ha pequena diferenca entre o anexo de Torres e o quadro resumo da Receita: Torres soma R$ 276.112,97 milhoes e 13.906.144 declaracoes na linha total, enquanto a Receita informa R$ 276.149,34 milhoes de rendimento tributavel e 13.906.145 declarantes no total geral. A diferenca foi documentada sem harmonizacao artificial.";C17;17;15000;Acima de R$ 15.000,00;acumulado_acima_do_corte;5426169;206712.87;206712870.0;38.09;38095.54586302048
2000;2001;Brasil;R$;R$ 1.000.000;R$ 1,00 anuais;torres_2003_dirpf_2001;"Torres, A. M. Modelos de tributacao otima da renda: o calculo de aliquotas marginais assintoticas para o Brasil no ano de 2000. Dissertacao (Mestrado em Economia), Universidade de Brasilia, Brasilia, 2003; copia textual acessivel como monografia IX Premio Tesouro Nacional 2004.";Brasil. Ministerio da Fazenda. Secretaria da Receita Federal. Coordenacao-Geral de Politica Tributaria. Consolida DIRPF 2001: Consolidacao das Declaracoes do Imposto de Renda das Pessoas Fisicas - 2001. Estatisticas Tributarias 05. Brasilia: Receita Federal, dezembro de 2002.;https://livrozilla.com/doc/1724537/modelo-de-tributa%C3%A7%C3%A3o-%C3%B3tima-da-renda;https://web.archive.org/web/20210609080412id_/http://www.receita.fazenda.gov.br/Publico/estudotributarios/estatisticas/22%20Consolida%20DIRPF%202001.pdf;http://www.receita.fazenda.gov.br/Publico/estudotributarios/estatisticas/22%20Consolida%20DIRPF%202001.pdf;outputs/fontes-pedro-souza-irpf/consolida_dirpf_2001.pdf;outputs/fontes-pedro-souza-irpf/consolida_dirpf_2001_texto_extraido.txt;"A Tabela 4 de Pedro Herculano mapeia o ano-calendario 2000 como Torres (2003), ordenado por RBT e reportando RBT. O anexo de Torres traz dados acumulados por corte de renda tributavel anual: numero de declaracoes acima do corte, valor total da renda tributavel acima do corte em R$ milhoes e renda media em R$ mil. A tabela de intervalos foi derivada por diferenca entre cortes consecutivos; a tabela acumulada preserva a forma publicada. A fonte primaria Consolida DIRPF 2001 foi baixada pelo Wayback Machine e confirma o contexto, ano-calendario 2000 e totais gerais, mas nao traz a distribuicao longa por cortes. Ha pequena diferenca entre o anexo de Torres e o quadro resumo da Receita: Torres soma R$ 276.112,97 milhoes e 13.906.144 declaracoes na linha total, enquanto a Receita informa R$ 276.149,34 milhoes de rendimento tributavel e 13.906.145 declarantes no total geral. A diferenca foi documentada sem harmonizacao artificial.";C18;18;16000;Acima de R$ 16.000,00;acumulado_acima_do_corte;5035768;200664.91;200664910.0;39.84;39847.92587744312
2000;2001;Brasil;R$;R$ 1.000.000;R$ 1,00 anuais;torres_2003_dirpf_2001;"Torres, A. M. Modelos de tributacao otima da renda: o calculo de aliquotas marginais assintoticas para o Brasil no ano de 2000. Dissertacao (Mestrado em Economia), Universidade de Brasilia, Brasilia, 2003; copia textual acessivel como monografia IX Premio Tesouro Nacional 2004.";Brasil. Ministerio da Fazenda. Secretaria da Receita Federal. Coordenacao-Geral de Politica Tributaria. Consolida DIRPF 2001: Consolidacao das Declaracoes do Imposto de Renda das Pessoas Fisicas - 2001. Estatisticas Tributarias 05. Brasilia: Receita Federal, dezembro de 2002.;https://livrozilla.com/doc/1724537/modelo-de-tributa%C3%A7%C3%A3o-%C3%B3tima-da-renda;https://web.archive.org/web/20210609080412id_/http://www.receita.fazenda.gov.br/Publico/estudotributarios/estatisticas/22%20Consolida%20DIRPF%202001.pdf;http://www.receita.fazenda.gov.br/Publico/estudotributarios/estatisticas/22%20Consolida%20DIRPF%202001.pdf;outputs/fontes-pedro-souza-irpf/consolida_dirpf_2001.pdf;outputs/fontes-pedro-souza-irpf/consolida_dirpf_2001_texto_extraido.txt;"A Tabela 4 de Pedro Herculano mapeia o ano-calendario 2000 como Torres (2003), ordenado por RBT e reportando RBT. O anexo de Torres traz dados acumulados por corte de renda tributavel anual: numero de declaracoes acima do corte, valor total da renda tributavel acima do corte em R$ milhoes e renda media em R$ mil. A tabela de intervalos foi derivada por diferenca entre cortes consecutivos; a tabela acumulada preserva a forma publicada. A fonte primaria Consolida DIRPF 2001 foi baixada pelo Wayback Machine e confirma o contexto, ano-calendario 2000 e totais gerais, mas nao traz a distribuicao longa por cortes. Ha pequena diferenca entre o anexo de Torres e o quadro resumo da Receita: Torres soma R$ 276.112,97 milhoes e 13.906.144 declaracoes na linha total, enquanto a Receita informa R$ 276.149,34 milhoes de rendimento tributavel e 13.906.145 declarantes no total geral. A diferenca foi documentada sem harmonizacao artificial.";C19;19;17000;Acima de R$ 17.000,00;acumulado_acima_do_corte;4697384;195083.03;195083030.0;41.53;41530.14316053361
2000;2001;Brasil;R$;R$ 1.000.000;R$ 1,00 anuais;torres_2003_dirpf_2001;"Torres, A. M. Modelos de tributacao otima da renda: o calculo de aliquotas marginais assintoticas para o Brasil no ano de 2000. Dissertacao (Mestrado em Economia), Universidade de Brasilia, Brasilia, 2003; copia textual acessivel como monografia IX Premio Tesouro Nacional 2004.";Brasil. Ministerio da Fazenda. Secretaria da Receita Federal. Coordenacao-Geral de Politica Tributaria. Consolida DIRPF 2001: Consolidacao das Declaracoes do Imposto de Renda das Pessoas Fisicas - 2001. Estatisticas Tributarias 05. Brasilia: Receita Federal, dezembro de 2002.;https://livrozilla.com/doc/1724537/modelo-de-tributa%C3%A7%C3%A3o-%C3%B3tima-da-renda;https://web.archive.org/web/20210609080412id_/http://www.receita.fazenda.gov.br/Publico/estudotributarios/estatisticas/22%20Consolida%20DIRPF%202001.pdf;http://www.receita.fazenda.gov.br/Publico/estudotributarios/estatisticas/22%20Consolida%20DIRPF%202001.pdf;outputs/fontes-pedro-souza-irpf/consolida_dirpf_2001.pdf;outputs/fontes-pedro-souza-irpf/consolida_dirpf_2001_texto_extraido.txt;"A Tabela 4 de Pedro Herculano mapeia o ano-calendario 2000 como Torres (2003), ordenado por RBT e reportando RBT. O anexo de Torres traz dados acumulados por corte de renda tributavel anual: numero de declaracoes acima do corte, valor total da renda tributavel acima do corte em R$ milhoes e renda media em R$ mil. A tabela de intervalos foi derivada por diferenca entre cortes consecutivos; a tabela acumulada preserva a forma publicada. A fonte primaria Consolida DIRPF 2001 foi baixada pelo Wayback Machine e confirma o contexto, ano-calendario 2000 e totais gerais, mas nao traz a distribuicao longa por cortes. Ha pequena diferenca entre o anexo de Torres e o quadro resumo da Receita: Torres soma R$ 276.112,97 milhoes e 13.906.144 declaracoes na linha total, enquanto a Receita informa R$ 276.149,34 milhoes de rendimento tributavel e 13.906.145 declarantes no total geral. A diferenca foi documentada sem harmonizacao artificial.";C20;20;18000;Acima de R$ 18.000,00;acumulado_acima_do_corte;4374051;189416.47;189416470.0;43.3;43304.58652631165
2000;2001;Brasil;R$;R$ 1.000.000;R$ 1,00 anuais;torres_2003_dirpf_2001;"Torres, A. M. Modelos de tributacao otima da renda: o calculo de aliquotas marginais assintoticas para o Brasil no ano de 2000. Dissertacao (Mestrado em Economia), Universidade de Brasilia, Brasilia, 2003; copia textual acessivel como monografia IX Premio Tesouro Nacional 2004.";Brasil. Ministerio da Fazenda. Secretaria da Receita Federal. Coordenacao-Geral de Politica Tributaria. Consolida DIRPF 2001: Consolidacao das Declaracoes do Imposto de Renda das Pessoas Fisicas - 2001. Estatisticas Tributarias 05. Brasilia: Receita Federal, dezembro de 2002.;https://livrozilla.com/doc/1724537/modelo-de-tributa%C3%A7%C3%A3o-%C3%B3tima-da-renda;https://web.archive.org/web/20210609080412id_/http://www.receita.fazenda.gov.br/Publico/estudotributarios/estatisticas/22%20Consolida%20DIRPF%202001.pdf;http://www.receita.fazenda.gov.br/Publico/estudotributarios/estatisticas/22%20Consolida%20DIRPF%202001.pdf;outputs/fontes-pedro-souza-irpf/consolida_dirpf_2001.pdf;outputs/fontes-pedro-souza-irpf/consolida_dirpf_2001_texto_extraido.txt;"A Tabela 4 de Pedro Herculano mapeia o ano-calendario 2000 como Torres (2003), ordenado por RBT e reportando RBT. O anexo de Torres traz dados acumulados por corte de renda tributavel anual: numero de declaracoes acima do corte, valor total da renda tributavel acima do corte em R$ milhoes e renda media em R$ mil. A tabela de intervalos foi derivada por diferenca entre cortes consecutivos; a tabela acumulada preserva a forma publicada. A fonte primaria Consolida DIRPF 2001 foi baixada pelo Wayback Machine e confirma o contexto, ano-calendario 2000 e totais gerais, mas nao traz a distribuicao longa por cortes. Ha pequena diferenca entre o anexo de Torres e o quadro resumo da Receita: Torres soma R$ 276.112,97 milhoes e 13.906.144 declaracoes na linha total, enquanto a Receita informa R$ 276.149,34 milhoes de rendimento tributavel e 13.906.145 declarantes no total geral. A diferenca foi documentada sem harmonizacao artificial.";C21;21;19000;Acima de R$ 19.000,00;acumulado_acima_do_corte;4087581;184117.6;184117600.0;45.04;45043.16856350981
2000;2001;Brasil;R$;R$ 1.000.000;R$ 1,00 anuais;torres_2003_dirpf_2001;"Torres, A. M. Modelos de tributacao otima da renda: o calculo de aliquotas marginais assintoticas para o Brasil no ano de 2000. Dissertacao (Mestrado em Economia), Universidade de Brasilia, Brasilia, 2003; copia textual acessivel como monografia IX Premio Tesouro Nacional 2004.";Brasil. Ministerio da Fazenda. Secretaria da Receita Federal. Coordenacao-Geral de Politica Tributaria. Consolida DIRPF 2001: Consolidacao das Declaracoes do Imposto de Renda das Pessoas Fisicas - 2001. Estatisticas Tributarias 05. Brasilia: Receita Federal, dezembro de 2002.;https://livrozilla.com/doc/1724537/modelo-de-tributa%C3%A7%C3%A3o-%C3%B3tima-da-renda;https://web.archive.org/web/20210609080412id_/http://www.receita.fazenda.gov.br/Publico/estudotributarios/estatisticas/22%20Consolida%20DIRPF%202001.pdf;http://www.receita.fazenda.gov.br/Publico/estudotributarios/estatisticas/22%20Consolida%20DIRPF%202001.pdf;outputs/fontes-pedro-souza-irpf/consolida_dirpf_2001.pdf;outputs/fontes-pedro-souza-irpf/consolida_dirpf_2001_texto_extraido.txt;"A Tabela 4 de Pedro Herculano mapeia o ano-calendario 2000 como Torres (2003), ordenado por RBT e reportando RBT. O anexo de Torres traz dados acumulados por corte de renda tributavel anual: numero de declaracoes acima do corte, valor total da renda tributavel acima do corte em R$ milhoes e renda media em R$ mil. A tabela de intervalos foi derivada por diferenca entre cortes consecutivos; a tabela acumulada preserva a forma publicada. A fonte primaria Consolida DIRPF 2001 foi baixada pelo Wayback Machine e confirma o contexto, ano-calendario 2000 e totais gerais, mas nao traz a distribuicao longa por cortes. Ha pequena diferenca entre o anexo de Torres e o quadro resumo da Receita: Torres soma R$ 276.112,97 milhoes e 13.906.144 declaracoes na linha total, enquanto a Receita informa R$ 276.149,34 milhoes de rendimento tributavel e 13.906.145 declarantes no total geral. A diferenca foi documentada sem harmonizacao artificial.";C22;22;20000;Acima de R$ 20.000,00;acumulado_acima_do_corte;3831501;179124.35;179124350.0;46.75;46750.43801371838
2000;2001;Brasil;R$;R$ 1.000.000;R$ 1,00 anuais;torres_2003_dirpf_2001;"Torres, A. M. Modelos de tributacao otima da renda: o calculo de aliquotas marginais assintoticas para o Brasil no ano de 2000. Dissertacao (Mestrado em Economia), Universidade de Brasilia, Brasilia, 2003; copia textual acessivel como monografia IX Premio Tesouro Nacional 2004.";Brasil. Ministerio da Fazenda. Secretaria da Receita Federal. Coordenacao-Geral de Politica Tributaria. Consolida DIRPF 2001: Consolidacao das Declaracoes do Imposto de Renda das Pessoas Fisicas - 2001. Estatisticas Tributarias 05. Brasilia: Receita Federal, dezembro de 2002.;https://livrozilla.com/doc/1724537/modelo-de-tributa%C3%A7%C3%A3o-%C3%B3tima-da-renda;https://web.archive.org/web/20210609080412id_/http://www.receita.fazenda.gov.br/Publico/estudotributarios/estatisticas/22%20Consolida%20DIRPF%202001.pdf;http://www.receita.fazenda.gov.br/Publico/estudotributarios/estatisticas/22%20Consolida%20DIRPF%202001.pdf;outputs/fontes-pedro-souza-irpf/consolida_dirpf_2001.pdf;outputs/fontes-pedro-souza-irpf/consolida_dirpf_2001_texto_extraido.txt;"A Tabela 4 de Pedro Herculano mapeia o ano-calendario 2000 como Torres (2003), ordenado por RBT e reportando RBT. O anexo de Torres traz dados acumulados por corte de renda tributavel anual: numero de declaracoes acima do corte, valor total da renda tributavel acima do corte em R$ milhoes e renda media em R$ mil. A tabela de intervalos foi derivada por diferenca entre cortes consecutivos; a tabela acumulada preserva a forma publicada. A fonte primaria Consolida DIRPF 2001 foi baixada pelo Wayback Machine e confirma o contexto, ano-calendario 2000 e totais gerais, mas nao traz a distribuicao longa por cortes. Ha pequena diferenca entre o anexo de Torres e o quadro resumo da Receita: Torres soma R$ 276.112,97 milhoes e 13.906.144 declaracoes na linha total, enquanto a Receita informa R$ 276.149,34 milhoes de rendimento tributavel e 13.906.145 declarantes no total geral. A diferenca foi documentada sem harmonizacao artificial.";C23;23;25000;Acima de R$ 25.000,00;acumulado_acima_do_corte;2867854;157631.02;157631020.0;54.96;54964.79946329207
2000;2001;Brasil;R$;R$ 1.000.000;R$ 1,00 anuais;torres_2003_dirpf_2001;"Torres, A. M. Modelos de tributacao otima da renda: o calculo de aliquotas marginais assintoticas para o Brasil no ano de 2000. Dissertacao (Mestrado em Economia), Universidade de Brasilia, Brasilia, 2003; copia textual acessivel como monografia IX Premio Tesouro Nacional 2004.";Brasil. Ministerio da Fazenda. Secretaria da Receita Federal. Coordenacao-Geral de Politica Tributaria. Consolida DIRPF 2001: Consolidacao das Declaracoes do Imposto de Renda das Pessoas Fisicas - 2001. Estatisticas Tributarias 05. Brasilia: Receita Federal, dezembro de 2002.;https://livrozilla.com/doc/1724537/modelo-de-tributa%C3%A7%C3%A3o-%C3%B3tima-da-renda;https://web.archive.org/web/20210609080412id_/http://www.receita.fazenda.gov.br/Publico/estudotributarios/estatisticas/22%20Consolida%20DIRPF%202001.pdf;http://www.receita.fazenda.gov.br/Publico/estudotributarios/estatisticas/22%20Consolida%20DIRPF%202001.pdf;outputs/fontes-pedro-souza-irpf/consolida_dirpf_2001.pdf;outputs/fontes-pedro-souza-irpf/consolida_dirpf_2001_texto_extraido.txt;"A Tabela 4 de Pedro Herculano mapeia o ano-calendario 2000 como Torres (2003), ordenado por RBT e reportando RBT. O anexo de Torres traz dados acumulados por corte de renda tributavel anual: numero de declaracoes acima do corte, valor total da renda tributavel acima do corte em R$ milhoes e renda media em R$ mil. A tabela de intervalos foi derivada por diferenca entre cortes consecutivos; a tabela acumulada preserva a forma publicada. A fonte primaria Consolida DIRPF 2001 foi baixada pelo Wayback Machine e confirma o contexto, ano-calendario 2000 e totais gerais, mas nao traz a distribuicao longa por cortes. Ha pequena diferenca entre o anexo de Torres e o quadro resumo da Receita: Torres soma R$ 276.112,97 milhoes e 13.906.144 declaracoes na linha total, enquanto a Receita informa R$ 276.149,34 milhoes de rendimento tributavel e 13.906.145 declarantes no total geral. A diferenca foi documentada sem harmonizacao artificial.";C24;24;30000;Acima de R$ 30.000,00;acumulado_acima_do_corte;2230985;140196.5;140196500.0;62.84;62840.62869091455
2000;2001;Brasil;R$;R$ 1.000.000;R$ 1,00 anuais;torres_2003_dirpf_2001;"Torres, A. M. Modelos de tributacao otima da renda: o calculo de aliquotas marginais assintoticas para o Brasil no ano de 2000. Dissertacao (Mestrado em Economia), Universidade de Brasilia, Brasilia, 2003; copia textual acessivel como monografia IX Premio Tesouro Nacional 2004.";Brasil. Ministerio da Fazenda. Secretaria da Receita Federal. Coordenacao-Geral de Politica Tributaria. Consolida DIRPF 2001: Consolidacao das Declaracoes do Imposto de Renda das Pessoas Fisicas - 2001. Estatisticas Tributarias 05. Brasilia: Receita Federal, dezembro de 2002.;https://livrozilla.com/doc/1724537/modelo-de-tributa%C3%A7%C3%A3o-%C3%B3tima-da-renda;https://web.archive.org/web/20210609080412id_/http://www.receita.fazenda.gov.br/Publico/estudotributarios/estatisticas/22%20Consolida%20DIRPF%202001.pdf;http://www.receita.fazenda.gov.br/Publico/estudotributarios/estatisticas/22%20Consolida%20DIRPF%202001.pdf;outputs/fontes-pedro-souza-irpf/consolida_dirpf_2001.pdf;outputs/fontes-pedro-souza-irpf/consolida_dirpf_2001_texto_extraido.txt;"A Tabela 4 de Pedro Herculano mapeia o ano-calendario 2000 como Torres (2003), ordenado por RBT e reportando RBT. O anexo de Torres traz dados acumulados por corte de renda tributavel anual: numero de declaracoes acima do corte, valor total da renda tributavel acima do corte em R$ milhoes e renda media em R$ mil. A tabela de intervalos foi derivada por diferenca entre cortes consecutivos; a tabela acumulada preserva a forma publicada. A fonte primaria Consolida DIRPF 2001 foi baixada pelo Wayback Machine e confirma o contexto, ano-calendario 2000 e totais gerais, mas nao traz a distribuicao longa por cortes. Ha pequena diferenca entre o anexo de Torres e o quadro resumo da Receita: Torres soma R$ 276.112,97 milhoes e 13.906.144 declaracoes na linha total, enquanto a Receita informa R$ 276.149,34 milhoes de rendimento tributavel e 13.906.145 declarantes no total geral. A diferenca foi documentada sem harmonizacao artificial.";C25;25;40000;Acima de R$ 40.000,00;acumulado_acima_do_corte;1453756;113370.59;113370590.0;77.98;77984.6067703246
2000;2001;Brasil;R$;R$ 1.000.000;R$ 1,00 anuais;torres_2003_dirpf_2001;"Torres, A. M. Modelos de tributacao otima da renda: o calculo de aliquotas marginais assintoticas para o Brasil no ano de 2000. Dissertacao (Mestrado em Economia), Universidade de Brasilia, Brasilia, 2003; copia textual acessivel como monografia IX Premio Tesouro Nacional 2004.";Brasil. Ministerio da Fazenda. Secretaria da Receita Federal. Coordenacao-Geral de Politica Tributaria. Consolida DIRPF 2001: Consolidacao das Declaracoes do Imposto de Renda das Pessoas Fisicas - 2001. Estatisticas Tributarias 05. Brasilia: Receita Federal, dezembro de 2002.;https://livrozilla.com/doc/1724537/modelo-de-tributa%C3%A7%C3%A3o-%C3%B3tima-da-renda;https://web.archive.org/web/20210609080412id_/http://www.receita.fazenda.gov.br/Publico/estudotributarios/estatisticas/22%20Consolida%20DIRPF%202001.pdf;http://www.receita.fazenda.gov.br/Publico/estudotributarios/estatisticas/22%20Consolida%20DIRPF%202001.pdf;outputs/fontes-pedro-souza-irpf/consolida_dirpf_2001.pdf;outputs/fontes-pedro-souza-irpf/consolida_dirpf_2001_texto_extraido.txt;"A Tabela 4 de Pedro Herculano mapeia o ano-calendario 2000 como Torres (2003), ordenado por RBT e reportando RBT. O anexo de Torres traz dados acumulados por corte de renda tributavel anual: numero de declaracoes acima do corte, valor total da renda tributavel acima do corte em R$ milhoes e renda media em R$ mil. A tabela de intervalos foi derivada por diferenca entre cortes consecutivos; a tabela acumulada preserva a forma publicada. A fonte primaria Consolida DIRPF 2001 foi baixada pelo Wayback Machine e confirma o contexto, ano-calendario 2000 e totais gerais, mas nao traz a distribuicao longa por cortes. Ha pequena diferenca entre o anexo de Torres e o quadro resumo da Receita: Torres soma R$ 276.112,97 milhoes e 13.906.144 declaracoes na linha total, enquanto a Receita informa R$ 276.149,34 milhoes de rendimento tributavel e 13.906.145 declarantes no total geral. A diferenca foi documentada sem harmonizacao artificial.";C26;26;50000;Acima de R$ 50.000,00;acumulado_acima_do_corte;1007478;93459.58;93459580.0;92.76;92765.87677348786
2000;2001;Brasil;R$;R$ 1.000.000;R$ 1,00 anuais;torres_2003_dirpf_2001;"Torres, A. M. Modelos de tributacao otima da renda: o calculo de aliquotas marginais assintoticas para o Brasil no ano de 2000. Dissertacao (Mestrado em Economia), Universidade de Brasilia, Brasilia, 2003; copia textual acessivel como monografia IX Premio Tesouro Nacional 2004.";Brasil. Ministerio da Fazenda. Secretaria da Receita Federal. Coordenacao-Geral de Politica Tributaria. Consolida DIRPF 2001: Consolidacao das Declaracoes do Imposto de Renda das Pessoas Fisicas - 2001. Estatisticas Tributarias 05. Brasilia: Receita Federal, dezembro de 2002.;https://livrozilla.com/doc/1724537/modelo-de-tributa%C3%A7%C3%A3o-%C3%B3tima-da-renda;https://web.archive.org/web/20210609080412id_/http://www.receita.fazenda.gov.br/Publico/estudotributarios/estatisticas/22%20Consolida%20DIRPF%202001.pdf;http://www.receita.fazenda.gov.br/Publico/estudotributarios/estatisticas/22%20Consolida%20DIRPF%202001.pdf;outputs/fontes-pedro-souza-irpf/consolida_dirpf_2001.pdf;outputs/fontes-pedro-souza-irpf/consolida_dirpf_2001_texto_extraido.txt;"A Tabela 4 de Pedro Herculano mapeia o ano-calendario 2000 como Torres (2003), ordenado por RBT e reportando RBT. O anexo de Torres traz dados acumulados por corte de renda tributavel anual: numero de declaracoes acima do corte, valor total da renda tributavel acima do corte em R$ milhoes e renda media em R$ mil. A tabela de intervalos foi derivada por diferenca entre cortes consecutivos; a tabela acumulada preserva a forma publicada. A fonte primaria Consolida DIRPF 2001 foi baixada pelo Wayback Machine e confirma o contexto, ano-calendario 2000 e totais gerais, mas nao traz a distribuicao longa por cortes. Ha pequena diferenca entre o anexo de Torres e o quadro resumo da Receita: Torres soma R$ 276.112,97 milhoes e 13.906.144 declaracoes na linha total, enquanto a Receita informa R$ 276.149,34 milhoes de rendimento tributavel e 13.906.145 declarantes no total geral. A diferenca foi documentada sem harmonizacao artificial.";C27;27;75000;Acima de R$ 75.000,00;acumulado_acima_do_corte;467639;60816.36;60816360.0;130.04;130049.80337397009
2000;2001;Brasil;R$;R$ 1.000.000;R$ 1,00 anuais;torres_2003_dirpf_2001;"Torres, A. M. Modelos de tributacao otima da renda: o calculo de aliquotas marginais assintoticas para o Brasil no ano de 2000. Dissertacao (Mestrado em Economia), Universidade de Brasilia, Brasilia, 2003; copia textual acessivel como monografia IX Premio Tesouro Nacional 2004.";Brasil. Ministerio da Fazenda. Secretaria da Receita Federal. Coordenacao-Geral de Politica Tributaria. Consolida DIRPF 2001: Consolidacao das Declaracoes do Imposto de Renda das Pessoas Fisicas - 2001. Estatisticas Tributarias 05. Brasilia: Receita Federal, dezembro de 2002.;https://livrozilla.com/doc/1724537/modelo-de-tributa%C3%A7%C3%A3o-%C3%B3tima-da-renda;https://web.archive.org/web/20210609080412id_/http://www.receita.fazenda.gov.br/Publico/estudotributarios/estatisticas/22%20Consolida%20DIRPF%202001.pdf;http://www.receita.fazenda.gov.br/Publico/estudotributarios/estatisticas/22%20Consolida%20DIRPF%202001.pdf;outputs/fontes-pedro-souza-irpf/consolida_dirpf_2001.pdf;outputs/fontes-pedro-souza-irpf/consolida_dirpf_2001_texto_extraido.txt;"A Tabela 4 de Pedro Herculano mapeia o ano-calendario 2000 como Torres (2003), ordenado por RBT e reportando RBT. O anexo de Torres traz dados acumulados por corte de renda tributavel anual: numero de declaracoes acima do corte, valor total da renda tributavel acima do corte em R$ milhoes e renda media em R$ mil. A tabela de intervalos foi derivada por diferenca entre cortes consecutivos; a tabela acumulada preserva a forma publicada. A fonte primaria Consolida DIRPF 2001 foi baixada pelo Wayback Machine e confirma o contexto, ano-calendario 2000 e totais gerais, mas nao traz a distribuicao longa por cortes. Ha pequena diferenca entre o anexo de Torres e o quadro resumo da Receita: Torres soma R$ 276.112,97 milhoes e 13.906.144 declaracoes na linha total, enquanto a Receita informa R$ 276.149,34 milhoes de rendimento tributavel e 13.906.145 declarantes no total geral. A diferenca foi documentada sem harmonizacao artificial.";C28;28;100000;Acima de R$ 100.000,00;acumulado_acima_do_corte;244001;41613.6;41613600.0;170.54;170546.84202113925
2000;2001;Brasil;R$;R$ 1.000.000;R$ 1,00 anuais;torres_2003_dirpf_2001;"Torres, A. M. Modelos de tributacao otima da renda: o calculo de aliquotas marginais assintoticas para o Brasil no ano de 2000. Dissertacao (Mestrado em Economia), Universidade de Brasilia, Brasilia, 2003; copia textual acessivel como monografia IX Premio Tesouro Nacional 2004.";Brasil. Ministerio da Fazenda. Secretaria da Receita Federal. Coordenacao-Geral de Politica Tributaria. Consolida DIRPF 2001: Consolidacao das Declaracoes do Imposto de Renda das Pessoas Fisicas - 2001. Estatisticas Tributarias 05. Brasilia: Receita Federal, dezembro de 2002.;https://livrozilla.com/doc/1724537/modelo-de-tributa%C3%A7%C3%A3o-%C3%B3tima-da-renda;https://web.archive.org/web/20210609080412id_/http://www.receita.fazenda.gov.br/Publico/estudotributarios/estatisticas/22%20Consolida%20DIRPF%202001.pdf;http://www.receita.fazenda.gov.br/Publico/estudotributarios/estatisticas/22%20Consolida%20DIRPF%202001.pdf;outputs/fontes-pedro-souza-irpf/consolida_dirpf_2001.pdf;outputs/fontes-pedro-souza-irpf/consolida_dirpf_2001_texto_extraido.txt;"A Tabela 4 de Pedro Herculano mapeia o ano-calendario 2000 como Torres (2003), ordenado por RBT e reportando RBT. O anexo de Torres traz dados acumulados por corte de renda tributavel anual: numero de declaracoes acima do corte, valor total da renda tributavel acima do corte em R$ milhoes e renda media em R$ mil. A tabela de intervalos foi derivada por diferenca entre cortes consecutivos; a tabela acumulada preserva a forma publicada. A fonte primaria Consolida DIRPF 2001 foi baixada pelo Wayback Machine e confirma o contexto, ano-calendario 2000 e totais gerais, mas nao traz a distribuicao longa por cortes. Ha pequena diferenca entre o anexo de Torres e o quadro resumo da Receita: Torres soma R$ 276.112,97 milhoes e 13.906.144 declaracoes na linha total, enquanto a Receita informa R$ 276.149,34 milhoes de rendimento tributavel e 13.906.145 declarantes no total geral. A diferenca foi documentada sem harmonizacao artificial.";C29;29;125000;Acima de R$ 125.000,00;acumulado_acima_do_corte;137858;29829.93;29829930.0;216.38;216381.56653948265
2000;2001;Brasil;R$;R$ 1.000.000;R$ 1,00 anuais;torres_2003_dirpf_2001;"Torres, A. M. Modelos de tributacao otima da renda: o calculo de aliquotas marginais assintoticas para o Brasil no ano de 2000. Dissertacao (Mestrado em Economia), Universidade de Brasilia, Brasilia, 2003; copia textual acessivel como monografia IX Premio Tesouro Nacional 2004.";Brasil. Ministerio da Fazenda. Secretaria da Receita Federal. Coordenacao-Geral de Politica Tributaria. Consolida DIRPF 2001: Consolidacao das Declaracoes do Imposto de Renda das Pessoas Fisicas - 2001. Estatisticas Tributarias 05. Brasilia: Receita Federal, dezembro de 2002.;https://livrozilla.com/doc/1724537/modelo-de-tributa%C3%A7%C3%A3o-%C3%B3tima-da-renda;https://web.archive.org/web/20210609080412id_/http://www.receita.fazenda.gov.br/Publico/estudotributarios/estatisticas/22%20Consolida%20DIRPF%202001.pdf;http://www.receita.fazenda.gov.br/Publico/estudotributarios/estatisticas/22%20Consolida%20DIRPF%202001.pdf;outputs/fontes-pedro-souza-irpf/consolida_dirpf_2001.pdf;outputs/fontes-pedro-souza-irpf/consolida_dirpf_2001_texto_extraido.txt;"A Tabela 4 de Pedro Herculano mapeia o ano-calendario 2000 como Torres (2003), ordenado por RBT e reportando RBT. O anexo de Torres traz dados acumulados por corte de renda tributavel anual: numero de declaracoes acima do corte, valor total da renda tributavel acima do corte em R$ milhoes e renda media em R$ mil. A tabela de intervalos foi derivada por diferenca entre cortes consecutivos; a tabela acumulada preserva a forma publicada. A fonte primaria Consolida DIRPF 2001 foi baixada pelo Wayback Machine e confirma o contexto, ano-calendario 2000 e totais gerais, mas nao traz a distribuicao longa por cortes. Ha pequena diferenca entre o anexo de Torres e o quadro resumo da Receita: Torres soma R$ 276.112,97 milhoes e 13.906.144 declaracoes na linha total, enquanto a Receita informa R$ 276.149,34 milhoes de rendimento tributavel e 13.906.145 declarantes no total geral. A diferenca foi documentada sem harmonizacao artificial.";C30;30;150000;Acima de R$ 150.000,00;acumulado_acima_do_corte;83599;22436.03;22436030.0;268.37;268376.77484180435
2000;2001;Brasil;R$;R$ 1.000.000;R$ 1,00 anuais;torres_2003_dirpf_2001;"Torres, A. M. Modelos de tributacao otima da renda: o calculo de aliquotas marginais assintoticas para o Brasil no ano de 2000. Dissertacao (Mestrado em Economia), Universidade de Brasilia, Brasilia, 2003; copia textual acessivel como monografia IX Premio Tesouro Nacional 2004.";Brasil. Ministerio da Fazenda. Secretaria da Receita Federal. Coordenacao-Geral de Politica Tributaria. Consolida DIRPF 2001: Consolidacao das Declaracoes do Imposto de Renda das Pessoas Fisicas - 2001. Estatisticas Tributarias 05. Brasilia: Receita Federal, dezembro de 2002.;https://livrozilla.com/doc/1724537/modelo-de-tributa%C3%A7%C3%A3o-%C3%B3tima-da-renda;https://web.archive.org/web/20210609080412id_/http://www.receita.fazenda.gov.br/Publico/estudotributarios/estatisticas/22%20Consolida%20DIRPF%202001.pdf;http://www.receita.fazenda.gov.br/Publico/estudotributarios/estatisticas/22%20Consolida%20DIRPF%202001.pdf;outputs/fontes-pedro-souza-irpf/consolida_dirpf_2001.pdf;outputs/fontes-pedro-souza-irpf/consolida_dirpf_2001_texto_extraido.txt;"A Tabela 4 de Pedro Herculano mapeia o ano-calendario 2000 como Torres (2003), ordenado por RBT e reportando RBT. O anexo de Torres traz dados acumulados por corte de renda tributavel anual: numero de declaracoes acima do corte, valor total da renda tributavel acima do corte em R$ milhoes e renda media em R$ mil. A tabela de intervalos foi derivada por diferenca entre cortes consecutivos; a tabela acumulada preserva a forma publicada. A fonte primaria Consolida DIRPF 2001 foi baixada pelo Wayback Machine e confirma o contexto, ano-calendario 2000 e totais gerais, mas nao traz a distribuicao longa por cortes. Ha pequena diferenca entre o anexo de Torres e o quadro resumo da Receita: Torres soma R$ 276.112,97 milhoes e 13.906.144 declaracoes na linha total, enquanto a Receita informa R$ 276.149,34 milhoes de rendimento tributavel e 13.906.145 declarantes no total geral. A diferenca foi documentada sem harmonizacao artificial.";C31;31;200000;Acima de R$ 200.000,00;acumulado_acima_do_corte;37957;14680.23;14680230.0;386.75;386759.49100297707
2000;2001;Brasil;R$;R$ 1.000.000;R$ 1,00 anuais;torres_2003_dirpf_2001;"Torres, A. M. Modelos de tributacao otima da renda: o calculo de aliquotas marginais assintoticas para o Brasil no ano de 2000. Dissertacao (Mestrado em Economia), Universidade de Brasilia, Brasilia, 2003; copia textual acessivel como monografia IX Premio Tesouro Nacional 2004.";Brasil. Ministerio da Fazenda. Secretaria da Receita Federal. Coordenacao-Geral de Politica Tributaria. Consolida DIRPF 2001: Consolidacao das Declaracoes do Imposto de Renda das Pessoas Fisicas - 2001. Estatisticas Tributarias 05. Brasilia: Receita Federal, dezembro de 2002.;https://livrozilla.com/doc/1724537/modelo-de-tributa%C3%A7%C3%A3o-%C3%B3tima-da-renda;https://web.archive.org/web/20210609080412id_/http://www.receita.fazenda.gov.br/Publico/estudotributarios/estatisticas/22%20Consolida%20DIRPF%202001.pdf;http://www.receita.fazenda.gov.br/Publico/estudotributarios/estatisticas/22%20Consolida%20DIRPF%202001.pdf;outputs/fontes-pedro-souza-irpf/consolida_dirpf_2001.pdf;outputs/fontes-pedro-souza-irpf/consolida_dirpf_2001_texto_extraido.txt;"A Tabela 4 de Pedro Herculano mapeia o ano-calendario 2000 como Torres (2003), ordenado por RBT e reportando RBT. O anexo de Torres traz dados acumulados por corte de renda tributavel anual: numero de declaracoes acima do corte, valor total da renda tributavel acima do corte em R$ milhoes e renda media em R$ mil. A tabela de intervalos foi derivada por diferenca entre cortes consecutivos; a tabela acumulada preserva a forma publicada. A fonte primaria Consolida DIRPF 2001 foi baixada pelo Wayback Machine e confirma o contexto, ano-calendario 2000 e totais gerais, mas nao traz a distribuicao longa por cortes. Ha pequena diferenca entre o anexo de Torres e o quadro resumo da Receita: Torres soma R$ 276.112,97 milhoes e 13.906.144 declaracoes na linha total, enquanto a Receita informa R$ 276.149,34 milhoes de rendimento tributavel e 13.906.145 declarantes no total geral. A diferenca foi documentada sem harmonizacao artificial.";C32;32;250000;Acima de R$ 250.000,00;acumulado_acima_do_corte;22023;11153.32;11153320.0;506.43;506439.6312945557
2000;2001;Brasil;R$;R$ 1.000.000;R$ 1,00 anuais;torres_2003_dirpf_2001;"Torres, A. M. Modelos de tributacao otima da renda: o calculo de aliquotas marginais assintoticas para o Brasil no ano de 2000. Dissertacao (Mestrado em Economia), Universidade de Brasilia, Brasilia, 2003; copia textual acessivel como monografia IX Premio Tesouro Nacional 2004.";Brasil. Ministerio da Fazenda. Secretaria da Receita Federal. Coordenacao-Geral de Politica Tributaria. Consolida DIRPF 2001: Consolidacao das Declaracoes do Imposto de Renda das Pessoas Fisicas - 2001. Estatisticas Tributarias 05. Brasilia: Receita Federal, dezembro de 2002.;https://livrozilla.com/doc/1724537/modelo-de-tributa%C3%A7%C3%A3o-%C3%B3tima-da-renda;https://web.archive.org/web/20210609080412id_/http://www.receita.fazenda.gov.br/Publico/estudotributarios/estatisticas/22%20Consolida%20DIRPF%202001.pdf;http://www.receita.fazenda.gov.br/Publico/estudotributarios/estatisticas/22%20Consolida%20DIRPF%202001.pdf;outputs/fontes-pedro-souza-irpf/consolida_dirpf_2001.pdf;outputs/fontes-pedro-souza-irpf/consolida_dirpf_2001_texto_extraido.txt;"A Tabela 4 de Pedro Herculano mapeia o ano-calendario 2000 como Torres (2003), ordenado por RBT e reportando RBT. O anexo de Torres traz dados acumulados por corte de renda tributavel anual: numero de declaracoes acima do corte, valor total da renda tributavel acima do corte em R$ milhoes e renda media em R$ mil. A tabela de intervalos foi derivada por diferenca entre cortes consecutivos; a tabela acumulada preserva a forma publicada. A fonte primaria Consolida DIRPF 2001 foi baixada pelo Wayback Machine e confirma o contexto, ano-calendario 2000 e totais gerais, mas nao traz a distribuicao longa por cortes. Ha pequena diferenca entre o anexo de Torres e o quadro resumo da Receita: Torres soma R$ 276.112,97 milhoes e 13.906.144 declaracoes na linha total, enquanto a Receita informa R$ 276.149,34 milhoes de rendimento tributavel e 13.906.145 declarantes no total geral. A diferenca foi documentada sem harmonizacao artificial.";C33;33;300000;Acima de R$ 300.000,00;acumulado_acima_do_corte;14510;9108.62;9108620.0;627.74;627747.7601654031
2000;2001;Brasil;R$;R$ 1.000.000;R$ 1,00 anuais;torres_2003_dirpf_2001;"Torres, A. M. Modelos de tributacao otima da renda: o calculo de aliquotas marginais assintoticas para o Brasil no ano de 2000. Dissertacao (Mestrado em Economia), Universidade de Brasilia, Brasilia, 2003; copia textual acessivel como monografia IX Premio Tesouro Nacional 2004.";Brasil. Ministerio da Fazenda. Secretaria da Receita Federal. Coordenacao-Geral de Politica Tributaria. Consolida DIRPF 2001: Consolidacao das Declaracoes do Imposto de Renda das Pessoas Fisicas - 2001. Estatisticas Tributarias 05. Brasilia: Receita Federal, dezembro de 2002.;https://livrozilla.com/doc/1724537/modelo-de-tributa%C3%A7%C3%A3o-%C3%B3tima-da-renda;https://web.archive.org/web/20210609080412id_/http://www.receita.fazenda.gov.br/Publico/estudotributarios/estatisticas/22%20Consolida%20DIRPF%202001.pdf;http://www.receita.fazenda.gov.br/Publico/estudotributarios/estatisticas/22%20Consolida%20DIRPF%202001.pdf;outputs/fontes-pedro-souza-irpf/consolida_dirpf_2001.pdf;outputs/fontes-pedro-souza-irpf/consolida_dirpf_2001_texto_extraido.txt;"A Tabela 4 de Pedro Herculano mapeia o ano-calendario 2000 como Torres (2003), ordenado por RBT e reportando RBT. O anexo de Torres traz dados acumulados por corte de renda tributavel anual: numero de declaracoes acima do corte, valor total da renda tributavel acima do corte em R$ milhoes e renda media em R$ mil. A tabela de intervalos foi derivada por diferenca entre cortes consecutivos; a tabela acumulada preserva a forma publicada. A fonte primaria Consolida DIRPF 2001 foi baixada pelo Wayback Machine e confirma o contexto, ano-calendario 2000 e totais gerais, mas nao traz a distribuicao longa por cortes. Ha pequena diferenca entre o anexo de Torres e o quadro resumo da Receita: Torres soma R$ 276.112,97 milhoes e 13.906.144 declaracoes na linha total, enquanto a Receita informa R$ 276.149,34 milhoes de rendimento tributavel e 13.906.145 declarantes no total geral. A diferenca foi documentada sem harmonizacao artificial.";C34;34;400000;Acima de R$ 400.000,00;acumulado_acima_do_corte;8022;6889.06;6889060.0;858.77;858770.8800797806
2000;2001;Brasil;R$;R$ 1.000.000;R$ 1,00 anuais;torres_2003_dirpf_2001;"Torres, A. M. Modelos de tributacao otima da renda: o calculo de aliquotas marginais assintoticas para o Brasil no ano de 2000. Dissertacao (Mestrado em Economia), Universidade de Brasilia, Brasilia, 2003; copia textual acessivel como monografia IX Premio Tesouro Nacional 2004.";Brasil. Ministerio da Fazenda. Secretaria da Receita Federal. Coordenacao-Geral de Politica Tributaria. Consolida DIRPF 2001: Consolidacao das Declaracoes do Imposto de Renda das Pessoas Fisicas - 2001. Estatisticas Tributarias 05. Brasilia: Receita Federal, dezembro de 2002.;https://livrozilla.com/doc/1724537/modelo-de-tributa%C3%A7%C3%A3o-%C3%B3tima-da-renda;https://web.archive.org/web/20210609080412id_/http://www.receita.fazenda.gov.br/Publico/estudotributarios/estatisticas/22%20Consolida%20DIRPF%202001.pdf;http://www.receita.fazenda.gov.br/Publico/estudotributarios/estatisticas/22%20Consolida%20DIRPF%202001.pdf;outputs/fontes-pedro-souza-irpf/consolida_dirpf_2001.pdf;outputs/fontes-pedro-souza-irpf/consolida_dirpf_2001_texto_extraido.txt;"A Tabela 4 de Pedro Herculano mapeia o ano-calendario 2000 como Torres (2003), ordenado por RBT e reportando RBT. O anexo de Torres traz dados acumulados por corte de renda tributavel anual: numero de declaracoes acima do corte, valor total da renda tributavel acima do corte em R$ milhoes e renda media em R$ mil. A tabela de intervalos foi derivada por diferenca entre cortes consecutivos; a tabela acumulada preserva a forma publicada. A fonte primaria Consolida DIRPF 2001 foi baixada pelo Wayback Machine e confirma o contexto, ano-calendario 2000 e totais gerais, mas nao traz a distribuicao longa por cortes. Ha pequena diferenca entre o anexo de Torres e o quadro resumo da Receita: Torres soma R$ 276.112,97 milhoes e 13.906.144 declaracoes na linha total, enquanto a Receita informa R$ 276.149,34 milhoes de rendimento tributavel e 13.906.145 declarantes no total geral. A diferenca foi documentada sem harmonizacao artificial.";C35;35;500000;Acima de R$ 500.000,00;acumulado_acima_do_corte;5243;5653.47;5653470.0;1078.28;1078289.147434675
2000;2001;Brasil;R$;R$ 1.000.000;R$ 1,00 anuais;torres_2003_dirpf_2001;"Torres, A. M. Modelos de tributacao otima da renda: o calculo de aliquotas marginais assintoticas para o Brasil no ano de 2000. Dissertacao (Mestrado em Economia), Universidade de Brasilia, Brasilia, 2003; copia textual acessivel como monografia IX Premio Tesouro Nacional 2004.";Brasil. Ministerio da Fazenda. Secretaria da Receita Federal. Coordenacao-Geral de Politica Tributaria. Consolida DIRPF 2001: Consolidacao das Declaracoes do Imposto de Renda das Pessoas Fisicas - 2001. Estatisticas Tributarias 05. Brasilia: Receita Federal, dezembro de 2002.;https://livrozilla.com/doc/1724537/modelo-de-tributa%C3%A7%C3%A3o-%C3%B3tima-da-renda;https://web.archive.org/web/20210609080412id_/http://www.receita.fazenda.gov.br/Publico/estudotributarios/estatisticas/22%20Consolida%20DIRPF%202001.pdf;http://www.receita.fazenda.gov.br/Publico/estudotributarios/estatisticas/22%20Consolida%20DIRPF%202001.pdf;outputs/fontes-pedro-souza-irpf/consolida_dirpf_2001.pdf;outputs/fontes-pedro-souza-irpf/consolida_dirpf_2001_texto_extraido.txt;"A Tabela 4 de Pedro Herculano mapeia o ano-calendario 2000 como Torres (2003), ordenado por RBT e reportando RBT. O anexo de Torres traz dados acumulados por corte de renda tributavel anual: numero de declaracoes acima do corte, valor total da renda tributavel acima do corte em R$ milhoes e renda media em R$ mil. A tabela de intervalos foi derivada por diferenca entre cortes consecutivos; a tabela acumulada preserva a forma publicada. A fonte primaria Consolida DIRPF 2001 foi baixada pelo Wayback Machine e confirma o contexto, ano-calendario 2000 e totais gerais, mas nao traz a distribuicao longa por cortes. Ha pequena diferenca entre o anexo de Torres e o quadro resumo da Receita: Torres soma R$ 276.112,97 milhoes e 13.906.144 declaracoes na linha total, enquanto a Receita informa R$ 276.149,34 milhoes de rendimento tributavel e 13.906.145 declarantes no total geral. A diferenca foi documentada sem harmonizacao artificial.";C36;36;750000;Acima de R$ 750.000,00;acumulado_acima_do_corte;2560;4045.77;4045770.0;1580.37;1580378.90625
2000;2001;Brasil;R$;R$ 1.000.000;R$ 1,00 anuais;torres_2003_dirpf_2001;"Torres, A. M. Modelos de tributacao otima da renda: o calculo de aliquotas marginais assintoticas para o Brasil no ano de 2000. Dissertacao (Mestrado em Economia), Universidade de Brasilia, Brasilia, 2003; copia textual acessivel como monografia IX Premio Tesouro Nacional 2004.";Brasil. Ministerio da Fazenda. Secretaria da Receita Federal. Coordenacao-Geral de Politica Tributaria. Consolida DIRPF 2001: Consolidacao das Declaracoes do Imposto de Renda das Pessoas Fisicas - 2001. Estatisticas Tributarias 05. Brasilia: Receita Federal, dezembro de 2002.;https://livrozilla.com/doc/1724537/modelo-de-tributa%C3%A7%C3%A3o-%C3%B3tima-da-renda;https://web.archive.org/web/20210609080412id_/http://www.receita.fazenda.gov.br/Publico/estudotributarios/estatisticas/22%20Consolida%20DIRPF%202001.pdf;http://www.receita.fazenda.gov.br/Publico/estudotributarios/estatisticas/22%20Consolida%20DIRPF%202001.pdf;outputs/fontes-pedro-souza-irpf/consolida_dirpf_2001.pdf;outputs/fontes-pedro-souza-irpf/consolida_dirpf_2001_texto_extraido.txt;"A Tabela 4 de Pedro Herculano mapeia o ano-calendario 2000 como Torres (2003), ordenado por RBT e reportando RBT. O anexo de Torres traz dados acumulados por corte de renda tributavel anual: numero de declaracoes acima do corte, valor total da renda tributavel acima do corte em R$ milhoes e renda media em R$ mil. A tabela de intervalos foi derivada por diferenca entre cortes consecutivos; a tabela acumulada preserva a forma publicada. A fonte primaria Consolida DIRPF 2001 foi baixada pelo Wayback Machine e confirma o contexto, ano-calendario 2000 e totais gerais, mas nao traz a distribuicao longa por cortes. Ha pequena diferenca entre o anexo de Torres e o quadro resumo da Receita: Torres soma R$ 276.112,97 milhoes e 13.906.144 declaracoes na linha total, enquanto a Receita informa R$ 276.149,34 milhoes de rendimento tributavel e 13.906.145 declarantes no total geral. A diferenca foi documentada sem harmonizacao artificial.";C37;37;1000000;Acima de R$ 1.000.000,00;acumulado_acima_do_corte;1521;3147.19;3147190.0;2069.15;2069158.4483892177
2000;2001;Brasil;R$;R$ 1.000.000;R$ 1,00 anuais;torres_2003_dirpf_2001;"Torres, A. M. Modelos de tributacao otima da renda: o calculo de aliquotas marginais assintoticas para o Brasil no ano de 2000. Dissertacao (Mestrado em Economia), Universidade de Brasilia, Brasilia, 2003; copia textual acessivel como monografia IX Premio Tesouro Nacional 2004.";Brasil. Ministerio da Fazenda. Secretaria da Receita Federal. Coordenacao-Geral de Politica Tributaria. Consolida DIRPF 2001: Consolidacao das Declaracoes do Imposto de Renda das Pessoas Fisicas - 2001. Estatisticas Tributarias 05. Brasilia: Receita Federal, dezembro de 2002.;https://livrozilla.com/doc/1724537/modelo-de-tributa%C3%A7%C3%A3o-%C3%B3tima-da-renda;https://web.archive.org/web/20210609080412id_/http://www.receita.fazenda.gov.br/Publico/estudotributarios/estatisticas/22%20Consolida%20DIRPF%202001.pdf;http://www.receita.fazenda.gov.br/Publico/estudotributarios/estatisticas/22%20Consolida%20DIRPF%202001.pdf;outputs/fontes-pedro-souza-irpf/consolida_dirpf_2001.pdf;outputs/fontes-pedro-souza-irpf/consolida_dirpf_2001_texto_extraido.txt;"A Tabela 4 de Pedro Herculano mapeia o ano-calendario 2000 como Torres (2003), ordenado por RBT e reportando RBT. O anexo de Torres traz dados acumulados por corte de renda tributavel anual: numero de declaracoes acima do corte, valor total da renda tributavel acima do corte em R$ milhoes e renda media em R$ mil. A tabela de intervalos foi derivada por diferenca entre cortes consecutivos; a tabela acumulada preserva a forma publicada. A fonte primaria Consolida DIRPF 2001 foi baixada pelo Wayback Machine e confirma o contexto, ano-calendario 2000 e totais gerais, mas nao traz a distribuicao longa por cortes. Ha pequena diferenca entre o anexo de Torres e o quadro resumo da Receita: Torres soma R$ 276.112,97 milhoes e 13.906.144 declaracoes na linha total, enquanto a Receita informa R$ 276.149,34 milhoes de rendimento tributavel e 13.906.145 declarantes no total geral. A diferenca foi documentada sem harmonizacao artificial.";C38;38;2500000;Acima de R$ 2.500.000,00;acumulado_acima_do_corte;306;1421.8;1421800.0;4646.4;4646405.22875817
2000;2001;Brasil;R$;R$ 1.000.000;R$ 1,00 anuais;torres_2003_dirpf_2001;"Torres, A. M. Modelos de tributacao otima da renda: o calculo de aliquotas marginais assintoticas para o Brasil no ano de 2000. Dissertacao (Mestrado em Economia), Universidade de Brasilia, Brasilia, 2003; copia textual acessivel como monografia IX Premio Tesouro Nacional 2004.";Brasil. Ministerio da Fazenda. Secretaria da Receita Federal. Coordenacao-Geral de Politica Tributaria. Consolida DIRPF 2001: Consolidacao das Declaracoes do Imposto de Renda das Pessoas Fisicas - 2001. Estatisticas Tributarias 05. Brasilia: Receita Federal, dezembro de 2002.;https://livrozilla.com/doc/1724537/modelo-de-tributa%C3%A7%C3%A3o-%C3%B3tima-da-renda;https://web.archive.org/web/20210609080412id_/http://www.receita.fazenda.gov.br/Publico/estudotributarios/estatisticas/22%20Consolida%20DIRPF%202001.pdf;http://www.receita.fazenda.gov.br/Publico/estudotributarios/estatisticas/22%20Consolida%20DIRPF%202001.pdf;outputs/fontes-pedro-souza-irpf/consolida_dirpf_2001.pdf;outputs/fontes-pedro-souza-irpf/consolida_dirpf_2001_texto_extraido.txt;"A Tabela 4 de Pedro Herculano mapeia o ano-calendario 2000 como Torres (2003), ordenado por RBT e reportando RBT. O anexo de Torres traz dados acumulados por corte de renda tributavel anual: numero de declaracoes acima do corte, valor total da renda tributavel acima do corte em R$ milhoes e renda media em R$ mil. A tabela de intervalos foi derivada por diferenca entre cortes consecutivos; a tabela acumulada preserva a forma publicada. A fonte primaria Consolida DIRPF 2001 foi baixada pelo Wayback Machine e confirma o contexto, ano-calendario 2000 e totais gerais, mas nao traz a distribuicao longa por cortes. Ha pequena diferenca entre o anexo de Torres e o quadro resumo da Receita: Torres soma R$ 276.112,97 milhoes e 13.906.144 declaracoes na linha total, enquanto a Receita informa R$ 276.149,34 milhoes de rendimento tributavel e 13.906.145 declarantes no total geral. A diferenca foi documentada sem harmonizacao artificial.";C39;39;5000000;Acima de R$ 5.000.000,00;acumulado_acima_do_corte;70;633.77;633770.0;9053.85;9053857.142857144
2000;2001;Brasil;R$;R$ 1.000.000;R$ 1,00 anuais;torres_2003_dirpf_2001;"Torres, A. M. Modelos de tributacao otima da renda: o calculo de aliquotas marginais assintoticas para o Brasil no ano de 2000. Dissertacao (Mestrado em Economia), Universidade de Brasilia, Brasilia, 2003; copia textual acessivel como monografia IX Premio Tesouro Nacional 2004.";Brasil. Ministerio da Fazenda. Secretaria da Receita Federal. Coordenacao-Geral de Politica Tributaria. Consolida DIRPF 2001: Consolidacao das Declaracoes do Imposto de Renda das Pessoas Fisicas - 2001. Estatisticas Tributarias 05. Brasilia: Receita Federal, dezembro de 2002.;https://livrozilla.com/doc/1724537/modelo-de-tributa%C3%A7%C3%A3o-%C3%B3tima-da-renda;https://web.archive.org/web/20210609080412id_/http://www.receita.fazenda.gov.br/Publico/estudotributarios/estatisticas/22%20Consolida%20DIRPF%202001.pdf;http://www.receita.fazenda.gov.br/Publico/estudotributarios/estatisticas/22%20Consolida%20DIRPF%202001.pdf;outputs/fontes-pedro-souza-irpf/consolida_dirpf_2001.pdf;outputs/fontes-pedro-souza-irpf/consolida_dirpf_2001_texto_extraido.txt;"A Tabela 4 de Pedro Herculano mapeia o ano-calendario 2000 como Torres (2003), ordenado por RBT e reportando RBT. O anexo de Torres traz dados acumulados por corte de renda tributavel anual: numero de declaracoes acima do corte, valor total da renda tributavel acima do corte em R$ milhoes e renda media em R$ mil. A tabela de intervalos foi derivada por diferenca entre cortes consecutivos; a tabela acumulada preserva a forma publicada. A fonte primaria Consolida DIRPF 2001 foi baixada pelo Wayback Machine e confirma o contexto, ano-calendario 2000 e totais gerais, mas nao traz a distribuicao longa por cortes. Ha pequena diferenca entre o anexo de Torres e o quadro resumo da Receita: Torres soma R$ 276.112,97 milhoes e 13.906.144 declaracoes na linha total, enquanto a Receita informa R$ 276.149,34 milhoes de rendimento tributavel e 13.906.145 declarantes no total geral. A diferenca foi documentada sem harmonizacao artificial.";C40;40;7500000;Acima de R$ 7.500.000,00;acumulado_acima_do_corte;34;417.08;417080.0;12267.05;12267058.823529411
2000;2001;Brasil;R$;R$ 1.000.000;R$ 1,00 anuais;torres_2003_dirpf_2001;"Torres, A. M. Modelos de tributacao otima da renda: o calculo de aliquotas marginais assintoticas para o Brasil no ano de 2000. Dissertacao (Mestrado em Economia), Universidade de Brasilia, Brasilia, 2003; copia textual acessivel como monografia IX Premio Tesouro Nacional 2004.";Brasil. Ministerio da Fazenda. Secretaria da Receita Federal. Coordenacao-Geral de Politica Tributaria. Consolida DIRPF 2001: Consolidacao das Declaracoes do Imposto de Renda das Pessoas Fisicas - 2001. Estatisticas Tributarias 05. Brasilia: Receita Federal, dezembro de 2002.;https://livrozilla.com/doc/1724537/modelo-de-tributa%C3%A7%C3%A3o-%C3%B3tima-da-renda;https://web.archive.org/web/20210609080412id_/http://www.receita.fazenda.gov.br/Publico/estudotributarios/estatisticas/22%20Consolida%20DIRPF%202001.pdf;http://www.receita.fazenda.gov.br/Publico/estudotributarios/estatisticas/22%20Consolida%20DIRPF%202001.pdf;outputs/fontes-pedro-souza-irpf/consolida_dirpf_2001.pdf;outputs/fontes-pedro-souza-irpf/consolida_dirpf_2001_texto_extraido.txt;"A Tabela 4 de Pedro Herculano mapeia o ano-calendario 2000 como Torres (2003), ordenado por RBT e reportando RBT. O anexo de Torres traz dados acumulados por corte de renda tributavel anual: numero de declaracoes acima do corte, valor total da renda tributavel acima do corte em R$ milhoes e renda media em R$ mil. A tabela de intervalos foi derivada por diferenca entre cortes consecutivos; a tabela acumulada preserva a forma publicada. A fonte primaria Consolida DIRPF 2001 foi baixada pelo Wayback Machine e confirma o contexto, ano-calendario 2000 e totais gerais, mas nao traz a distribuicao longa por cortes. Ha pequena diferenca entre o anexo de Torres e o quadro resumo da Receita: Torres soma R$ 276.112,97 milhoes e 13.906.144 declaracoes na linha total, enquanto a Receita informa R$ 276.149,34 milhoes de rendimento tributavel e 13.906.145 declarantes no total geral. A diferenca foi documentada sem harmonizacao artificial.";C41;41;10000000;Acima de R$ 10.000.000,00;acumulado_acima_do_corte;16;261.73;261730.0;16358.12;16358125.0
