ano_calendario;ano_lancamento;unidade_geografica;codigo_faixa;ordem_faixa;faixa_renda_liquida_cr_mil;limite_inferior_cr_mil;limite_superior_cr_mil;faixa_topo_aberta;pessoas_fisicas_notificadas;renda_liquida_declarada_cr_mil;renda_liquida_media_cr;imposto_notificado_cr_mil;tipo_rendimento;fonte;url_fonte;arquivo_fonte;pagina_pdf;pagina_impressa;observacao
1946;1947;Brasil;F01;1;De mais de 24 a 30;24;30;0;32137;879423;27364.813144;;renda liquida;IBGE, Anuario Estatistico do Brasil 1949, p. 570, Tabela b;https://biblioteca.ibge.gov.br/visualizacao/periodicos/20/aeb_1949.pdf;outputs/fontes-pedro-souza-irpf/aeb_1949.pdf;603;570;
1946;1947;Brasil;F02;2;De mais de 30 a 60;30;60;0;76433;3210140;41999.398166;;renda liquida;IBGE, Anuario Estatistico do Brasil 1949, p. 570, Tabela b;https://biblioteca.ibge.gov.br/visualizacao/periodicos/20/aeb_1949.pdf;outputs/fontes-pedro-souza-irpf/aeb_1949.pdf;603;570;
1946;1947;Brasil;F03;3;De mais de 60 a 90;60;90;0;23733;1867199;78675.220158;;renda liquida;IBGE, Anuario Estatistico do Brasil 1949, p. 570, Tabela b;https://biblioteca.ibge.gov.br/visualizacao/periodicos/20/aeb_1949.pdf;outputs/fontes-pedro-souza-irpf/aeb_1949.pdf;603;570;
1946;1947;Brasil;F04;4;De mais de 90 a 120;90;120;0;12483;1297342;103928.703036;;renda liquida;IBGE, Anuario Estatistico do Brasil 1949, p. 570, Tabela b;https://biblioteca.ibge.gov.br/visualizacao/periodicos/20/aeb_1949.pdf;outputs/fontes-pedro-souza-irpf/aeb_1949.pdf;603;570;
1946;1947;Brasil;F05;5;De mais de 120 a 150;120;150;0;7070;951187;134538.472419;;renda liquida;IBGE, Anuario Estatistico do Brasil 1949, p. 570, Tabela b;https://biblioteca.ibge.gov.br/visualizacao/periodicos/20/aeb_1949.pdf;outputs/fontes-pedro-souza-irpf/aeb_1949.pdf;603;570;
1946;1947;Brasil;F06;6;De mais de 150 a 200;150;200;0;6717;1156215;172132.648504;;renda liquida;IBGE, Anuario Estatistico do Brasil 1949, p. 570, Tabela b;https://biblioteca.ibge.gov.br/visualizacao/periodicos/20/aeb_1949.pdf;outputs/fontes-pedro-souza-irpf/aeb_1949.pdf;603;570;
1946;1947;Brasil;F07;7;De mais de 200 a 300;200;300;0;5731;1382449;241222.997732;;renda liquida;IBGE, Anuario Estatistico do Brasil 1949, p. 570, Tabela b;https://biblioteca.ibge.gov.br/visualizacao/periodicos/20/aeb_1949.pdf;outputs/fontes-pedro-souza-irpf/aeb_1949.pdf;603;570;
1946;1947;Brasil;F08;8;De mais de 300 a 400;300;400;0;2457;846836;344662.596663;;renda liquida;IBGE, Anuario Estatistico do Brasil 1949, p. 570, Tabela b;https://biblioteca.ibge.gov.br/visualizacao/periodicos/20/aeb_1949.pdf;outputs/fontes-pedro-souza-irpf/aeb_1949.pdf;603;570;
1946;1947;Brasil;F09;9;De mais de 400 a 500;400;500;0;1348;597189;443018.545994;;renda liquida;IBGE, Anuario Estatistico do Brasil 1949, p. 570, Tabela b;https://biblioteca.ibge.gov.br/visualizacao/periodicos/20/aeb_1949.pdf;outputs/fontes-pedro-souza-irpf/aeb_1949.pdf;603;570;
1946;1947;Brasil;F10;10;De mais de 500 a 600;500;600;0;766;416599;543862.924282;;renda liquida;IBGE, Anuario Estatistico do Brasil 1949, p. 570, Tabela b;https://biblioteca.ibge.gov.br/visualizacao/periodicos/20/aeb_1949.pdf;outputs/fontes-pedro-souza-irpf/aeb_1949.pdf;603;570;
1946;1947;Brasil;F11;11;De mais de 600 a 700;600;700;0;483;309638;641072.463768;;renda liquida;IBGE, Anuario Estatistico do Brasil 1949, p. 570, Tabela b;https://biblioteca.ibge.gov.br/visualizacao/periodicos/20/aeb_1949.pdf;outputs/fontes-pedro-souza-irpf/aeb_1949.pdf;603;570;
1946;1947;Brasil;F12;12;De mais de 700 a 1000;700;1000;0;765;631824;825913.72549;;renda liquida;IBGE, Anuario Estatistico do Brasil 1949, p. 570, Tabela b;https://biblioteca.ibge.gov.br/visualizacao/periodicos/20/aeb_1949.pdf;outputs/fontes-pedro-souza-irpf/aeb_1949.pdf;603;570;
1946;1947;Brasil;F13;13;De mais de 1000 a 2000;1000;2000;0;509;678184;1332385.068762;;renda liquida;IBGE, Anuario Estatistico do Brasil 1949, p. 570, Tabela b;https://biblioteca.ibge.gov.br/visualizacao/periodicos/20/aeb_1949.pdf;outputs/fontes-pedro-souza-irpf/aeb_1949.pdf;603;570;
1946;1947;Brasil;F14;14;De mais de 2000 a 3000;2000;3000;0;116;277156;2389275.862069;;renda liquida;IBGE, Anuario Estatistico do Brasil 1949, p. 570, Tabela b;https://biblioteca.ibge.gov.br/visualizacao/periodicos/20/aeb_1949.pdf;outputs/fontes-pedro-souza-irpf/aeb_1949.pdf;603;570;
1946;1947;Brasil;F15;15;Mais de 3000;3000;;1;68;400285;5886544.117647;;renda liquida;IBGE, Anuario Estatistico do Brasil 1949, p. 570, Tabela b;https://biblioteca.ibge.gov.br/visualizacao/periodicos/20/aeb_1949.pdf;outputs/fontes-pedro-souza-irpf/aeb_1949.pdf;603;570;
1947;1948;Brasil;F01;1;De mais de 24 a 30;24;30;0;31161;844056;27086.935593;15195;renda liquida;IBGE, Anuario Estatistico do Brasil 1949, p. 570, Tabela b;https://biblioteca.ibge.gov.br/visualizacao/periodicos/20/aeb_1949.pdf;outputs/fontes-pedro-souza-irpf/aeb_1949.pdf;603;570;
1947;1948;Brasil;F02;2;De mais de 30 a 60;30;60;0;76657;3203641;41791.891151;85245;renda liquida;IBGE, Anuario Estatistico do Brasil 1949, p. 570, Tabela b;https://biblioteca.ibge.gov.br/visualizacao/periodicos/20/aeb_1949.pdf;outputs/fontes-pedro-souza-irpf/aeb_1949.pdf;603;570;
1947;1948;Brasil;F03;3;De mais de 60 a 90;60;90;0;25908;1901013;73375.521075;73639;renda liquida;IBGE, Anuario Estatistico do Brasil 1949, p. 570, Tabela b;https://biblioteca.ibge.gov.br/visualizacao/periodicos/20/aeb_1949.pdf;outputs/fontes-pedro-souza-irpf/aeb_1949.pdf;603;570;
1947;1948;Brasil;F04;4;De mais de 90 a 120;90;120;0;12247;1267712;103512.043766;62014;renda liquida;IBGE, Anuario Estatistico do Brasil 1949, p. 570, Tabela b;https://biblioteca.ibge.gov.br/visualizacao/periodicos/20/aeb_1949.pdf;outputs/fontes-pedro-souza-irpf/aeb_1949.pdf;603;570;
1947;1948;Brasil;F05;5;De mais de 120 a 150;120;150;0;7291;976261;133899.465094;57674;renda liquida;IBGE, Anuario Estatistico do Brasil 1949, p. 570, Tabela b;https://biblioteca.ibge.gov.br/visualizacao/periodicos/20/aeb_1949.pdf;outputs/fontes-pedro-souza-irpf/aeb_1949.pdf;603;570;
1947;1948;Brasil;F06;6;De mais de 150 a 200;150;200;0;6665;1153499;173068.117029;85003;renda liquida;IBGE, Anuario Estatistico do Brasil 1949, p. 570, Tabela b;https://biblioteca.ibge.gov.br/visualizacao/periodicos/20/aeb_1949.pdf;outputs/fontes-pedro-souza-irpf/aeb_1949.pdf;603;570;
1947;1948;Brasil;F07;7;De mais de 200 a 300;200;300;0;5750;1400542;243572.521739;136071;renda liquida;IBGE, Anuario Estatistico do Brasil 1949, p. 570, Tabela b;https://biblioteca.ibge.gov.br/visualizacao/periodicos/20/aeb_1949.pdf;outputs/fontes-pedro-souza-irpf/aeb_1949.pdf;603;570;
1947;1948;Brasil;F08;8;De mais de 300 a 400;300;400;0;2480;854689;344632.66129;103317;renda liquida;IBGE, Anuario Estatistico do Brasil 1949, p. 570, Tabela b;https://biblioteca.ibge.gov.br/visualizacao/periodicos/20/aeb_1949.pdf;outputs/fontes-pedro-souza-irpf/aeb_1949.pdf;603;570;
1947;1948;Brasil;F09;9;De mais de 400 a 500;400;500;0;1267;564669;445674.033149;79216;renda liquida;IBGE, Anuario Estatistico do Brasil 1949, p. 570, Tabela b;https://biblioteca.ibge.gov.br/visualizacao/periodicos/20/aeb_1949.pdf;outputs/fontes-pedro-souza-irpf/aeb_1949.pdf;603;570;
1947;1948;Brasil;F10;10;De mais de 500 a 600;500;600;0;734;400153;545167.574932;63423;renda liquida;IBGE, Anuario Estatistico do Brasil 1949, p. 570, Tabela b;https://biblioteca.ibge.gov.br/visualizacao/periodicos/20/aeb_1949.pdf;outputs/fontes-pedro-souza-irpf/aeb_1949.pdf;603;570;
1947;1948;Brasil;F11;11;De mais de 600 a 700;600;700;0;433;280196;647103.926097;49396;renda liquida;IBGE, Anuario Estatistico do Brasil 1949, p. 570, Tabela b;https://biblioteca.ibge.gov.br/visualizacao/periodicos/20/aeb_1949.pdf;outputs/fontes-pedro-souza-irpf/aeb_1949.pdf;603;570;
1947;1948;Brasil;F12;12;De mais de 700 a 1000;700;1000;0;627;515565;822272.727273;104022;renda liquida;IBGE, Anuario Estatistico do Brasil 1949, p. 570, Tabela b;https://biblioteca.ibge.gov.br/visualizacao/periodicos/20/aeb_1949.pdf;outputs/fontes-pedro-souza-irpf/aeb_1949.pdf;603;570;
1947;1948;Brasil;F13;13;De mais de 1000 a 2000;1000;2000;0;480;643062;1339712.5;165721;renda liquida;IBGE, Anuario Estatistico do Brasil 1949, p. 570, Tabela b;https://biblioteca.ibge.gov.br/visualizacao/periodicos/20/aeb_1949.pdf;outputs/fontes-pedro-souza-irpf/aeb_1949.pdf;603;570;
1947;1948;Brasil;F14;14;De mais de 2000 a 3000;2000;3000;0;78;180670;2316282.051282;55116;renda liquida;IBGE, Anuario Estatistico do Brasil 1949, p. 570, Tabela b;https://biblioteca.ibge.gov.br/visualizacao/periodicos/20/aeb_1949.pdf;outputs/fontes-pedro-souza-irpf/aeb_1949.pdf;603;570;
1947;1948;Brasil;F15;15;Mais de 3000;3000;;1;43;180089;4188116.27907;68275;renda liquida;IBGE, Anuario Estatistico do Brasil 1949, p. 570, Tabela b;https://biblioteca.ibge.gov.br/visualizacao/periodicos/20/aeb_1949.pdf;outputs/fontes-pedro-souza-irpf/aeb_1949.pdf;603;570;
1948;1949;Brasil;F01;1;De mais de 24 a 30;24;30;0;37136;1004402;27046.585523;18410;renda liquida;IBGE, Anuario Estatistico do Brasil 1950, p. 496, Tabela b;https://biblioteca.ibge.gov.br/visualizacao/periodicos/20/aeb_1950.pdf;outputs/fontes-pedro-souza-irpf/aeb_1950.pdf;512;496;
1948;1949;Brasil;F02;2;De mais de 30 a 60;30;60;0;90389;3699398;40927.524367;104023;renda liquida;IBGE, Anuario Estatistico do Brasil 1950, p. 496, Tabela b;https://biblioteca.ibge.gov.br/visualizacao/periodicos/20/aeb_1950.pdf;outputs/fontes-pedro-souza-irpf/aeb_1950.pdf;512;496;
1948;1949;Brasil;F03;3;De mais de 60 a 90;60;90;0;29515;2165861;73381.704218;85261;renda liquida;IBGE, Anuario Estatistico do Brasil 1950, p. 496, Tabela b;https://biblioteca.ibge.gov.br/visualizacao/periodicos/20/aeb_1950.pdf;outputs/fontes-pedro-souza-irpf/aeb_1950.pdf;512;496;
1948;1949;Brasil;F04;4;De mais de 90 a 120;90;120;0;14191;1473532;103835.670495;73750;renda liquida;IBGE, Anuario Estatistico do Brasil 1950, p. 496, Tabela b;https://biblioteca.ibge.gov.br/visualizacao/periodicos/20/aeb_1950.pdf;outputs/fontes-pedro-souza-irpf/aeb_1950.pdf;512;496;
1948;1949;Brasil;F05;5;De mais de 120 a 150;120;150;0;8302;1113519;134126.596001;67309;renda liquida;IBGE, Anuario Estatistico do Brasil 1950, p. 496, Tabela b;https://biblioteca.ibge.gov.br/visualizacao/periodicos/20/aeb_1950.pdf;outputs/fontes-pedro-souza-irpf/aeb_1950.pdf;512;496;
1948;1949;Brasil;F06;6;De mais de 150 a 200;150;200;0;7552;1303648;172622.881356;97183;renda liquida;IBGE, Anuario Estatistico do Brasil 1950, p. 496, Tabela b;https://biblioteca.ibge.gov.br/visualizacao/periodicos/20/aeb_1950.pdf;outputs/fontes-pedro-souza-irpf/aeb_1950.pdf;512;496;
1948;1949;Brasil;F07;7;De mais de 200 a 300;200;300;0;6653;1615138;242768.375169;159062;renda liquida;IBGE, Anuario Estatistico do Brasil 1950, p. 496, Tabela b;https://biblioteca.ibge.gov.br/visualizacao/periodicos/20/aeb_1950.pdf;outputs/fontes-pedro-souza-irpf/aeb_1950.pdf;512;496;
1948;1949;Brasil;F08;8;De mais de 300 a 400;300;400;0;2851;980984;344084.180989;119727;renda liquida;IBGE, Anuario Estatistico do Brasil 1950, p. 496, Tabela b;https://biblioteca.ibge.gov.br/visualizacao/periodicos/20/aeb_1950.pdf;outputs/fontes-pedro-souza-irpf/aeb_1950.pdf;512;496;
1948;1949;Brasil;F09;9;De mais de 400 a 500;400;500;0;1511;673073;445448.709464;95000;renda liquida;IBGE, Anuario Estatistico do Brasil 1950, p. 496, Tabela b;https://biblioteca.ibge.gov.br/visualizacao/periodicos/20/aeb_1950.pdf;outputs/fontes-pedro-souza-irpf/aeb_1950.pdf;512;496;
1948;1949;Brasil;F10;10;De mais de 500 a 600;500;600;0;828;451715;545549.516908;72912;renda liquida;IBGE, Anuario Estatistico do Brasil 1950, p. 496, Tabela b;https://biblioteca.ibge.gov.br/visualizacao/periodicos/20/aeb_1950.pdf;outputs/fontes-pedro-souza-irpf/aeb_1950.pdf;512;496;
1948;1949;Brasil;F11;11;De mais de 600 a 700;600;700;0;487;308864;634217.659138;53936;renda liquida;IBGE, Anuario Estatistico do Brasil 1950, p. 496, Tabela b;https://biblioteca.ibge.gov.br/visualizacao/periodicos/20/aeb_1950.pdf;outputs/fontes-pedro-souza-irpf/aeb_1950.pdf;512;496;
1948;1949;Brasil;F12;12;De mais de 700 a 1000;700;1000;0;645;529829;821440.310078;107818;renda liquida;IBGE, Anuario Estatistico do Brasil 1950, p. 496, Tabela b;https://biblioteca.ibge.gov.br/visualizacao/periodicos/20/aeb_1950.pdf;outputs/fontes-pedro-souza-irpf/aeb_1950.pdf;512;496;
1948;1949;Brasil;F13;13;De mais de 1000 a 2000;1000;2000;0;442;581622;1315886.877828;149200;renda liquida;IBGE, Anuario Estatistico do Brasil 1950, p. 496, Tabela b;https://biblioteca.ibge.gov.br/visualizacao/periodicos/20/aeb_1950.pdf;outputs/fontes-pedro-souza-irpf/aeb_1950.pdf;512;496;
1948;1949;Brasil;F14;14;De mais de 2000 a 3000;2000;3000;0;64;158778;2480906.25;50480;renda liquida;IBGE, Anuario Estatistico do Brasil 1950, p. 496, Tabela b;https://biblioteca.ibge.gov.br/visualizacao/periodicos/20/aeb_1950.pdf;outputs/fontes-pedro-souza-irpf/aeb_1950.pdf;512;496;
1948;1949;Brasil;F15;15;Mais de 3000;3000;;1;34;149789;4405558.823529;57855;renda liquida;IBGE, Anuario Estatistico do Brasil 1950, p. 496, Tabela b;https://biblioteca.ibge.gov.br/visualizacao/periodicos/20/aeb_1950.pdf;outputs/fontes-pedro-souza-irpf/aeb_1950.pdf;512;496;
1949;1950;Brasil;F01;1;De mais de 24 a 30;24;30;0;44604;1214441;27227.176935;23400;renda liquida;IBGE, Anuario Estatistico do Brasil 1951, p. 506, Tabela b;https://biblioteca.ibge.gov.br/visualizacao/periodicos/20/aeb_1951.pdf;outputs/fontes-pedro-souza-irpf/aeb_1951.pdf;529;506;
1949;1950;Brasil;F02;2;De mais de 30 a 60;30;60;0;106834;4451199;41664.629238;118998;renda liquida;IBGE, Anuario Estatistico do Brasil 1951, p. 506, Tabela b;https://biblioteca.ibge.gov.br/visualizacao/periodicos/20/aeb_1951.pdf;outputs/fontes-pedro-souza-irpf/aeb_1951.pdf;529;506;
1949;1950;Brasil;F03;3;De mais de 60 a 90;60;90;0;34869;2525366;72424.388425;100477;renda liquida;IBGE, Anuario Estatistico do Brasil 1951, p. 506, Tabela b;https://biblioteca.ibge.gov.br/visualizacao/periodicos/20/aeb_1951.pdf;outputs/fontes-pedro-souza-irpf/aeb_1951.pdf;529;506;
1949;1950;Brasil;F04;4;De mais de 90 a 120;90;120;0;16599;1719530;103592.385083;85389;renda liquida;IBGE, Anuario Estatistico do Brasil 1951, p. 506, Tabela b;https://biblioteca.ibge.gov.br/visualizacao/periodicos/20/aeb_1951.pdf;outputs/fontes-pedro-souza-irpf/aeb_1951.pdf;529;506;
1949;1950;Brasil;F05;5;De mais de 120 a 150;120;150;0;9496;1271274;133874.684078;77411;renda liquida;IBGE, Anuario Estatistico do Brasil 1951, p. 506, Tabela b;https://biblioteca.ibge.gov.br/visualizacao/periodicos/20/aeb_1951.pdf;outputs/fontes-pedro-souza-irpf/aeb_1951.pdf;529;506;
1949;1950;Brasil;F06;6;De mais de 150 a 200;150;200;0;8427;1453504;172481.78474;109880;renda liquida;IBGE, Anuario Estatistico do Brasil 1951, p. 506, Tabela b;https://biblioteca.ibge.gov.br/visualizacao/periodicos/20/aeb_1951.pdf;outputs/fontes-pedro-souza-irpf/aeb_1951.pdf;529;506;
1949;1950;Brasil;F07;7;De mais de 200 a 300;200;300;0;7168;1789865;249702.148438;178362;renda liquida;IBGE, Anuario Estatistico do Brasil 1951, p. 506, Tabela b;https://biblioteca.ibge.gov.br/visualizacao/periodicos/20/aeb_1951.pdf;outputs/fontes-pedro-souza-irpf/aeb_1951.pdf;529;506;
1949;1950;Brasil;F08;8;De mais de 300 a 400;300;400;0;3191;1096861;343735.819492;134297;renda liquida;IBGE, Anuario Estatistico do Brasil 1951, p. 506, Tabela b;https://biblioteca.ibge.gov.br/visualizacao/periodicos/20/aeb_1951.pdf;outputs/fontes-pedro-souza-irpf/aeb_1951.pdf;529;506;
1949;1950;Brasil;F09;9;De mais de 400 a 500;400;500;0;1618;720006;444997.527812;102361;renda liquida;IBGE, Anuario Estatistico do Brasil 1951, p. 506, Tabela b;https://biblioteca.ibge.gov.br/visualizacao/periodicos/20/aeb_1951.pdf;outputs/fontes-pedro-souza-irpf/aeb_1951.pdf;529;506;
1949;1950;Brasil;F10;10;De mais de 500 a 600;500;600;0;901;492504;546619.311876;79344;renda liquida;IBGE, Anuario Estatistico do Brasil 1951, p. 506, Tabela b;https://biblioteca.ibge.gov.br/visualizacao/periodicos/20/aeb_1951.pdf;outputs/fontes-pedro-souza-irpf/aeb_1951.pdf;529;506;
1949;1950;Brasil;F11;11;De mais de 600 a 700;600;700;0;558;362299;649281.362007;64813;renda liquida;IBGE, Anuario Estatistico do Brasil 1951, p. 506, Tabela b;https://biblioteca.ibge.gov.br/visualizacao/periodicos/20/aeb_1951.pdf;outputs/fontes-pedro-souza-irpf/aeb_1951.pdf;529;506;
1949;1950;Brasil;F12;12;De mais de 700 a 1000;700;1000;0;794;651916;821052.896725;133409;renda liquida;IBGE, Anuario Estatistico do Brasil 1951, p. 506, Tabela b;https://biblioteca.ibge.gov.br/visualizacao/periodicos/20/aeb_1951.pdf;outputs/fontes-pedro-souza-irpf/aeb_1951.pdf;529;506;
1949;1950;Brasil;F13;13;De mais de 1000 a 2000;1000;2000;0;465;611794;1315686.021505;156917;renda liquida;IBGE, Anuario Estatistico do Brasil 1951, p. 506, Tabela b;https://biblioteca.ibge.gov.br/visualizacao/periodicos/20/aeb_1951.pdf;outputs/fontes-pedro-souza-irpf/aeb_1951.pdf;529;506;
1949;1950;Brasil;F14;14;De mais de 2000 a 3000;2000;3000;0;61;146628;2403737.704918;45628;renda liquida;IBGE, Anuario Estatistico do Brasil 1951, p. 506, Tabela b;https://biblioteca.ibge.gov.br/visualizacao/periodicos/20/aeb_1951.pdf;outputs/fontes-pedro-souza-irpf/aeb_1951.pdf;529;506;
1949;1950;Brasil;F15;15;Mais de 3000;3000;;1;38;157055;4133026.315789;58635;renda liquida;IBGE, Anuario Estatistico do Brasil 1951, p. 506, Tabela b;https://biblioteca.ibge.gov.br/visualizacao/periodicos/20/aeb_1951.pdf;outputs/fontes-pedro-souza-irpf/aeb_1951.pdf;529;506;
1950;1951;Brasil;F01;1;De mais de 24 a 30;24;30;0;47278;1298106;27456.872118;27852;renda liquida;IBGE, Anuario Estatistico do Brasil 1952, p. 515, Tabela d;https://biblioteca.ibge.gov.br/visualizacao/periodicos/20/aeb_1952.pdf;outputs/fontes-pedro-souza-irpf/aeb_1952.pdf;530;515;
1950;1951;Brasil;F02;2;De mais de 30 a 60;30;60;0;121283;5073337;41830.569824;140115;renda liquida;IBGE, Anuario Estatistico do Brasil 1952, p. 515, Tabela d;https://biblioteca.ibge.gov.br/visualizacao/periodicos/20/aeb_1952.pdf;outputs/fontes-pedro-souza-irpf/aeb_1952.pdf;530;515;
1950;1951;Brasil;F03;3;De mais de 60 a 90;60;90;0;42383;3174035;74889.342425;129509;renda liquida;IBGE, Anuario Estatistico do Brasil 1952, p. 515, Tabela d;https://biblioteca.ibge.gov.br/visualizacao/periodicos/20/aeb_1952.pdf;outputs/fontes-pedro-souza-irpf/aeb_1952.pdf;530;515;
1950;1951;Brasil;F04;4;De mais de 90 a 120;90;120;0;21326;2237379;104913.204539;113219;renda liquida;IBGE, Anuario Estatistico do Brasil 1952, p. 515, Tabela d;https://biblioteca.ibge.gov.br/visualizacao/periodicos/20/aeb_1952.pdf;outputs/fontes-pedro-souza-irpf/aeb_1952.pdf;530;515;
1950;1951;Brasil;F05;5;De mais de 120 a 150;120;150;0;11805;1591438;134810.504024;97544;renda liquida;IBGE, Anuario Estatistico do Brasil 1952, p. 515, Tabela d;https://biblioteca.ibge.gov.br/visualizacao/periodicos/20/aeb_1952.pdf;outputs/fontes-pedro-souza-irpf/aeb_1952.pdf;530;515;
1950;1951;Brasil;F06;6;De mais de 150 a 200;150;200;0;10876;1929963;177451.544686;146639;renda liquida;IBGE, Anuario Estatistico do Brasil 1952, p. 515, Tabela d;https://biblioteca.ibge.gov.br/visualizacao/periodicos/20/aeb_1952.pdf;outputs/fontes-pedro-souza-irpf/aeb_1952.pdf;530;515;
1950;1951;Brasil;F07;7;De mais de 200 a 300;200;300;0;9984;2464802;246875.200321;241131;renda liquida;IBGE, Anuario Estatistico do Brasil 1952, p. 515, Tabela d;https://biblioteca.ibge.gov.br/visualizacao/periodicos/20/aeb_1952.pdf;outputs/fontes-pedro-souza-irpf/aeb_1952.pdf;530;515;
1950;1951;Brasil;F08;8;De mais de 300 a 400;300;400;0;4196;1470262;350396.091516;177464;renda liquida;IBGE, Anuario Estatistico do Brasil 1952, p. 515, Tabela d;https://biblioteca.ibge.gov.br/visualizacao/periodicos/20/aeb_1952.pdf;outputs/fontes-pedro-souza-irpf/aeb_1952.pdf;530;515;
1950;1951;Brasil;F09;9;De mais de 400 a 500;400;500;0;2178;991782;455363.636364;140104;renda liquida;IBGE, Anuario Estatistico do Brasil 1952, p. 515, Tabela d;https://biblioteca.ibge.gov.br/visualizacao/periodicos/20/aeb_1952.pdf;outputs/fontes-pedro-souza-irpf/aeb_1952.pdf;530;515;
1950;1951;Brasil;F10;10;De mais de 500 a 600;500;600;0;1330;732487;550742.105263;115662;renda liquida;IBGE, Anuario Estatistico do Brasil 1952, p. 515, Tabela d;https://biblioteca.ibge.gov.br/visualizacao/periodicos/20/aeb_1952.pdf;outputs/fontes-pedro-souza-irpf/aeb_1952.pdf;530;515;
1950;1951;Brasil;F11;11;De mais de 600 a 700;600;700;0;752;486232;646585.106383;84992;renda liquida;IBGE, Anuario Estatistico do Brasil 1952, p. 515, Tabela d;https://biblioteca.ibge.gov.br/visualizacao/periodicos/20/aeb_1952.pdf;outputs/fontes-pedro-souza-irpf/aeb_1952.pdf;530;515;
1950;1951;Brasil;F12;12;De mais de 700 a 1000;700;1000;0;1104;937597;849272.644928;192372;renda liquida;IBGE, Anuario Estatistico do Brasil 1952, p. 515, Tabela d;https://biblioteca.ibge.gov.br/visualizacao/periodicos/20/aeb_1952.pdf;outputs/fontes-pedro-souza-irpf/aeb_1952.pdf;530;515;
1950;1951;Brasil;F13;13;De mais de 1000 a 2000;1000;2000;0;653;847338;1297607.963247;214969;renda liquida;IBGE, Anuario Estatistico do Brasil 1952, p. 515, Tabela d;https://biblioteca.ibge.gov.br/visualizacao/periodicos/20/aeb_1952.pdf;outputs/fontes-pedro-souza-irpf/aeb_1952.pdf;530;515;
1950;1951;Brasil;F14;14;De mais de 2000 a 3000;2000;3000;0;71;169275;2384154.929577;53363;renda liquida;IBGE, Anuario Estatistico do Brasil 1952, p. 515, Tabela d;https://biblioteca.ibge.gov.br/visualizacao/periodicos/20/aeb_1952.pdf;outputs/fontes-pedro-souza-irpf/aeb_1952.pdf;530;515;
1950;1951;Brasil;F15;15;Mais de 3000;3000;;1;45;233461;5188022.222222;93749;renda liquida;IBGE, Anuario Estatistico do Brasil 1952, p. 515, Tabela d;https://biblioteca.ibge.gov.br/visualizacao/periodicos/20/aeb_1952.pdf;outputs/fontes-pedro-souza-irpf/aeb_1952.pdf;530;515;
1951;1952;Brasil;F02;1;De mais de 30 a 60;30;60;0;120817;5120652;42383.53874;;renda liquida;IBGE, Anuario Estatistico do Brasil 1953, p. 444, Tabela c;https://biblioteca.ibge.gov.br/visualizacao/periodicos/20/aeb_1953.pdf;outputs/fontes-pedro-souza-irpf/aeb_1953.pdf;469;444;"A soma das classes publicadas tem 246017 contribuintes; o total publicado e 249017."
1951;1952;Brasil;F03;2;De mais de 60 a 90;60;90;0;47225;3456399;73190.026469;;renda liquida;IBGE, Anuario Estatistico do Brasil 1953, p. 444, Tabela c;https://biblioteca.ibge.gov.br/visualizacao/periodicos/20/aeb_1953.pdf;outputs/fontes-pedro-souza-irpf/aeb_1953.pdf;469;444;"A soma das classes publicadas tem 246017 contribuintes; o total publicado e 249017."
1951;1952;Brasil;F04;3;De mais de 90 a 120;90;120;0;21504;2559676;119032.552083;;renda liquida;IBGE, Anuario Estatistico do Brasil 1953, p. 444, Tabela c;https://biblioteca.ibge.gov.br/visualizacao/periodicos/20/aeb_1953.pdf;outputs/fontes-pedro-souza-irpf/aeb_1953.pdf;469;444;"A soma das classes publicadas tem 246017 contribuintes; o total publicado e 249017."
1951;1952;Brasil;F05;4;De mais de 120 a 150;120;150;0;14443;1932739;133818.389531;;renda liquida;IBGE, Anuario Estatistico do Brasil 1953, p. 444, Tabela c;https://biblioteca.ibge.gov.br/visualizacao/periodicos/20/aeb_1953.pdf;outputs/fontes-pedro-souza-irpf/aeb_1953.pdf;469;444;"A soma das classes publicadas tem 246017 contribuintes; o total publicado e 249017."
1951;1952;Brasil;F06;5;De mais de 150 a 200;150;200;0;13759;2375136;172624.173268;;renda liquida;IBGE, Anuario Estatistico do Brasil 1953, p. 444, Tabela c;https://biblioteca.ibge.gov.br/visualizacao/periodicos/20/aeb_1953.pdf;outputs/fontes-pedro-souza-irpf/aeb_1953.pdf;469;444;"A soma das classes publicadas tem 246017 contribuintes; o total publicado e 249017."
1951;1952;Brasil;F07;6;De mais de 200 a 300;200;300;0;13202;3210337;243170.504469;;renda liquida;IBGE, Anuario Estatistico do Brasil 1953, p. 444, Tabela c;https://biblioteca.ibge.gov.br/visualizacao/periodicos/20/aeb_1953.pdf;outputs/fontes-pedro-souza-irpf/aeb_1953.pdf;469;444;"A soma das classes publicadas tem 246017 contribuintes; o total publicado e 249017."
1951;1952;Brasil;F08;7;De mais de 300 a 400;300;400;0;5884;2027284;344541.808294;;renda liquida;IBGE, Anuario Estatistico do Brasil 1953, p. 444, Tabela c;https://biblioteca.ibge.gov.br/visualizacao/periodicos/20/aeb_1953.pdf;outputs/fontes-pedro-souza-irpf/aeb_1953.pdf;469;444;"A soma das classes publicadas tem 246017 contribuintes; o total publicado e 249017."
1951;1952;Brasil;F09;8;De mais de 400 a 500;400;500;0;3071;1371806;446696.84142;;renda liquida;IBGE, Anuario Estatistico do Brasil 1953, p. 444, Tabela c;https://biblioteca.ibge.gov.br/visualizacao/periodicos/20/aeb_1953.pdf;outputs/fontes-pedro-souza-irpf/aeb_1953.pdf;469;444;"A soma das classes publicadas tem 246017 contribuintes; o total publicado e 249017."
1951;1952;Brasil;F10;9;De mais de 500 a 600;500;600;0;1874;1025915;547446.638207;;renda liquida;IBGE, Anuario Estatistico do Brasil 1953, p. 444, Tabela c;https://biblioteca.ibge.gov.br/visualizacao/periodicos/20/aeb_1953.pdf;outputs/fontes-pedro-souza-irpf/aeb_1953.pdf;469;444;"A soma das classes publicadas tem 246017 contribuintes; o total publicado e 249017."
1951;1952;Brasil;F11;10;De mais de 600 a 700;600;700;0;1144;740989;647717.657343;;renda liquida;IBGE, Anuario Estatistico do Brasil 1953, p. 444, Tabela c;https://biblioteca.ibge.gov.br/visualizacao/periodicos/20/aeb_1953.pdf;outputs/fontes-pedro-souza-irpf/aeb_1953.pdf;469;444;"A soma das classes publicadas tem 246017 contribuintes; o total publicado e 249017."
1951;1952;Brasil;F12;11;De mais de 700 a 1000;700;1000;0;1707;1401436;820993.555946;;renda liquida;IBGE, Anuario Estatistico do Brasil 1953, p. 444, Tabela c;https://biblioteca.ibge.gov.br/visualizacao/periodicos/20/aeb_1953.pdf;outputs/fontes-pedro-souza-irpf/aeb_1953.pdf;469;444;"A soma das classes publicadas tem 246017 contribuintes; o total publicado e 249017."
1951;1952;Brasil;F13;12;De mais de 1000 a 2000;1000;2000;0;1133;1502279;1325930.27361;;renda liquida;IBGE, Anuario Estatistico do Brasil 1953, p. 444, Tabela c;https://biblioteca.ibge.gov.br/visualizacao/periodicos/20/aeb_1953.pdf;outputs/fontes-pedro-souza-irpf/aeb_1953.pdf;469;444;"A soma das classes publicadas tem 246017 contribuintes; o total publicado e 249017."
1951;1952;Brasil;F14;13;De mais de 2000 a 3000;2000;3000;0;167;393578;2356754.491018;;renda liquida;IBGE, Anuario Estatistico do Brasil 1953, p. 444, Tabela c;https://biblioteca.ibge.gov.br/visualizacao/periodicos/20/aeb_1953.pdf;outputs/fontes-pedro-souza-irpf/aeb_1953.pdf;469;444;"A soma das classes publicadas tem 246017 contribuintes; o total publicado e 249017."
1951;1952;Brasil;F15;14;Mais de 3000;3000;;1;87;447776;5146850.574713;;renda liquida;IBGE, Anuario Estatistico do Brasil 1953, p. 444, Tabela c;https://biblioteca.ibge.gov.br/visualizacao/periodicos/20/aeb_1953.pdf;outputs/fontes-pedro-souza-irpf/aeb_1953.pdf;469;444;"A soma das classes publicadas tem 246017 contribuintes; o total publicado e 249017."
1952;1953;Brasil;F02;1;De mais de 30 a 60;30;60;0;129397;5602935;43300.346994;;renda liquida;IBGE, Anuario Estatistico do Brasil 1954, p. 482, Tabela c;https://biblioteca.ibge.gov.br/visualizacao/periodicos/20/aeb_1954.pdf;outputs/fontes-pedro-souza-irpf/aeb_1954.pdf;517;482;
1952;1953;Brasil;F03;2;De mais de 60 a 90;60;90;0;54577;4001951;73326.694395;;renda liquida;IBGE, Anuario Estatistico do Brasil 1954, p. 482, Tabela c;https://biblioteca.ibge.gov.br/visualizacao/periodicos/20/aeb_1954.pdf;outputs/fontes-pedro-souza-irpf/aeb_1954.pdf;517;482;
1952;1953;Brasil;F04;3;De mais de 90 a 120;90;120;0;28501;2958672;103809.410196;;renda liquida;IBGE, Anuario Estatistico do Brasil 1954, p. 482, Tabela c;https://biblioteca.ibge.gov.br/visualizacao/periodicos/20/aeb_1954.pdf;outputs/fontes-pedro-souza-irpf/aeb_1954.pdf;517;482;
1952;1953;Brasil;F05;4;De mais de 120 a 150;120;150;0;16635;2238452;134562.7893;;renda liquida;IBGE, Anuario Estatistico do Brasil 1954, p. 482, Tabela c;https://biblioteca.ibge.gov.br/visualizacao/periodicos/20/aeb_1954.pdf;outputs/fontes-pedro-souza-irpf/aeb_1954.pdf;517;482;
1952;1953;Brasil;F06;5;De mais de 150 a 200;150;200;0;15989;2765721;172976.483833;;renda liquida;IBGE, Anuario Estatistico do Brasil 1954, p. 482, Tabela c;https://biblioteca.ibge.gov.br/visualizacao/periodicos/20/aeb_1954.pdf;outputs/fontes-pedro-souza-irpf/aeb_1954.pdf;517;482;
1952;1953;Brasil;F07;6;De mais de 200 a 300;200;300;0;14948;3634485;243141.891892;;renda liquida;IBGE, Anuario Estatistico do Brasil 1954, p. 482, Tabela c;https://biblioteca.ibge.gov.br/visualizacao/periodicos/20/aeb_1954.pdf;outputs/fontes-pedro-souza-irpf/aeb_1954.pdf;517;482;
1952;1953;Brasil;F08;7;De mais de 300 a 400;300;400;0;6712;2321461;345867.252682;;renda liquida;IBGE, Anuario Estatistico do Brasil 1954, p. 482, Tabela c;https://biblioteca.ibge.gov.br/visualizacao/periodicos/20/aeb_1954.pdf;outputs/fontes-pedro-souza-irpf/aeb_1954.pdf;517;482;
1952;1953;Brasil;F09;8;De mais de 400 a 500;400;500;0;3501;1560397;445700.371322;;renda liquida;IBGE, Anuario Estatistico do Brasil 1954, p. 482, Tabela c;https://biblioteca.ibge.gov.br/visualizacao/periodicos/20/aeb_1954.pdf;outputs/fontes-pedro-souza-irpf/aeb_1954.pdf;517;482;
1952;1953;Brasil;F10;9;De mais de 500 a 600;500;600;0;2052;1120861;546228.557505;;renda liquida;IBGE, Anuario Estatistico do Brasil 1954, p. 482, Tabela c;https://biblioteca.ibge.gov.br/visualizacao/periodicos/20/aeb_1954.pdf;outputs/fontes-pedro-souza-irpf/aeb_1954.pdf;517;482;
1952;1953;Brasil;F11;10;De mais de 600 a 700;600;700;0;1333;860154;645276.819205;;renda liquida;IBGE, Anuario Estatistico do Brasil 1954, p. 482, Tabela c;https://biblioteca.ibge.gov.br/visualizacao/periodicos/20/aeb_1954.pdf;outputs/fontes-pedro-souza-irpf/aeb_1954.pdf;517;482;
1952;1953;Brasil;F12;11;De mais de 700 a 1000;700;1000;0;1821;1502328;825001.647446;;renda liquida;IBGE, Anuario Estatistico do Brasil 1954, p. 482, Tabela c;https://biblioteca.ibge.gov.br/visualizacao/periodicos/20/aeb_1954.pdf;outputs/fontes-pedro-souza-irpf/aeb_1954.pdf;517;482;
1952;1953;Brasil;F13;12;De mais de 1000 a 2000;1000;2000;0;1214;1597578;1315962.108731;;renda liquida;IBGE, Anuario Estatistico do Brasil 1954, p. 482, Tabela c;https://biblioteca.ibge.gov.br/visualizacao/periodicos/20/aeb_1954.pdf;outputs/fontes-pedro-souza-irpf/aeb_1954.pdf;517;482;
1952;1953;Brasil;F14;13;De mais de 2000 a 3000;2000;3000;0;190;453001;2384215.789474;;renda liquida;IBGE, Anuario Estatistico do Brasil 1954, p. 482, Tabela c;https://biblioteca.ibge.gov.br/visualizacao/periodicos/20/aeb_1954.pdf;outputs/fontes-pedro-souza-irpf/aeb_1954.pdf;517;482;
1952;1953;Brasil;F15;14;Mais de 3000;3000;;1;75;345060;4600800.0;;renda liquida;IBGE, Anuario Estatistico do Brasil 1954, p. 482, Tabela c;https://biblioteca.ibge.gov.br/visualizacao/periodicos/20/aeb_1954.pdf;outputs/fontes-pedro-souza-irpf/aeb_1954.pdf;517;482;
1953;1954;Brasil;F02;1;De mais de 30 a 60;30;60;0;150664;6372430;42295.637976;;renda liquida;IBGE, Anuario Estatistico do Brasil 1955, p. 531, Tabela c;https://biblioteca.ibge.gov.br/visualizacao/periodicos/20/aeb_1955.pdf;outputs/fontes-pedro-souza-irpf/aeb_1955.pdf;552;531;
1953;1954;Brasil;F03;2;De mais de 60 a 90;60;90;0;56955;4183932;73460.310772;;renda liquida;IBGE, Anuario Estatistico do Brasil 1955, p. 531, Tabela c;https://biblioteca.ibge.gov.br/visualizacao/periodicos/20/aeb_1955.pdf;outputs/fontes-pedro-souza-irpf/aeb_1955.pdf;552;531;
1953;1954;Brasil;F04;3;De mais de 90 a 120;90;120;0;29509;3077219;104280.694026;;renda liquida;IBGE, Anuario Estatistico do Brasil 1955, p. 531, Tabela c;https://biblioteca.ibge.gov.br/visualizacao/periodicos/20/aeb_1955.pdf;outputs/fontes-pedro-souza-irpf/aeb_1955.pdf;552;531;
1953;1954;Brasil;F05;4;De mais de 120 a 150;120;150;0;17837;2393508;134187.811852;;renda liquida;IBGE, Anuario Estatistico do Brasil 1955, p. 531, Tabela c;https://biblioteca.ibge.gov.br/visualizacao/periodicos/20/aeb_1955.pdf;outputs/fontes-pedro-souza-irpf/aeb_1955.pdf;552;531;
1953;1954;Brasil;F06;5;De mais de 150 a 200;150;200;0;17017;2945550;173094.552506;;renda liquida;IBGE, Anuario Estatistico do Brasil 1955, p. 531, Tabela c;https://biblioteca.ibge.gov.br/visualizacao/periodicos/20/aeb_1955.pdf;outputs/fontes-pedro-souza-irpf/aeb_1955.pdf;552;531;
1953;1954;Brasil;F07;6;De mais de 200 a 300;200;300;0;16470;4010205;243485.428051;;renda liquida;IBGE, Anuario Estatistico do Brasil 1955, p. 531, Tabela c;https://biblioteca.ibge.gov.br/visualizacao/periodicos/20/aeb_1955.pdf;outputs/fontes-pedro-souza-irpf/aeb_1955.pdf;552;531;
1953;1954;Brasil;F08;7;De mais de 300 a 400;300;400;0;7691;2654367;345126.381485;;renda liquida;IBGE, Anuario Estatistico do Brasil 1955, p. 531, Tabela c;https://biblioteca.ibge.gov.br/visualizacao/periodicos/20/aeb_1955.pdf;outputs/fontes-pedro-souza-irpf/aeb_1955.pdf;552;531;
1953;1954;Brasil;F09;8;De mais de 400 a 500;400;500;0;4087;1828169;447313.188158;;renda liquida;IBGE, Anuario Estatistico do Brasil 1955, p. 531, Tabela c;https://biblioteca.ibge.gov.br/visualizacao/periodicos/20/aeb_1955.pdf;outputs/fontes-pedro-souza-irpf/aeb_1955.pdf;552;531;
1953;1954;Brasil;F10;9;De mais de 500 a 600;500;600;0;2478;1351938;545576.271186;;renda liquida;IBGE, Anuario Estatistico do Brasil 1955, p. 531, Tabela c;https://biblioteca.ibge.gov.br/visualizacao/periodicos/20/aeb_1955.pdf;outputs/fontes-pedro-souza-irpf/aeb_1955.pdf;552;531;
1953;1954;Brasil;F11;10;De mais de 600 a 700;600;700;0;1607;1035786;644546.359676;;renda liquida;IBGE, Anuario Estatistico do Brasil 1955, p. 531, Tabela c;https://biblioteca.ibge.gov.br/visualizacao/periodicos/20/aeb_1955.pdf;outputs/fontes-pedro-souza-irpf/aeb_1955.pdf;552;531;
1953;1954;Brasil;F12;11;De mais de 700 a 1000;700;1000;0;2471;2037400;824524.484015;;renda liquida;IBGE, Anuario Estatistico do Brasil 1955, p. 531, Tabela c;https://biblioteca.ibge.gov.br/visualizacao/periodicos/20/aeb_1955.pdf;outputs/fontes-pedro-souza-irpf/aeb_1955.pdf;552;531;
1953;1954;Brasil;F13;12;De mais de 1000 a 2000;1000;2000;0;1847;2440311;1321229.561451;;renda liquida;IBGE, Anuario Estatistico do Brasil 1955, p. 531, Tabela c;https://biblioteca.ibge.gov.br/visualizacao/periodicos/20/aeb_1955.pdf;outputs/fontes-pedro-souza-irpf/aeb_1955.pdf;552;531;
1953;1954;Brasil;F14;13;De mais de 2000 a 3000;2000;3000;0;266;632626;2378293.233083;;renda liquida;IBGE, Anuario Estatistico do Brasil 1955, p. 531, Tabela c;https://biblioteca.ibge.gov.br/visualizacao/periodicos/20/aeb_1955.pdf;outputs/fontes-pedro-souza-irpf/aeb_1955.pdf;552;531;
1953;1954;Brasil;F15;14;Mais de 3000;3000;;1;120;551814;4598450.0;;renda liquida;IBGE, Anuario Estatistico do Brasil 1955, p. 531, Tabela c;https://biblioteca.ibge.gov.br/visualizacao/periodicos/20/aeb_1955.pdf;outputs/fontes-pedro-souza-irpf/aeb_1955.pdf;552;531;
1954;1955;Brasil;F01;1;De mais de 50 a 60;50;60;0;15996;898144;56148.037009;28973;renda liquida;IBGE, Anuario Estatistico do Brasil 1956, p. 404, Tabela 2a;https://biblioteca.ibge.gov.br/visualizacao/periodicos/20/aeb_1956.pdf;outputs/fontes-pedro-souza-irpf/aeb_1956.pdf;400;404;
1954;1955;Brasil;F02;2;De mais de 60 a 90;60;90;0;47209;3535799;74896.71461;147292;renda liquida;IBGE, Anuario Estatistico do Brasil 1956, p. 404, Tabela 2a;https://biblioteca.ibge.gov.br/visualizacao/periodicos/20/aeb_1956.pdf;outputs/fontes-pedro-souza-irpf/aeb_1956.pdf;400;404;
1954;1955;Brasil;F03;3;De mais de 90 a 120;90;120;0;34254;3529383;103035.645472;184547;renda liquida;IBGE, Anuario Estatistico do Brasil 1956, p. 404, Tabela 2a;https://biblioteca.ibge.gov.br/visualizacao/periodicos/20/aeb_1956.pdf;outputs/fontes-pedro-souza-irpf/aeb_1956.pdf;400;404;
1954;1955;Brasil;F04;4;De mais de 120 a 150;120;150;0;22941;3001772;130847.478314;182115;renda liquida;IBGE, Anuario Estatistico do Brasil 1956, p. 404, Tabela 2a;https://biblioteca.ibge.gov.br/visualizacao/periodicos/20/aeb_1956.pdf;outputs/fontes-pedro-souza-irpf/aeb_1956.pdf;400;404;
1954;1955;Brasil;F05;5;De mais de 150 a 200;150;200;0;21654;3797240;175359.748776;292691;renda liquida;IBGE, Anuario Estatistico do Brasil 1956, p. 404, Tabela 2a;https://biblioteca.ibge.gov.br/visualizacao/periodicos/20/aeb_1956.pdf;outputs/fontes-pedro-souza-irpf/aeb_1956.pdf;400;404;
1954;1955;Brasil;F06;6;De mais de 200 a 300;200;300;0;21290;5188831;243721.512447;519465;renda liquida;IBGE, Anuario Estatistico do Brasil 1956, p. 404, Tabela 2a;https://biblioteca.ibge.gov.br/visualizacao/periodicos/20/aeb_1956.pdf;outputs/fontes-pedro-souza-irpf/aeb_1956.pdf;400;404;
1954;1955;Brasil;F07;7;De mais de 300 a 400;300;400;0;10130;3501862;345692.201382;433826;renda liquida;IBGE, Anuario Estatistico do Brasil 1956, p. 404, Tabela 2a;https://biblioteca.ibge.gov.br/visualizacao/periodicos/20/aeb_1956.pdf;outputs/fontes-pedro-souza-irpf/aeb_1956.pdf;400;404;
1954;1955;Brasil;F08;8;De mais de 400 a 500;400;500;0;5780;2578322;446076.470588;372666;renda liquida;IBGE, Anuario Estatistico do Brasil 1956, p. 404, Tabela 2a;https://biblioteca.ibge.gov.br/visualizacao/periodicos/20/aeb_1956.pdf;outputs/fontes-pedro-souza-irpf/aeb_1956.pdf;400;404;
1954;1955;Brasil;F09;9;De mais de 500 a 600;500;600;0;3506;1961412;559444.381061;324091;renda liquida;IBGE, Anuario Estatistico do Brasil 1956, p. 404, Tabela 2a;https://biblioteca.ibge.gov.br/visualizacao/periodicos/20/aeb_1956.pdf;outputs/fontes-pedro-souza-irpf/aeb_1956.pdf;400;404;
1954;1955;Brasil;F10;10;De mais de 600 a 700;600;700;0;2444;1585172;648597.381342;289105;renda liquida;IBGE, Anuario Estatistico do Brasil 1956, p. 404, Tabela 2a;https://biblioteca.ibge.gov.br/visualizacao/periodicos/20/aeb_1956.pdf;outputs/fontes-pedro-souza-irpf/aeb_1956.pdf;400;404;
1954;1955;Brasil;F11;11;De mais de 700 a 1000;700;1000;0;3626;2989067;824342.801986;616595;renda liquida;IBGE, Anuario Estatistico do Brasil 1956, p. 404, Tabela 2a;https://biblioteca.ibge.gov.br/visualizacao/periodicos/20/aeb_1956.pdf;outputs/fontes-pedro-souza-irpf/aeb_1956.pdf;400;404;
1954;1955;Brasil;F12;12;De mais de 1000 a 2000;1000;2000;0;2722;3606199;1324834.313005;942675;renda liquida;IBGE, Anuario Estatistico do Brasil 1956, p. 404, Tabela 2a;https://biblioteca.ibge.gov.br/visualizacao/periodicos/20/aeb_1956.pdf;outputs/fontes-pedro-souza-irpf/aeb_1956.pdf;400;404;
1954;1955;Brasil;F13;13;De mais de 2000 a 3000;2000;3000;0;463;1099891;2375574.514039;348508;renda liquida;IBGE, Anuario Estatistico do Brasil 1956, p. 404, Tabela 2a;https://biblioteca.ibge.gov.br/visualizacao/periodicos/20/aeb_1956.pdf;outputs/fontes-pedro-souza-irpf/aeb_1956.pdf;400;404;
1954;1955;Brasil;F14;14;Mais de 3000;3000;;1;242;1155910;4776487.603306;465134;renda liquida;IBGE, Anuario Estatistico do Brasil 1956, p. 404, Tabela 2a;https://biblioteca.ibge.gov.br/visualizacao/periodicos/20/aeb_1956.pdf;outputs/fontes-pedro-souza-irpf/aeb_1956.pdf;400;404;
1955;1956;Brasil;F01;1;De mais de 50 a 60;50;60;0;24461;1365955;55842.156903;42622;renda liquida;IBGE, Anuario Estatistico do Brasil 1957, p. 452, Tabela 3e/2ba;https://biblioteca.ibge.gov.br/visualizacao/periodicos/20/aeb_1957.pdf;outputs/fontes-pedro-souza-irpf/aeb_1957.pdf;474;452;
1955;1956;Brasil;F02;2;De mais de 60 a 90;60;90;0;69120;5195363;75164.395255;205201;renda liquida;IBGE, Anuario Estatistico do Brasil 1957, p. 452, Tabela 3e/2ba;https://biblioteca.ibge.gov.br/visualizacao/periodicos/20/aeb_1957.pdf;outputs/fontes-pedro-souza-irpf/aeb_1957.pdf;474;452;
1955;1956;Brasil;F03;3;De mais de 90 a 120;90;120;0;46999;4877751;103784.144343;246104;renda liquida;IBGE, Anuario Estatistico do Brasil 1957, p. 452, Tabela 3e/2ba;https://biblioteca.ibge.gov.br/visualizacao/periodicos/20/aeb_1957.pdf;outputs/fontes-pedro-souza-irpf/aeb_1957.pdf;474;452;
1955;1956;Brasil;F04;4;De mais de 120 a 150;120;150;0;31152;4136447;132782.71058;252463;renda liquida;IBGE, Anuario Estatistico do Brasil 1957, p. 452, Tabela 3e/2ba;https://biblioteca.ibge.gov.br/visualizacao/periodicos/20/aeb_1957.pdf;outputs/fontes-pedro-souza-irpf/aeb_1957.pdf;474;452;
1955;1956;Brasil;F05;5;De mais de 150 a 200;150;200;0;28960;5054963;174549.827348;386922;renda liquida;IBGE, Anuario Estatistico do Brasil 1957, p. 452, Tabela 3e/2ba;https://biblioteca.ibge.gov.br/visualizacao/periodicos/20/aeb_1957.pdf;outputs/fontes-pedro-souza-irpf/aeb_1957.pdf;474;452;
1955;1956;Brasil;F06;6;De mais de 200 a 300;200;300;0;25281;6156529;243523.950793;612249;renda liquida;IBGE, Anuario Estatistico do Brasil 1957, p. 452, Tabela 3e/2ba;https://biblioteca.ibge.gov.br/visualizacao/periodicos/20/aeb_1957.pdf;outputs/fontes-pedro-souza-irpf/aeb_1957.pdf;474;452;
1955;1956;Brasil;F07;7;De mais de 300 a 400;300;400;0;13194;4564882;345981.65833;566944;renda liquida;IBGE, Anuario Estatistico do Brasil 1957, p. 452, Tabela 3e/2ba;https://biblioteca.ibge.gov.br/visualizacao/periodicos/20/aeb_1957.pdf;outputs/fontes-pedro-souza-irpf/aeb_1957.pdf;474;452;
1955;1956;Brasil;F08;8;De mais de 400 a 500;400;500;0;7649;3414938;446455.484377;517380;renda liquida;IBGE, Anuario Estatistico do Brasil 1957, p. 452, Tabela 3e/2ba;https://biblioteca.ibge.gov.br/visualizacao/periodicos/20/aeb_1957.pdf;outputs/fontes-pedro-souza-irpf/aeb_1957.pdf;474;452;
1955;1956;Brasil;F09;9;De mais de 500 a 600;500;600;0;4542;2485561;547239.321885;402365;renda liquida;IBGE, Anuario Estatistico do Brasil 1957, p. 452, Tabela 3e/2ba;https://biblioteca.ibge.gov.br/visualizacao/periodicos/20/aeb_1957.pdf;outputs/fontes-pedro-souza-irpf/aeb_1957.pdf;474;452;
1955;1956;Brasil;F10;10;De mais de 600 a 700;600;700;0;3047;1971961;647181.161798;356653;renda liquida;IBGE, Anuario Estatistico do Brasil 1957, p. 452, Tabela 3e/2ba;https://biblioteca.ibge.gov.br/visualizacao/periodicos/20/aeb_1957.pdf;outputs/fontes-pedro-souza-irpf/aeb_1957.pdf;474;452;
1955;1956;Brasil;F11;11;De mais de 700 a 1000;700;1000;0;4171;3493216;837500.839127;732815;renda liquida;IBGE, Anuario Estatistico do Brasil 1957, p. 452, Tabela 3e/2ba;https://biblioteca.ibge.gov.br/visualizacao/periodicos/20/aeb_1957.pdf;outputs/fontes-pedro-souza-irpf/aeb_1957.pdf;474;452;
1955;1956;Brasil;F12;12;De mais de 1000 a 2000;1000;2000;0;3049;4045037;1326676.615284;974281;renda liquida;IBGE, Anuario Estatistico do Brasil 1957, p. 452, Tabela 3e/2ba;https://biblioteca.ibge.gov.br/visualizacao/periodicos/20/aeb_1957.pdf;outputs/fontes-pedro-souza-irpf/aeb_1957.pdf;474;452;
1955;1956;Brasil;F13;13;De mais de 2000 a 3000;2000;3000;0;512;1217307;2377552.734375;384104;renda liquida;IBGE, Anuario Estatistico do Brasil 1957, p. 452, Tabela 3e/2ba;https://biblioteca.ibge.gov.br/visualizacao/periodicos/20/aeb_1957.pdf;outputs/fontes-pedro-souza-irpf/aeb_1957.pdf;474;452;
1955;1956;Brasil;F14;14;Mais de 3000;3000;;1;272;1245144;4577735.294118;497990;renda liquida;IBGE, Anuario Estatistico do Brasil 1957, p. 452, Tabela 3e/2ba;https://biblioteca.ibge.gov.br/visualizacao/periodicos/20/aeb_1957.pdf;outputs/fontes-pedro-souza-irpf/aeb_1957.pdf;474;452;
1956;1957;Brasil;F01;1;De mais de 61 a 90;61;90;0;79491;6002783;75515.253299;182714;renda liquida;IBGE, Anuario Estatistico do Brasil 1958, p. 450, Tabela 3d/1ba;https://biblioteca.ibge.gov.br/visualizacao/periodicos/20/aeb_1958.pdf;outputs/fontes-pedro-souza-irpf/aeb_1958.pdf;476;450;"A soma da coluna de renda liquida das classes publicadas e 55.440.318; o total publicado e 55.420.323."
1956;1957;Brasil;F02;2;De mais de 91 a 120;91;120;0;60034;6298543;104916.264117;235348;renda liquida;IBGE, Anuario Estatistico do Brasil 1958, p. 450, Tabela 3d/1ba;https://biblioteca.ibge.gov.br/visualizacao/periodicos/20/aeb_1958.pdf;outputs/fontes-pedro-souza-irpf/aeb_1958.pdf;476;450;"A soma da coluna de renda liquida das classes publicadas e 55.440.318; o total publicado e 55.420.323."
1956;1957;Brasil;F03;3;De mais de 121 a 150;121;150;0;40774;5533374;135708.392603;265242;renda liquida;IBGE, Anuario Estatistico do Brasil 1958, p. 450, Tabela 3d/1ba;https://biblioteca.ibge.gov.br/visualizacao/periodicos/20/aeb_1958.pdf;outputs/fontes-pedro-souza-irpf/aeb_1958.pdf;476;450;"A soma da coluna de renda liquida das classes publicadas e 55.440.318; o total publicado e 55.420.323."
1956;1957;Brasil;F04;4;De mais de 151 a 200;151;200;0;38412;6662404;173445.902322;425280;renda liquida;IBGE, Anuario Estatistico do Brasil 1958, p. 450, Tabela 3d/1ba;https://biblioteca.ibge.gov.br/visualizacao/periodicos/20/aeb_1958.pdf;outputs/fontes-pedro-souza-irpf/aeb_1958.pdf;476;450;"A soma da coluna de renda liquida das classes publicadas e 55.440.318; o total publicado e 55.420.323."
1956;1957;Brasil;F05;5;De mais de 201 a 300;201;300;0;32745;7951299;242824.828218;702036;renda liquida;IBGE, Anuario Estatistico do Brasil 1958, p. 450, Tabela 3d/1ba;https://biblioteca.ibge.gov.br/visualizacao/periodicos/20/aeb_1958.pdf;outputs/fontes-pedro-souza-irpf/aeb_1958.pdf;476;450;"A soma da coluna de renda liquida das classes publicadas e 55.440.318; o total publicado e 55.420.323."
1956;1957;Brasil;F06;6;De mais de 301 a 400;301;400;0;13685;4752798;347299.817318;552975;renda liquida;IBGE, Anuario Estatistico do Brasil 1958, p. 450, Tabela 3d/1ba;https://biblioteca.ibge.gov.br/visualizacao/periodicos/20/aeb_1958.pdf;outputs/fontes-pedro-souza-irpf/aeb_1958.pdf;476;450;"A soma da coluna de renda liquida das classes publicadas e 55.440.318; o total publicado e 55.420.323."
1956;1957;Brasil;F07;7;De mais de 401 a 500;401;500;0;7262;3253725;448048.058386;453668;renda liquida;IBGE, Anuario Estatistico do Brasil 1958, p. 450, Tabela 3d/1ba;https://biblioteca.ibge.gov.br/visualizacao/periodicos/20/aeb_1958.pdf;outputs/fontes-pedro-souza-irpf/aeb_1958.pdf;476;450;"A soma da coluna de renda liquida das classes publicadas e 55.440.318; o total publicado e 55.420.323."
1956;1957;Brasil;F08;8;De mais de 501 a 600;501;600;0;4466;2444043;547255.485893;395320;renda liquida;IBGE, Anuario Estatistico do Brasil 1958, p. 450, Tabela 3d/1ba;https://biblioteca.ibge.gov.br/visualizacao/periodicos/20/aeb_1958.pdf;outputs/fontes-pedro-souza-irpf/aeb_1958.pdf;476;450;"A soma da coluna de renda liquida das classes publicadas e 55.440.318; o total publicado e 55.420.323."
1956;1957;Brasil;F09;9;De mais de 601 a 700;601;700;0;2939;1909711;649782.579109;362525;renda liquida;IBGE, Anuario Estatistico do Brasil 1958, p. 450, Tabela 3d/1ba;https://biblioteca.ibge.gov.br/visualizacao/periodicos/20/aeb_1958.pdf;outputs/fontes-pedro-souza-irpf/aeb_1958.pdf;476;450;"A soma da coluna de renda liquida das classes publicadas e 55.440.318; o total publicado e 55.420.323."
1956;1957;Brasil;F10;10;De mais de 701 a 1000;701;1000;0;4512;3742012;829346.631206;830173;renda liquida;IBGE, Anuario Estatistico do Brasil 1958, p. 450, Tabela 3d/1ba;https://biblioteca.ibge.gov.br/visualizacao/periodicos/20/aeb_1958.pdf;outputs/fontes-pedro-souza-irpf/aeb_1958.pdf;476;450;"A soma da coluna de renda liquida das classes publicadas e 55.440.318; o total publicado e 55.420.323."
1956;1957;Brasil;F11;11;De mais de 1001 a 2000;1001;2000;0;3231;4313814;1335132.77623;1252290;renda liquida;IBGE, Anuario Estatistico do Brasil 1958, p. 450, Tabela 3d/1ba;https://biblioteca.ibge.gov.br/visualizacao/periodicos/20/aeb_1958.pdf;outputs/fontes-pedro-souza-irpf/aeb_1958.pdf;476;450;"A soma da coluna de renda liquida das classes publicadas e 55.440.318; o total publicado e 55.420.323."
1956;1957;Brasil;F12;12;De mais de 2001 a 3000;2001;3000;0;556;1306156;2349201.438849;464687;renda liquida;IBGE, Anuario Estatistico do Brasil 1958, p. 450, Tabela 3d/1ba;https://biblioteca.ibge.gov.br/visualizacao/periodicos/20/aeb_1958.pdf;outputs/fontes-pedro-souza-irpf/aeb_1958.pdf;476;450;"A soma da coluna de renda liquida das classes publicadas e 55.440.318; o total publicado e 55.420.323."
1956;1957;Brasil;F13;13;Mais de 3001;3001;;1;260;1269656;4883292.307692;546104;renda liquida;IBGE, Anuario Estatistico do Brasil 1958, p. 450, Tabela 3d/1ba;https://biblioteca.ibge.gov.br/visualizacao/periodicos/20/aeb_1958.pdf;outputs/fontes-pedro-souza-irpf/aeb_1958.pdf;476;450;"A soma da coluna de renda liquida das classes publicadas e 55.440.318; o total publicado e 55.420.323."
1957;1958;Brasil;F01;1;De mais de 61 a 90;61;90;0;79666;6051046;75955.18791;196060;renda liquida;IBGE, Anuario Estatistico do Brasil 1959, p. 436, Tabela 3d/ba;https://biblioteca.ibge.gov.br/visualizacao/periodicos/20/aeb_1959.pdf;outputs/fontes-pedro-souza-irpf/aeb_1959.pdf;440;436;
1957;1958;Brasil;F02;2;De mais de 91 a 120;91;120;0;65708;7158203;108939.596396;278801;renda liquida;IBGE, Anuario Estatistico do Brasil 1959, p. 436, Tabela 3d/ba;https://biblioteca.ibge.gov.br/visualizacao/periodicos/20/aeb_1959.pdf;outputs/fontes-pedro-souza-irpf/aeb_1959.pdf;440;436;
1957;1958;Brasil;F03;3;De mais de 121 a 150;121;150;0;52055;7062804;135679.646528;337675;renda liquida;IBGE, Anuario Estatistico do Brasil 1959, p. 436, Tabela 3d/ba;https://biblioteca.ibge.gov.br/visualizacao/periodicos/20/aeb_1959.pdf;outputs/fontes-pedro-souza-irpf/aeb_1959.pdf;440;436;
1957;1958;Brasil;F04;4;De mais de 151 a 200;151;200;0;51032;9615946;188429.730365;625044;renda liquida;IBGE, Anuario Estatistico do Brasil 1959, p. 436, Tabela 3d/ba;https://biblioteca.ibge.gov.br/visualizacao/periodicos/20/aeb_1959.pdf;outputs/fontes-pedro-souza-irpf/aeb_1959.pdf;440;436;
1957;1958;Brasil;F05;5;De mais de 201 a 300;201;300;0;41670;10414319;249923.662107;983846;renda liquida;IBGE, Anuario Estatistico do Brasil 1959, p. 436, Tabela 3d/ba;https://biblioteca.ibge.gov.br/visualizacao/periodicos/20/aeb_1959.pdf;outputs/fontes-pedro-souza-irpf/aeb_1959.pdf;440;436;
1957;1958;Brasil;F06;6;De mais de 301 a 400;301;400;0;17522;6018700;343493.893391;715047;renda liquida;IBGE, Anuario Estatistico do Brasil 1959, p. 436, Tabela 3d/ba;https://biblioteca.ibge.gov.br/visualizacao/periodicos/20/aeb_1959.pdf;outputs/fontes-pedro-souza-irpf/aeb_1959.pdf;440;436;
1957;1958;Brasil;F07;7;De mais de 401 a 500;401;500;0;9411;4205338;446853.469344;591089;renda liquida;IBGE, Anuario Estatistico do Brasil 1959, p. 436, Tabela 3d/ba;https://biblioteca.ibge.gov.br/visualizacao/periodicos/20/aeb_1959.pdf;outputs/fontes-pedro-souza-irpf/aeb_1959.pdf;440;436;
1957;1958;Brasil;F08;8;De mais de 501 a 600;501;600;0;6963;3826435;549538.273733;623045;renda liquida;IBGE, Anuario Estatistico do Brasil 1959, p. 436, Tabela 3d/ba;https://biblioteca.ibge.gov.br/visualizacao/periodicos/20/aeb_1959.pdf;outputs/fontes-pedro-souza-irpf/aeb_1959.pdf;440;436;
1957;1958;Brasil;F09;9;De mais de 601 a 700;601;700;0;4537;2934977;646898.170597;538572;renda liquida;IBGE, Anuario Estatistico do Brasil 1959, p. 436, Tabela 3d/ba;https://biblioteca.ibge.gov.br/visualizacao/periodicos/20/aeb_1959.pdf;outputs/fontes-pedro-souza-irpf/aeb_1959.pdf;440;436;
1957;1958;Brasil;F10;10;De mais de 701 a 1000;701;1000;0;6774;5913400;872955.417774;1356469;renda liquida;IBGE, Anuario Estatistico do Brasil 1959, p. 436, Tabela 3d/ba;https://biblioteca.ibge.gov.br/visualizacao/periodicos/20/aeb_1959.pdf;outputs/fontes-pedro-souza-irpf/aeb_1959.pdf;440;436;
1957;1958;Brasil;F11;11;De mais de 1001 a 2000;1001;2000;0;3794;5048049;1330534.791776;1501817;renda liquida;IBGE, Anuario Estatistico do Brasil 1959, p. 436, Tabela 3d/ba;https://biblioteca.ibge.gov.br/visualizacao/periodicos/20/aeb_1959.pdf;outputs/fontes-pedro-souza-irpf/aeb_1959.pdf;440;436;
1957;1958;Brasil;F12;12;De mais de 2001 a 3000;2001;3000;0;616;1479998;2402594.155844;534175;renda liquida;IBGE, Anuario Estatistico do Brasil 1959, p. 436, Tabela 3d/ba;https://biblioteca.ibge.gov.br/visualizacao/periodicos/20/aeb_1959.pdf;outputs/fontes-pedro-souza-irpf/aeb_1959.pdf;440;436;
1957;1958;Brasil;F13;13;Mais de 3001;3001;;1;353;1565214;4434033.994334;654925;renda liquida;IBGE, Anuario Estatistico do Brasil 1959, p. 436, Tabela 3d/ba;https://biblioteca.ibge.gov.br/visualizacao/periodicos/20/aeb_1959.pdf;outputs/fontes-pedro-souza-irpf/aeb_1959.pdf;440;436;
1958;1959;Brasil;F01;1;De 91 a 120;91;120;0;51092;5483785;107331.578329;168139;renda liquida;IBGE, Anuario Estatistico do Brasil 1960, p. 377, Tabela 2a;https://biblioteca.ibge.gov.br/visualizacao/periodicos/20/aeb_1960.pdf;outputs/fontes-pedro-souza-irpf/aeb_1960.pdf;383;377;"A soma da coluna de imposto notificado das classes publicadas e 9.414.506; o total publicado e 9.414.566."
1958;1959;Brasil;F02;2;De 121 a 150;121;150;0;46198;6275980;135849.603879;222719;renda liquida;IBGE, Anuario Estatistico do Brasil 1960, p. 377, Tabela 2a;https://biblioteca.ibge.gov.br/visualizacao/periodicos/20/aeb_1960.pdf;outputs/fontes-pedro-souza-irpf/aeb_1960.pdf;383;377;"A soma da coluna de imposto notificado das classes publicadas e 9.414.506; o total publicado e 9.414.566."
1958;1959;Brasil;F03;3;De 151 a 190;151;190;0;47881;8023334;167568.221215;379897;renda liquida;IBGE, Anuario Estatistico do Brasil 1960, p. 377, Tabela 2a;https://biblioteca.ibge.gov.br/visualizacao/periodicos/20/aeb_1960.pdf;outputs/fontes-pedro-souza-irpf/aeb_1960.pdf;383;377;"A soma da coluna de imposto notificado das classes publicadas e 9.414.506; o total publicado e 9.414.566."
1958;1959;Brasil;F04;4;De 191 a 240;191;240;0;36331;7773485;213962.869175;473804;renda liquida;IBGE, Anuario Estatistico do Brasil 1960, p. 377, Tabela 2a;https://biblioteca.ibge.gov.br/visualizacao/periodicos/20/aeb_1960.pdf;outputs/fontes-pedro-souza-irpf/aeb_1960.pdf;383;377;"A soma da coluna de imposto notificado das classes publicadas e 9.414.506; o total publicado e 9.414.566."
1958;1959;Brasil;F05;5;De 241 a 300;241;300;0;25074;6729176;268372.656935;526353;renda liquida;IBGE, Anuario Estatistico do Brasil 1960, p. 377, Tabela 2a;https://biblioteca.ibge.gov.br/visualizacao/periodicos/20/aeb_1960.pdf;outputs/fontes-pedro-souza-irpf/aeb_1960.pdf;383;377;"A soma da coluna de imposto notificado das classes publicadas e 9.414.506; o total publicado e 9.414.566."
1958;1959;Brasil;F06;6;De 301 a 400;301;400;0;21414;7394306;345302.418978;778828;renda liquida;IBGE, Anuario Estatistico do Brasil 1960, p. 377, Tabela 2a;https://biblioteca.ibge.gov.br/visualizacao/periodicos/20/aeb_1960.pdf;outputs/fontes-pedro-souza-irpf/aeb_1960.pdf;383;377;"A soma da coluna de imposto notificado das classes publicadas e 9.414.506; o total publicado e 9.414.566."
1958;1959;Brasil;F07;7;De 401 a 500;401;500;0;11424;5113217;447585.521709;672859;renda liquida;IBGE, Anuario Estatistico do Brasil 1960, p. 377, Tabela 2a;https://biblioteca.ibge.gov.br/visualizacao/periodicos/20/aeb_1960.pdf;outputs/fontes-pedro-souza-irpf/aeb_1960.pdf;383;377;"A soma da coluna de imposto notificado das classes publicadas e 9.414.506; o total publicado e 9.414.566."
1958;1959;Brasil;F08;8;De 501 a 600;501;600;0;6874;3766072;547871.981379;584761;renda liquida;IBGE, Anuario Estatistico do Brasil 1960, p. 377, Tabela 2a;https://biblioteca.ibge.gov.br/visualizacao/periodicos/20/aeb_1960.pdf;outputs/fontes-pedro-souza-irpf/aeb_1960.pdf;383;377;"A soma da coluna de imposto notificado das classes publicadas e 9.414.506; o total publicado e 9.414.566."
1958;1959;Brasil;F09;9;De 601 a 700;601;700;0;4584;2966509;647144.197208;528614;renda liquida;IBGE, Anuario Estatistico do Brasil 1960, p. 377, Tabela 2a;https://biblioteca.ibge.gov.br/visualizacao/periodicos/20/aeb_1960.pdf;outputs/fontes-pedro-souza-irpf/aeb_1960.pdf;383;377;"A soma da coluna de imposto notificado das classes publicadas e 9.414.506; o total publicado e 9.414.566."
1958;1959;Brasil;F10;10;De 701 a 1000;701;1000;0;6801;5644812;829997.35333;1235184;renda liquida;IBGE, Anuario Estatistico do Brasil 1960, p. 377, Tabela 2a;https://biblioteca.ibge.gov.br/visualizacao/periodicos/20/aeb_1960.pdf;outputs/fontes-pedro-souza-irpf/aeb_1960.pdf;383;377;"A soma da coluna de imposto notificado das classes publicadas e 9.414.506; o total publicado e 9.414.566."
1958;1959;Brasil;F11;11;De 1001 a 2000;1001;2000;0;5094;7290094;1431113.859442;2163807;renda liquida;IBGE, Anuario Estatistico do Brasil 1960, p. 377, Tabela 2a;https://biblioteca.ibge.gov.br/visualizacao/periodicos/20/aeb_1960.pdf;outputs/fontes-pedro-souza-irpf/aeb_1960.pdf;383;377;"A soma da coluna de imposto notificado das classes publicadas e 9.414.506; o total publicado e 9.414.566."
1958;1959;Brasil;F12;12;De 2001 a 3000;2001;3000;0;838;2013953;2403285.202864;718565;renda liquida;IBGE, Anuario Estatistico do Brasil 1960, p. 377, Tabela 2a;https://biblioteca.ibge.gov.br/visualizacao/periodicos/20/aeb_1960.pdf;outputs/fontes-pedro-souza-irpf/aeb_1960.pdf;383;377;"A soma da coluna de imposto notificado das classes publicadas e 9.414.506; o total publicado e 9.414.566."
1958;1959;Brasil;F13;13;Mais de 3001;3001;;1;455;2223402;4886597.802198;960976;renda liquida;IBGE, Anuario Estatistico do Brasil 1960, p. 377, Tabela 2a;https://biblioteca.ibge.gov.br/visualizacao/periodicos/20/aeb_1960.pdf;outputs/fontes-pedro-souza-irpf/aeb_1960.pdf;383;377;"A soma da coluna de imposto notificado das classes publicadas e 9.414.506; o total publicado e 9.414.566."
1959;1960;Brasil;F01;1;De 91 a 135;91;135;0;89911;10256916;114078.544338;302562;renda liquida;IBGE, Anuario Estatistico do Brasil 1961, p. 423, Tabela 2a;https://biblioteca.ibge.gov.br/visualizacao/periodicos/20/aeb_1961.pdf;outputs/fontes-pedro-souza-irpf/aeb_1961.pdf;420;423;
1959;1960;Brasil;F02;2;De 136 a 180;136;180;0;71794;11314025;157590.118951;425239;renda liquida;IBGE, Anuario Estatistico do Brasil 1961, p. 423, Tabela 2a;https://biblioteca.ibge.gov.br/visualizacao/periodicos/20/aeb_1961.pdf;outputs/fontes-pedro-souza-irpf/aeb_1961.pdf;420;423;
1959;1960;Brasil;F03;3;De 181 a 225;181;225;0;53705;10909946;203145.815101;510585;renda liquida;IBGE, Anuario Estatistico do Brasil 1961, p. 423, Tabela 2a;https://biblioteca.ibge.gov.br/visualizacao/periodicos/20/aeb_1961.pdf;outputs/fontes-pedro-souza-irpf/aeb_1961.pdf;420;423;
1959;1960;Brasil;F04;4;De 226 a 300;226;300;0;52803;13706959;259586.746965;857661;renda liquida;IBGE, Anuario Estatistico do Brasil 1961, p. 423, Tabela 2a;https://biblioteca.ibge.gov.br/visualizacao/periodicos/20/aeb_1961.pdf;outputs/fontes-pedro-souza-irpf/aeb_1961.pdf;420;423;
1959;1960;Brasil;F05;5;De 301 a 450;301;450;0;43482;16046071;369027.896601;1426318;renda liquida;IBGE, Anuario Estatistico do Brasil 1961, p. 423, Tabela 2a;https://biblioteca.ibge.gov.br/visualizacao/periodicos/20/aeb_1961.pdf;outputs/fontes-pedro-souza-irpf/aeb_1961.pdf;420;423;
1959;1960;Brasil;F06;6;De 451 a 600;451;600;0;18690;9667544;517257.570894;1108670;renda liquida;IBGE, Anuario Estatistico do Brasil 1961, p. 423, Tabela 2a;https://biblioteca.ibge.gov.br/visualizacao/periodicos/20/aeb_1961.pdf;outputs/fontes-pedro-souza-irpf/aeb_1961.pdf;420;423;
1959;1960;Brasil;F07;7;De 601 a 750;601;750;0;9737;6517346;669338.194516;904462;renda liquida;IBGE, Anuario Estatistico do Brasil 1961, p. 423, Tabela 2a;https://biblioteca.ibge.gov.br/visualizacao/periodicos/20/aeb_1961.pdf;outputs/fontes-pedro-souza-irpf/aeb_1961.pdf;420;423;
1959;1960;Brasil;F08;8;De 751 a 900;751;900;0;5462;4468292;818068.839253;718870;renda liquida;IBGE, Anuario Estatistico do Brasil 1961, p. 423, Tabela 2a;https://biblioteca.ibge.gov.br/visualizacao/periodicos/20/aeb_1961.pdf;outputs/fontes-pedro-souza-irpf/aeb_1961.pdf;420;423;
1959;1960;Brasil;F09;9;De 901 a 1050;901;1050;0;3485;3377014;969014.060258;621468;renda liquida;IBGE, Anuario Estatistico do Brasil 1961, p. 423, Tabela 2a;https://biblioteca.ibge.gov.br/visualizacao/periodicos/20/aeb_1961.pdf;outputs/fontes-pedro-souza-irpf/aeb_1961.pdf;420;423;
1959;1960;Brasil;F10;10;De 1051 a 1500;1051;1500;0;5110;6325361;1237839.726027;1395273;renda liquida;IBGE, Anuario Estatistico do Brasil 1961, p. 423, Tabela 2a;https://biblioteca.ibge.gov.br/visualizacao/periodicos/20/aeb_1961.pdf;outputs/fontes-pedro-souza-irpf/aeb_1961.pdf;420;423;
1959;1960;Brasil;F11;11;De 1501 a 3000;1501;3000;0;3293;6548574;1988634.679623;1896684;renda liquida;IBGE, Anuario Estatistico do Brasil 1961, p. 423, Tabela 2a;https://biblioteca.ibge.gov.br/visualizacao/periodicos/20/aeb_1961.pdf;outputs/fontes-pedro-souza-irpf/aeb_1961.pdf;420;423;
1959;1960;Brasil;F12;12;De 3001 a 4500;3001;4500;0;519;1818387;3503635.83815;650234;renda liquida;IBGE, Anuario Estatistico do Brasil 1961, p. 423, Tabela 2a;https://biblioteca.ibge.gov.br/visualizacao/periodicos/20/aeb_1961.pdf;outputs/fontes-pedro-souza-irpf/aeb_1961.pdf;420;423;
1959;1960;Brasil;F13;13;Mais de 4501;4501;;1;251;1931808;7696446.215139;840322;renda liquida;IBGE, Anuario Estatistico do Brasil 1961, p. 423, Tabela 2a;https://biblioteca.ibge.gov.br/visualizacao/periodicos/20/aeb_1961.pdf;outputs/fontes-pedro-souza-irpf/aeb_1961.pdf;420;423;
1960;1961;Brasil;F01;1;De 241 a 300;241;300;0;25529;7061870;276621.489287;186237;renda liquida;IBGE, Anuario Estatistico do Brasil 1962, p. 341, Tabela 2a;https://biblioteca.ibge.gov.br/visualizacao/periodicos/20/aeb_1962.pdf;outputs/fontes-pedro-souza-irpf/aeb_1962.pdf;339;341;
1960;1961;Brasil;F02;2;De 301 a 350;301;350;0;17559;5787640;329611.025685;171468;renda liquida;IBGE, Anuario Estatistico do Brasil 1962, p. 341, Tabela 2a;https://biblioteca.ibge.gov.br/visualizacao/periodicos/20/aeb_1962.pdf;outputs/fontes-pedro-souza-irpf/aeb_1962.pdf;339;341;
1960;1961;Brasil;F03;3;De 351 a 400;351;400;0;13503;5254551;389139.52455;190654;renda liquida;IBGE, Anuario Estatistico do Brasil 1962, p. 341, Tabela 2a;https://biblioteca.ibge.gov.br/visualizacao/periodicos/20/aeb_1962.pdf;outputs/fontes-pedro-souza-irpf/aeb_1962.pdf;339;341;
1960;1961;Brasil;F04;4;De 401 a 450;401;450;0;10297;4604598;447178.595707;224042;renda liquida;IBGE, Anuario Estatistico do Brasil 1962, p. 341, Tabela 2a;https://biblioteca.ibge.gov.br/visualizacao/periodicos/20/aeb_1962.pdf;outputs/fontes-pedro-souza-irpf/aeb_1962.pdf;339;341;
1960;1961;Brasil;F05;5;De 451 a 500;451;500;0;8045;4166797;517936.233686;291912;renda liquida;IBGE, Anuario Estatistico do Brasil 1962, p. 341, Tabela 2a;https://biblioteca.ibge.gov.br/visualizacao/periodicos/20/aeb_1962.pdf;outputs/fontes-pedro-souza-irpf/aeb_1962.pdf;339;341;
1960;1961;Brasil;F06;6;De 501 a 600;501;600;0;10710;6049613;564856.489262;552891;renda liquida;IBGE, Anuario Estatistico do Brasil 1962, p. 341, Tabela 2a;https://biblioteca.ibge.gov.br/visualizacao/periodicos/20/aeb_1962.pdf;outputs/fontes-pedro-souza-irpf/aeb_1962.pdf;339;341;
1960;1961;Brasil;F07;7;De 601 a 700;601;700;0;6943;4693766;676042.920928;470686;renda liquida;IBGE, Anuario Estatistico do Brasil 1962, p. 341, Tabela 2a;https://biblioteca.ibge.gov.br/visualizacao/periodicos/20/aeb_1962.pdf;outputs/fontes-pedro-souza-irpf/aeb_1962.pdf;339;341;
1960;1961;Brasil;F08;8;De 701 a 800;701;800;0;4994;3581233;717107.128554;393629;renda liquida;IBGE, Anuario Estatistico do Brasil 1962, p. 341, Tabela 2a;https://biblioteca.ibge.gov.br/visualizacao/periodicos/20/aeb_1962.pdf;outputs/fontes-pedro-souza-irpf/aeb_1962.pdf;339;341;
1960;1961;Brasil;F09;9;De 801 a 1000;801;1000;0;6205;5266838;848805.479452;692369;renda liquida;IBGE, Anuario Estatistico do Brasil 1962, p. 341, Tabela 2a;https://biblioteca.ibge.gov.br/visualizacao/periodicos/20/aeb_1962.pdf;outputs/fontes-pedro-souza-irpf/aeb_1962.pdf;339;341;
1960;1961;Brasil;F10;10;De 1001 a 1200;1001;1200;0;3668;3913493;1066928.2988;675251;renda liquida;IBGE, Anuario Estatistico do Brasil 1962, p. 341, Tabela 2a;https://biblioteca.ibge.gov.br/visualizacao/periodicos/20/aeb_1962.pdf;outputs/fontes-pedro-souza-irpf/aeb_1962.pdf;339;341;
1960;1961;Brasil;F11;11;De 1201 a 1600;1201;1600;0;3925;5087724;1296235.414013;1011497;renda liquida;IBGE, Anuario Estatistico do Brasil 1962, p. 341, Tabela 2a;https://biblioteca.ibge.gov.br/visualizacao/periodicos/20/aeb_1962.pdf;outputs/fontes-pedro-souza-irpf/aeb_1962.pdf;339;341;
1960;1961;Brasil;F12;12;De 1601 a 2000;1601;2000;0;1821;3093478;1698779.791323;733310;renda liquida;IBGE, Anuario Estatistico do Brasil 1962, p. 341, Tabela 2a;https://biblioteca.ibge.gov.br/visualizacao/periodicos/20/aeb_1962.pdf;outputs/fontes-pedro-souza-irpf/aeb_1962.pdf;339;341;
1960;1961;Brasil;F13;13;De 2001 a 2500;2001;2500;0;1140;2452768;2151550.877193;659939;renda liquida;IBGE, Anuario Estatistico do Brasil 1962, p. 341, Tabela 2a;https://biblioteca.ibge.gov.br/visualizacao/periodicos/20/aeb_1962.pdf;outputs/fontes-pedro-souza-irpf/aeb_1962.pdf;339;341;
1960;1961;Brasil;F14;14;De 2501 a 3000;2501;3000;0;626;1608021;2568723.642173;459629;renda liquida;IBGE, Anuario Estatistico do Brasil 1962, p. 341, Tabela 2a;https://biblioteca.ibge.gov.br/visualizacao/periodicos/20/aeb_1962.pdf;outputs/fontes-pedro-souza-irpf/aeb_1962.pdf;339;341;
1960;1961;Brasil;F15;15;De 3001 a 4500;3001;4500;0;752;2425792;3225787.234043;766114;renda liquida;IBGE, Anuario Estatistico do Brasil 1962, p. 341, Tabela 2a;https://biblioteca.ibge.gov.br/visualizacao/periodicos/20/aeb_1962.pdf;outputs/fontes-pedro-souza-irpf/aeb_1962.pdf;339;341;
1960;1961;Brasil;F16;16;Mais de 4501;4501;;1;462;3659081;7920088.744589;1543308;renda liquida;IBGE, Anuario Estatistico do Brasil 1962, p. 341, Tabela 2a;https://biblioteca.ibge.gov.br/visualizacao/periodicos/20/aeb_1962.pdf;outputs/fontes-pedro-souza-irpf/aeb_1962.pdf;339;341;
