ano_exercicio;ano_calendario_inferido;unidade_geografica;moeda;unidade_monetaria_agregados;unidade_limites_faixa;serie_nacional_comparavel_renda_liquida;fonte;url_archive;url_pdf;url_cinii;arquivo_fonte;arquivo_ocr;arquivo_imagem_tabela;pagina_pdf;pagina_impressa;observacao;codigo_faixa;ordem_faixa;faixa_rendimento_bruto_total_cr;limite_inferior_cr;limite_superior_cr;faixa_topo_aberta;renda_liquida_negativa_declarantes;renda_liquida_negativa_cr_mil_publicada;renda_liquida_zero_a_65000_declarantes;renda_liquida_zero_a_65000_cr_mil;renda_liquida_acima_65000_declarantes;renda_liquida_acima_65000_cr_mil;imposto_devido_calculado_declarantes;imposto_devido_calculado_cr_mil;tipo_rendimento_faixa;tipo_valor_monetario;quadro
1979;1978;Brasil;Cr$;Cr$ 1.000;Cr$ 1,00;0;Brasil. Ministerio da Fazenda. Anuario Economico-Fiscal 1980. Brasilia: Ministerio da Fazenda, 1980.;https://archive.org/details/anuareco1980minfaz;https://archive.org/download/anuareco1980minfaz/anuareco1980minfaz.pdf;https://ci.nii.ac.jp/ncid/BB06332999;outputs/fontes-pedro-souza-irpf/aef_scan/pdf/anuareco1980minfaz.pdf;outputs/fontes-pedro-souza-irpf/aef_scan/ocr_txt/anuareco1980minfaz_djvu.txt;outputs/fontes-pedro-souza-irpf/aef_scan/previews/anuareco1980/aef1980_pdfpage_376.png;376;383;"O AEF 1980 cobre ano-base 1978/exercicio 1979, mas nao traz a matriz nacional detalhada de renda liquida por classes de renda liquida que foi usada nos AEF 1976-1979. As tabelas 1 e 2 classificam os declarantes por classes de rendimento bruto total; a tabela 2 decompoe a renda liquida calculada apenas em tres blocos: negativa, de zero a Cr$ 65.000 e acima de Cr$ 65.000. Por isso, a extracao foi preservada como serie paralela e nao deve ser misturada diretamente com a serie nacional comparavel. Os agregados monetarios sao publicados em Cr$ 1.000. Em algumas colunas, a soma das faixas difere do total publicado por poucos milhares de cruzeiros, consistente com arredondamento/publicacao do total.";F01;1;Ate 65.000;;65000;0;306444;9238327;975547;26851802;0;0;0;0;rendimento bruto total;renda liquida calculada;2
1979;1978;Brasil;Cr$;Cr$ 1.000;Cr$ 1,00;0;Brasil. Ministerio da Fazenda. Anuario Economico-Fiscal 1980. Brasilia: Ministerio da Fazenda, 1980.;https://archive.org/details/anuareco1980minfaz;https://archive.org/download/anuareco1980minfaz/anuareco1980minfaz.pdf;https://ci.nii.ac.jp/ncid/BB06332999;outputs/fontes-pedro-souza-irpf/aef_scan/pdf/anuareco1980minfaz.pdf;outputs/fontes-pedro-souza-irpf/aef_scan/ocr_txt/anuareco1980minfaz_djvu.txt;outputs/fontes-pedro-souza-irpf/aef_scan/previews/anuareco1980/aef1980_pdfpage_376.png;376;383;"O AEF 1980 cobre ano-base 1978/exercicio 1979, mas nao traz a matriz nacional detalhada de renda liquida por classes de renda liquida que foi usada nos AEF 1976-1979. As tabelas 1 e 2 classificam os declarantes por classes de rendimento bruto total; a tabela 2 decompoe a renda liquida calculada apenas em tres blocos: negativa, de zero a Cr$ 65.000 e acima de Cr$ 65.000. Por isso, a extracao foi preservada como serie paralela e nao deve ser misturada diretamente com a serie nacional comparavel. Os agregados monetarios sao publicados em Cr$ 1.000. Em algumas colunas, a soma das faixas difere do total publicado por poucos milhares de cruzeiros, consistente com arredondamento/publicacao do total.";F02;2;65.001 a 92.000;65001;92000;0;158208;3474027;1260392;50439402;94674;6597804;93858;24020;rendimento bruto total;renda liquida calculada;2
1979;1978;Brasil;Cr$;Cr$ 1.000;Cr$ 1,00;0;Brasil. Ministerio da Fazenda. Anuario Economico-Fiscal 1980. Brasilia: Ministerio da Fazenda, 1980.;https://archive.org/details/anuareco1980minfaz;https://archive.org/download/anuareco1980minfaz/anuareco1980minfaz.pdf;https://ci.nii.ac.jp/ncid/BB06332999;outputs/fontes-pedro-souza-irpf/aef_scan/pdf/anuareco1980minfaz.pdf;outputs/fontes-pedro-souza-irpf/aef_scan/ocr_txt/anuareco1980minfaz_djvu.txt;outputs/fontes-pedro-souza-irpf/aef_scan/previews/anuareco1980/aef1980_pdfpage_376.png;376;383;"O AEF 1980 cobre ano-base 1978/exercicio 1979, mas nao traz a matriz nacional detalhada de renda liquida por classes de renda liquida que foi usada nos AEF 1976-1979. As tabelas 1 e 2 classificam os declarantes por classes de rendimento bruto total; a tabela 2 decompoe a renda liquida calculada apenas em tres blocos: negativa, de zero a Cr$ 65.000 e acima de Cr$ 65.000. Por isso, a extracao foi preservada como serie paralela e nao deve ser misturada diretamente com a serie nacional comparavel. Os agregados monetarios sao publicados em Cr$ 1.000. Em algumas colunas, a soma das faixas difere do total publicado por poucos milhares de cruzeiros, consistente com arredondamento/publicacao do total.";F03;3;92.001 a 120.000;92001;120000;0;53884;1130522;744911;31360385;317582;24747334;317389;216443;rendimento bruto total;renda liquida calculada;2
1979;1978;Brasil;Cr$;Cr$ 1.000;Cr$ 1,00;0;Brasil. Ministerio da Fazenda. Anuario Economico-Fiscal 1980. Brasilia: Ministerio da Fazenda, 1980.;https://archive.org/details/anuareco1980minfaz;https://archive.org/download/anuareco1980minfaz/anuareco1980minfaz.pdf;https://ci.nii.ac.jp/ncid/BB06332999;outputs/fontes-pedro-souza-irpf/aef_scan/pdf/anuareco1980minfaz.pdf;outputs/fontes-pedro-souza-irpf/aef_scan/ocr_txt/anuareco1980minfaz_djvu.txt;outputs/fontes-pedro-souza-irpf/aef_scan/previews/anuareco1980/aef1980_pdfpage_376.png;376;383;"O AEF 1980 cobre ano-base 1978/exercicio 1979, mas nao traz a matriz nacional detalhada de renda liquida por classes de renda liquida que foi usada nos AEF 1976-1979. As tabelas 1 e 2 classificam os declarantes por classes de rendimento bruto total; a tabela 2 decompoe a renda liquida calculada apenas em tres blocos: negativa, de zero a Cr$ 65.000 e acima de Cr$ 65.000. Por isso, a extracao foi preservada como serie paralela e nao deve ser misturada diretamente com a serie nacional comparavel. Os agregados monetarios sao publicados em Cr$ 1.000. Em algumas colunas, a soma das faixas difere do total publicado por poucos milhares de cruzeiros, consistente com arredondamento/publicacao do total.";F04;4;120.001 a 157.000;120001;157000;0;16577;340582;417825;20010155;477677;42604685;477480;713801;rendimento bruto total;renda liquida calculada;2
1979;1978;Brasil;Cr$;Cr$ 1.000;Cr$ 1,00;0;Brasil. Ministerio da Fazenda. Anuario Economico-Fiscal 1980. Brasilia: Ministerio da Fazenda, 1980.;https://archive.org/details/anuareco1980minfaz;https://archive.org/download/anuareco1980minfaz/anuareco1980minfaz.pdf;https://ci.nii.ac.jp/ncid/BB06332999;outputs/fontes-pedro-souza-irpf/aef_scan/pdf/anuareco1980minfaz.pdf;outputs/fontes-pedro-souza-irpf/aef_scan/ocr_txt/anuareco1980minfaz_djvu.txt;outputs/fontes-pedro-souza-irpf/aef_scan/previews/anuareco1980/aef1980_pdfpage_376.png;376;383;"O AEF 1980 cobre ano-base 1978/exercicio 1979, mas nao traz a matriz nacional detalhada de renda liquida por classes de renda liquida que foi usada nos AEF 1976-1979. As tabelas 1 e 2 classificam os declarantes por classes de rendimento bruto total; a tabela 2 decompoe a renda liquida calculada apenas em tres blocos: negativa, de zero a Cr$ 65.000 e acima de Cr$ 65.000. Por isso, a extracao foi preservada como serie paralela e nao deve ser misturada diretamente com a serie nacional comparavel. Os agregados monetarios sao publicados em Cr$ 1.000. Em algumas colunas, a soma das faixas difere do total publicado por poucos milhares de cruzeiros, consistente com arredondamento/publicacao do total.";F05;5;157.001 a 205.000;157001;205000;0;4372;98459;125264;6251263;540093;57197055;540001;1720466;rendimento bruto total;renda liquida calculada;2
1979;1978;Brasil;Cr$;Cr$ 1.000;Cr$ 1,00;0;Brasil. Ministerio da Fazenda. Anuario Economico-Fiscal 1980. Brasilia: Ministerio da Fazenda, 1980.;https://archive.org/details/anuareco1980minfaz;https://archive.org/download/anuareco1980minfaz/anuareco1980minfaz.pdf;https://ci.nii.ac.jp/ncid/BB06332999;outputs/fontes-pedro-souza-irpf/aef_scan/pdf/anuareco1980minfaz.pdf;outputs/fontes-pedro-souza-irpf/aef_scan/ocr_txt/anuareco1980minfaz_djvu.txt;outputs/fontes-pedro-souza-irpf/aef_scan/previews/anuareco1980/aef1980_pdfpage_376.png;376;383;"O AEF 1980 cobre ano-base 1978/exercicio 1979, mas nao traz a matriz nacional detalhada de renda liquida por classes de renda liquida que foi usada nos AEF 1976-1979. As tabelas 1 e 2 classificam os declarantes por classes de rendimento bruto total; a tabela 2 decompoe a renda liquida calculada apenas em tres blocos: negativa, de zero a Cr$ 65.000 e acima de Cr$ 65.000. Por isso, a extracao foi preservada como serie paralela e nao deve ser misturada diretamente com a serie nacional comparavel. Os agregados monetarios sao publicados em Cr$ 1.000. Em algumas colunas, a soma das faixas difere do total publicado por poucos milhares de cruzeiros, consistente com arredondamento/publicacao do total.";F06;6;205.001 a 270.000;205001;270000;0;1343;30929;32698;1572564;461991;63335242;461975;3416726;rendimento bruto total;renda liquida calculada;2
1979;1978;Brasil;Cr$;Cr$ 1.000;Cr$ 1,00;0;Brasil. Ministerio da Fazenda. Anuario Economico-Fiscal 1980. Brasilia: Ministerio da Fazenda, 1980.;https://archive.org/details/anuareco1980minfaz;https://archive.org/download/anuareco1980minfaz/anuareco1980minfaz.pdf;https://ci.nii.ac.jp/ncid/BB06332999;outputs/fontes-pedro-souza-irpf/aef_scan/pdf/anuareco1980minfaz.pdf;outputs/fontes-pedro-souza-irpf/aef_scan/ocr_txt/anuareco1980minfaz_djvu.txt;outputs/fontes-pedro-souza-irpf/aef_scan/previews/anuareco1980/aef1980_pdfpage_376.png;376;383;"O AEF 1980 cobre ano-base 1978/exercicio 1979, mas nao traz a matriz nacional detalhada de renda liquida por classes de renda liquida que foi usada nos AEF 1976-1979. As tabelas 1 e 2 classificam os declarantes por classes de rendimento bruto total; a tabela 2 decompoe a renda liquida calculada apenas em tres blocos: negativa, de zero a Cr$ 65.000 e acima de Cr$ 65.000. Por isso, a extracao foi preservada como serie paralela e nao deve ser misturada diretamente com a serie nacional comparavel. Os agregados monetarios sao publicados em Cr$ 1.000. Em algumas colunas, a soma das faixas difere do total publicado por poucos milhares de cruzeiros, consistente com arredondamento/publicacao do total.";F07;7;270.001 a 350.000;270001;350000;0;322;10764;9756;481061;322082;58645277;322079;5036295;rendimento bruto total;renda liquida calculada;2
1979;1978;Brasil;Cr$;Cr$ 1.000;Cr$ 1,00;0;Brasil. Ministerio da Fazenda. Anuario Economico-Fiscal 1980. Brasilia: Ministerio da Fazenda, 1980.;https://archive.org/details/anuareco1980minfaz;https://archive.org/download/anuareco1980minfaz/anuareco1980minfaz.pdf;https://ci.nii.ac.jp/ncid/BB06332999;outputs/fontes-pedro-souza-irpf/aef_scan/pdf/anuareco1980minfaz.pdf;outputs/fontes-pedro-souza-irpf/aef_scan/ocr_txt/anuareco1980minfaz_djvu.txt;outputs/fontes-pedro-souza-irpf/aef_scan/previews/anuareco1980/aef1980_pdfpage_376.png;376;383;"O AEF 1980 cobre ano-base 1978/exercicio 1979, mas nao traz a matriz nacional detalhada de renda liquida por classes de renda liquida que foi usada nos AEF 1976-1979. As tabelas 1 e 2 classificam os declarantes por classes de rendimento bruto total; a tabela 2 decompoe a renda liquida calculada apenas em tres blocos: negativa, de zero a Cr$ 65.000 e acima de Cr$ 65.000. Por isso, a extracao foi preservada como serie paralela e nao deve ser misturada diretamente com a serie nacional comparavel. Os agregados monetarios sao publicados em Cr$ 1.000. Em algumas colunas, a soma das faixas difere do total publicado por poucos milhares de cruzeiros, consistente com arredondamento/publicacao do total.";F08;8;350.001 a 460.000;350001;460000;0;72;5678;2062;102959;241248;59518076;241247;7481843;rendimento bruto total;renda liquida calculada;2
1979;1978;Brasil;Cr$;Cr$ 1.000;Cr$ 1,00;0;Brasil. Ministerio da Fazenda. Anuario Economico-Fiscal 1980. Brasilia: Ministerio da Fazenda, 1980.;https://archive.org/details/anuareco1980minfaz;https://archive.org/download/anuareco1980minfaz/anuareco1980minfaz.pdf;https://ci.nii.ac.jp/ncid/BB06332999;outputs/fontes-pedro-souza-irpf/aef_scan/pdf/anuareco1980minfaz.pdf;outputs/fontes-pedro-souza-irpf/aef_scan/ocr_txt/anuareco1980minfaz_djvu.txt;outputs/fontes-pedro-souza-irpf/aef_scan/previews/anuareco1980/aef1980_pdfpage_376.png;376;383;"O AEF 1980 cobre ano-base 1978/exercicio 1979, mas nao traz a matriz nacional detalhada de renda liquida por classes de renda liquida que foi usada nos AEF 1976-1979. As tabelas 1 e 2 classificam os declarantes por classes de rendimento bruto total; a tabela 2 decompoe a renda liquida calculada apenas em tres blocos: negativa, de zero a Cr$ 65.000 e acima de Cr$ 65.000. Por isso, a extracao foi preservada como serie paralela e nao deve ser misturada diretamente com a serie nacional comparavel. Os agregados monetarios sao publicados em Cr$ 1.000. Em algumas colunas, a soma das faixas difere do total publicado por poucos milhares de cruzeiros, consistente com arredondamento/publicacao do total.";F09;9;460.001 a 600.000;460001;600000;0;19;956;268;12672;155661;53352836;155661;9235443;rendimento bruto total;renda liquida calculada;2
1979;1978;Brasil;Cr$;Cr$ 1.000;Cr$ 1,00;0;Brasil. Ministerio da Fazenda. Anuario Economico-Fiscal 1980. Brasilia: Ministerio da Fazenda, 1980.;https://archive.org/details/anuareco1980minfaz;https://archive.org/download/anuareco1980minfaz/anuareco1980minfaz.pdf;https://ci.nii.ac.jp/ncid/BB06332999;outputs/fontes-pedro-souza-irpf/aef_scan/pdf/anuareco1980minfaz.pdf;outputs/fontes-pedro-souza-irpf/aef_scan/ocr_txt/anuareco1980minfaz_djvu.txt;outputs/fontes-pedro-souza-irpf/aef_scan/previews/anuareco1980/aef1980_pdfpage_376.png;376;383;"O AEF 1980 cobre ano-base 1978/exercicio 1979, mas nao traz a matriz nacional detalhada de renda liquida por classes de renda liquida que foi usada nos AEF 1976-1979. As tabelas 1 e 2 classificam os declarantes por classes de rendimento bruto total; a tabela 2 decompoe a renda liquida calculada apenas em tres blocos: negativa, de zero a Cr$ 65.000 e acima de Cr$ 65.000. Por isso, a extracao foi preservada como serie paralela e nao deve ser misturada diretamente com a serie nacional comparavel. Os agregados monetarios sao publicados em Cr$ 1.000. Em algumas colunas, a soma das faixas difere do total publicado por poucos milhares de cruzeiros, consistente com arredondamento/publicacao do total.";F10;10;600.001 a 950.000;600001;950000;0;20;1274;95;4061;138394;70266629;138394;16582306;rendimento bruto total;renda liquida calculada;2
1979;1978;Brasil;Cr$;Cr$ 1.000;Cr$ 1,00;0;Brasil. Ministerio da Fazenda. Anuario Economico-Fiscal 1980. Brasilia: Ministerio da Fazenda, 1980.;https://archive.org/details/anuareco1980minfaz;https://archive.org/download/anuareco1980minfaz/anuareco1980minfaz.pdf;https://ci.nii.ac.jp/ncid/BB06332999;outputs/fontes-pedro-souza-irpf/aef_scan/pdf/anuareco1980minfaz.pdf;outputs/fontes-pedro-souza-irpf/aef_scan/ocr_txt/anuareco1980minfaz_djvu.txt;outputs/fontes-pedro-souza-irpf/aef_scan/previews/anuareco1980/aef1980_pdfpage_376.png;376;383;"O AEF 1980 cobre ano-base 1978/exercicio 1979, mas nao traz a matriz nacional detalhada de renda liquida por classes de renda liquida que foi usada nos AEF 1976-1979. As tabelas 1 e 2 classificam os declarantes por classes de rendimento bruto total; a tabela 2 decompoe a renda liquida calculada apenas em tres blocos: negativa, de zero a Cr$ 65.000 e acima de Cr$ 65.000. Por isso, a extracao foi preservada como serie paralela e nao deve ser misturada diretamente com a serie nacional comparavel. Os agregados monetarios sao publicados em Cr$ 1.000. Em algumas colunas, a soma das faixas difere do total publicado por poucos milhares de cruzeiros, consistente com arredondamento/publicacao do total.";F11;11;950.001 a 1.400.000;950001;1400000;0;10;1341;17;820;39424;31797131;39424;9826541;rendimento bruto total;renda liquida calculada;2
1979;1978;Brasil;Cr$;Cr$ 1.000;Cr$ 1,00;0;Brasil. Ministerio da Fazenda. Anuario Economico-Fiscal 1980. Brasilia: Ministerio da Fazenda, 1980.;https://archive.org/details/anuareco1980minfaz;https://archive.org/download/anuareco1980minfaz/anuareco1980minfaz.pdf;https://ci.nii.ac.jp/ncid/BB06332999;outputs/fontes-pedro-souza-irpf/aef_scan/pdf/anuareco1980minfaz.pdf;outputs/fontes-pedro-souza-irpf/aef_scan/ocr_txt/anuareco1980minfaz_djvu.txt;outputs/fontes-pedro-souza-irpf/aef_scan/previews/anuareco1980/aef1980_pdfpage_376.png;376;383;"O AEF 1980 cobre ano-base 1978/exercicio 1979, mas nao traz a matriz nacional detalhada de renda liquida por classes de renda liquida que foi usada nos AEF 1976-1979. As tabelas 1 e 2 classificam os declarantes por classes de rendimento bruto total; a tabela 2 decompoe a renda liquida calculada apenas em tres blocos: negativa, de zero a Cr$ 65.000 e acima de Cr$ 65.000. Por isso, a extracao foi preservada como serie paralela e nao deve ser misturada diretamente com a serie nacional comparavel. Os agregados monetarios sao publicados em Cr$ 1.000. Em algumas colunas, a soma das faixas difere do total publicado por poucos milhares de cruzeiros, consistente com arredondamento/publicacao do total.";F12;12;1.400.001 a 1.900.000;1400001;1900000;0;2;107;5;205;10461;12345501;10461;4504129;rendimento bruto total;renda liquida calculada;2
1979;1978;Brasil;Cr$;Cr$ 1.000;Cr$ 1,00;0;Brasil. Ministerio da Fazenda. Anuario Economico-Fiscal 1980. Brasilia: Ministerio da Fazenda, 1980.;https://archive.org/details/anuareco1980minfaz;https://archive.org/download/anuareco1980minfaz/anuareco1980minfaz.pdf;https://ci.nii.ac.jp/ncid/BB06332999;outputs/fontes-pedro-souza-irpf/aef_scan/pdf/anuareco1980minfaz.pdf;outputs/fontes-pedro-souza-irpf/aef_scan/ocr_txt/anuareco1980minfaz_djvu.txt;outputs/fontes-pedro-souza-irpf/aef_scan/previews/anuareco1980/aef1980_pdfpage_376.png;376;383;"O AEF 1980 cobre ano-base 1978/exercicio 1979, mas nao traz a matriz nacional detalhada de renda liquida por classes de renda liquida que foi usada nos AEF 1976-1979. As tabelas 1 e 2 classificam os declarantes por classes de rendimento bruto total; a tabela 2 decompoe a renda liquida calculada apenas em tres blocos: negativa, de zero a Cr$ 65.000 e acima de Cr$ 65.000. Por isso, a extracao foi preservada como serie paralela e nao deve ser misturada diretamente com a serie nacional comparavel. Os agregados monetarios sao publicados em Cr$ 1.000. Em algumas colunas, a soma das faixas difere do total publicado por poucos milhares de cruzeiros, consistente com arredondamento/publicacao do total.";F13;13;1.900.001 a 5.700.000;1900001;5700000;0;2;56;1;53;7377;14735231;7377;6428101;rendimento bruto total;renda liquida calculada;2
1979;1978;Brasil;Cr$;Cr$ 1.000;Cr$ 1,00;0;Brasil. Ministerio da Fazenda. Anuario Economico-Fiscal 1980. Brasilia: Ministerio da Fazenda, 1980.;https://archive.org/details/anuareco1980minfaz;https://archive.org/download/anuareco1980minfaz/anuareco1980minfaz.pdf;https://ci.nii.ac.jp/ncid/BB06332999;outputs/fontes-pedro-souza-irpf/aef_scan/pdf/anuareco1980minfaz.pdf;outputs/fontes-pedro-souza-irpf/aef_scan/ocr_txt/anuareco1980minfaz_djvu.txt;outputs/fontes-pedro-souza-irpf/aef_scan/previews/anuareco1980/aef1980_pdfpage_376.png;376;383;"O AEF 1980 cobre ano-base 1978/exercicio 1979, mas nao traz a matriz nacional detalhada de renda liquida por classes de renda liquida que foi usada nos AEF 1976-1979. As tabelas 1 e 2 classificam os declarantes por classes de rendimento bruto total; a tabela 2 decompoe a renda liquida calculada apenas em tres blocos: negativa, de zero a Cr$ 65.000 e acima de Cr$ 65.000. Por isso, a extracao foi preservada como serie paralela e nao deve ser misturada diretamente com a serie nacional comparavel. Os agregados monetarios sao publicados em Cr$ 1.000. Em algumas colunas, a soma das faixas difere do total publicado por poucos milhares de cruzeiros, consistente com arredondamento/publicacao do total.";F14;14;Acima de 5.700.000;5700000;;1;2;150;0;0;563;3799777;563;1960274;rendimento bruto total;renda liquida calculada;2
