ano_calendario;ano_exercicio;unidade_geografica;moeda;unidade_monetaria_agregados;unidade_limites_faixa;fonte_bloco;fonte;url_pdf_view;url_pdf_download;url_xlsx_view;url_xlsx_download;arquivo_pdf;arquivo_xlsx;arquivo_imagem_tabela;pagina_pdf_tabela;pagina_impressa_tabela;aba_planilha;tabela;observacao;codigo_faixa;ordem_faixa;faixa_rendimento_total_sm_mensal_publicada;faixa_rendimento_total_sm_mensal_normalizada;limite_inferior_sm_mensal;limite_superior_sm_mensal;faixa_topo_aberta;quantidade_declarantes;rendimento_tributavel_bruto_rs_milhoes;rendimentos_tributacao_exclusiva_rs_milhoes;rendimentos_isentos_nao_tributaveis_rs_milhoes;rendimento_total_rtot_rs_milhoes;rendimento_tributavel_bruto_rs;rendimentos_tributacao_exclusiva_rs;rendimentos_isentos_nao_tributaveis_rs;rendimento_total_rtot_rs;rendimento_total_rtot_medio_por_declarante_rs;base_calculo_rtl_rs_milhoes;base_calculo_rtl_rs;deducao_previdenciaria_rs_milhoes;deducoes_dependentes_rs_milhoes;deducoes_instrucao_rs_milhoes;deducoes_medicas_rs_milhoes;deducao_livro_caixa_rs_milhoes;deducoes_pensao_alimenticia_rs_milhoes;desconto_padrao_rs_milhoes;imposto_devido_rs_milhoes;imposto_pago_rs_milhoes;imposto_a_pagar_rs_milhoes;imposto_a_restituir_rs_milhoes;bens_e_direitos_rs_milhoes;dividas_e_onus_rs_milhoes;doacoes_e_herancas_rs_milhoes;doacoes_e_herancas_rs;tipo_rendimento_faixa;tipo_valor_monetario;observacao_linha
2017;2018;Brasil;R$;R$ 1.000.000;salario minimo mensal;gnirpf_2018_ac2017_rendimentos_totais;Brasil. Ministerio da Economia. Secretaria Especial da Receita Federal do Brasil. Centro de Estudos Tributarios e Aduaneiros. Grandes Numeros IRPF - ano-calendario 2017, exercicio 2018. Brasilia: Receita Federal/CETAD, maio 2019.;https://www.gov.br/receitafederal/pt-br/centrais-de-conteudo/publicacoes/estudos/imposto-de-renda/estudos-por-ano/grandes-numeros-do-IRPF-2008-a-2025/gn-2018-2017.pdf/view;https://www.gov.br/receitafederal/pt-br/centrais-de-conteudo/publicacoes/estudos/imposto-de-renda/estudos-por-ano/grandes-numeros-do-IRPF-2008-a-2025/gn-2018-2017.pdf/@@download/file;https://www.gov.br/receitafederal/pt-br/centrais-de-conteudo/publicacoes/estudos/imposto-de-renda/estudos-por-ano/grandes-numeros-do-IRPF-2008-a-2025/gn-irpf-2018-2017.xlsx/view;https://www.gov.br/receitafederal/pt-br/centrais-de-conteudo/publicacoes/estudos/imposto-de-renda/estudos-por-ano/grandes-numeros-do-IRPF-2008-a-2025/gn-irpf-2018-2017.xlsx/@@download/file;outputs/fontes-pedro-souza-irpf/gn_irpf_2018_ano_calendario_2017.pdf;outputs/fontes-pedro-souza-irpf/gn_irpf_2018_ano_calendario_2017_tabelas.xlsx;outputs/fontes-pedro-souza-irpf/gn_irpf_2018_ano_calendario_2017_paginas/pagina_014.png;14;9;faixa SM RTT+RTE+RTI;Tabela 9 - Resumo das Declaracoes Por Faixa de Rendimentos Totais em salarios minimos;"Fonte nao listada na Tabela 4 extraida da tese de Pedro Herculano, cuja serie ali transcrita se encerra em 2013; entra aqui como extensao propria da serie a partir das publicacoes oficiais da Receita Federal. A tabela extraida usa a Tabela 9 do GNIRPF 2018, Resumo das Declaracoes Por Faixa de Rendimentos Totais em salarios minimos, com valores em R$ milhoes. A fonte traz Rendim. Tribut., Rendim. Tribut. Exclus. e Rendim. Isentos; o RTOT foi derivado como a soma desses tres componentes. A coluna Base de Calculo (RTL) foi preservada como proxy observada de rendimento/base tributavel liquida, mantendo o rotulo original da fonte. A Tabela 9 preserva a granularidade de 17 faixas e a coluna Doacoes e Herancas. Ha tambem planilha adicional de tipo de rendimento por salario minimo para o AC2017, anotada como complementar e nao usada nesta transcricao da Tabela 9.";F01;1;Até 1/2;Ate 1/2;0;0.5;0;1351834;381.391079;79.543295;168.870439;629.804813;381391079.43;79543294.79;168870438.61;629804812.83;465.889165;300.366135;300366134.55;167.015514;370.621907;26.316180;126.712156;0.191778;27.770348;43.820324;0.031225;10515.910895;0.009704;10515.889374;225223.618991;35098.297324;3.033808;3033807.93;rendimento total mensal em salarios minimos;RBT, rendimentos com tributacao exclusiva, rendimentos isentos/nao tributaveis, RTOT derivado, Base de Calculo (RTL) e Doacoes e Herancas;"Linha transcrita da Tabela 9 da planilha oficial; RTOT derivado por soma de Rendim. Tribut., Rendim. Tribut. Exclus. e Rendim. Isentos."
2017;2018;Brasil;R$;R$ 1.000.000;salario minimo mensal;gnirpf_2018_ac2017_rendimentos_totais;Brasil. Ministerio da Economia. Secretaria Especial da Receita Federal do Brasil. Centro de Estudos Tributarios e Aduaneiros. Grandes Numeros IRPF - ano-calendario 2017, exercicio 2018. Brasilia: Receita Federal/CETAD, maio 2019.;https://www.gov.br/receitafederal/pt-br/centrais-de-conteudo/publicacoes/estudos/imposto-de-renda/estudos-por-ano/grandes-numeros-do-IRPF-2008-a-2025/gn-2018-2017.pdf/view;https://www.gov.br/receitafederal/pt-br/centrais-de-conteudo/publicacoes/estudos/imposto-de-renda/estudos-por-ano/grandes-numeros-do-IRPF-2008-a-2025/gn-2018-2017.pdf/@@download/file;https://www.gov.br/receitafederal/pt-br/centrais-de-conteudo/publicacoes/estudos/imposto-de-renda/estudos-por-ano/grandes-numeros-do-IRPF-2008-a-2025/gn-irpf-2018-2017.xlsx/view;https://www.gov.br/receitafederal/pt-br/centrais-de-conteudo/publicacoes/estudos/imposto-de-renda/estudos-por-ano/grandes-numeros-do-IRPF-2008-a-2025/gn-irpf-2018-2017.xlsx/@@download/file;outputs/fontes-pedro-souza-irpf/gn_irpf_2018_ano_calendario_2017.pdf;outputs/fontes-pedro-souza-irpf/gn_irpf_2018_ano_calendario_2017_tabelas.xlsx;outputs/fontes-pedro-souza-irpf/gn_irpf_2018_ano_calendario_2017_paginas/pagina_014.png;14;9;faixa SM RTT+RTE+RTI;Tabela 9 - Resumo das Declaracoes Por Faixa de Rendimentos Totais em salarios minimos;"Fonte nao listada na Tabela 4 extraida da tese de Pedro Herculano, cuja serie ali transcrita se encerra em 2013; entra aqui como extensao propria da serie a partir das publicacoes oficiais da Receita Federal. A tabela extraida usa a Tabela 9 do GNIRPF 2018, Resumo das Declaracoes Por Faixa de Rendimentos Totais em salarios minimos, com valores em R$ milhoes. A fonte traz Rendim. Tribut., Rendim. Tribut. Exclus. e Rendim. Isentos; o RTOT foi derivado como a soma desses tres componentes. A coluna Base de Calculo (RTL) foi preservada como proxy observada de rendimento/base tributavel liquida, mantendo o rotulo original da fonte. A Tabela 9 preserva a granularidade de 17 faixas e a coluna Doacoes e Herancas. Ha tambem planilha adicional de tipo de rendimento por salario minimo para o AC2017, anotada como complementar e nao usada nesta transcricao da Tabela 9.";F02;2;De 1/2 a 1;De 1/2 a 1;0.5;1;0;640769;5792.144625;161.296395;503.128867;6456.569887;5792144624.69;161296395.15;503128866.74;6456569886.58;10076.283164;4725.092999;4725092999.48;152.181030;211.666618;19.013184;69.410209;0.858695;10.265283;794.125150;0.118502;24.439588;0.045452;24.366538;62709.180010;5101.970166;7.888417;7888417.06;rendimento total mensal em salarios minimos;RBT, rendimentos com tributacao exclusiva, rendimentos isentos/nao tributaveis, RTOT derivado, Base de Calculo (RTL) e Doacoes e Herancas;"Linha transcrita da Tabela 9 da planilha oficial; RTOT derivado por soma de Rendim. Tribut., Rendim. Tribut. Exclus. e Rendim. Isentos."
2017;2018;Brasil;R$;R$ 1.000.000;salario minimo mensal;gnirpf_2018_ac2017_rendimentos_totais;Brasil. Ministerio da Economia. Secretaria Especial da Receita Federal do Brasil. Centro de Estudos Tributarios e Aduaneiros. Grandes Numeros IRPF - ano-calendario 2017, exercicio 2018. Brasilia: Receita Federal/CETAD, maio 2019.;https://www.gov.br/receitafederal/pt-br/centrais-de-conteudo/publicacoes/estudos/imposto-de-renda/estudos-por-ano/grandes-numeros-do-IRPF-2008-a-2025/gn-2018-2017.pdf/view;https://www.gov.br/receitafederal/pt-br/centrais-de-conteudo/publicacoes/estudos/imposto-de-renda/estudos-por-ano/grandes-numeros-do-IRPF-2008-a-2025/gn-2018-2017.pdf/@@download/file;https://www.gov.br/receitafederal/pt-br/centrais-de-conteudo/publicacoes/estudos/imposto-de-renda/estudos-por-ano/grandes-numeros-do-IRPF-2008-a-2025/gn-irpf-2018-2017.xlsx/view;https://www.gov.br/receitafederal/pt-br/centrais-de-conteudo/publicacoes/estudos/imposto-de-renda/estudos-por-ano/grandes-numeros-do-IRPF-2008-a-2025/gn-irpf-2018-2017.xlsx/@@download/file;outputs/fontes-pedro-souza-irpf/gn_irpf_2018_ano_calendario_2017.pdf;outputs/fontes-pedro-souza-irpf/gn_irpf_2018_ano_calendario_2017_tabelas.xlsx;outputs/fontes-pedro-souza-irpf/gn_irpf_2018_ano_calendario_2017_paginas/pagina_014.png;14;9;faixa SM RTT+RTE+RTI;Tabela 9 - Resumo das Declaracoes Por Faixa de Rendimentos Totais em salarios minimos;"Fonte nao listada na Tabela 4 extraida da tese de Pedro Herculano, cuja serie ali transcrita se encerra em 2013; entra aqui como extensao propria da serie a partir das publicacoes oficiais da Receita Federal. A tabela extraida usa a Tabela 9 do GNIRPF 2018, Resumo das Declaracoes Por Faixa de Rendimentos Totais em salarios minimos, com valores em R$ milhoes. A fonte traz Rendim. Tribut., Rendim. Tribut. Exclus. e Rendim. Isentos; o RTOT foi derivado como a soma desses tres componentes. A coluna Base de Calculo (RTL) foi preservada como proxy observada de rendimento/base tributavel liquida, mantendo o rotulo original da fonte. A Tabela 9 preserva a granularidade de 17 faixas e a coluna Doacoes e Herancas. Ha tambem planilha adicional de tipo de rendimento por salario minimo para o AC2017, anotada como complementar e nao usada nesta transcricao da Tabela 9.";F03;3;De 1 a 2;De 1 a 2;1;2;0;1578831;22228.075775;993.575752;3877.627648;27099.279174;22228075774.60;993575751.88;3877627647.79;27099279174.27;17164.141808;18268.803898;18268803897.71;456.751212;732.593961;82.508144;343.327607;7.815113;36.849909;2873.599394;0.887287;136.686503;0.309030;136.108330;174046.646250;14660.253141;47.691166;47691166.16;rendimento total mensal em salarios minimos;RBT, rendimentos com tributacao exclusiva, rendimentos isentos/nao tributaveis, RTOT derivado, Base de Calculo (RTL) e Doacoes e Herancas;"Linha transcrita da Tabela 9 da planilha oficial; RTOT derivado por soma de Rendim. Tribut., Rendim. Tribut. Exclus. e Rendim. Isentos."
2017;2018;Brasil;R$;R$ 1.000.000;salario minimo mensal;gnirpf_2018_ac2017_rendimentos_totais;Brasil. Ministerio da Economia. Secretaria Especial da Receita Federal do Brasil. Centro de Estudos Tributarios e Aduaneiros. Grandes Numeros IRPF - ano-calendario 2017, exercicio 2018. Brasilia: Receita Federal/CETAD, maio 2019.;https://www.gov.br/receitafederal/pt-br/centrais-de-conteudo/publicacoes/estudos/imposto-de-renda/estudos-por-ano/grandes-numeros-do-IRPF-2008-a-2025/gn-2018-2017.pdf/view;https://www.gov.br/receitafederal/pt-br/centrais-de-conteudo/publicacoes/estudos/imposto-de-renda/estudos-por-ano/grandes-numeros-do-IRPF-2008-a-2025/gn-2018-2017.pdf/@@download/file;https://www.gov.br/receitafederal/pt-br/centrais-de-conteudo/publicacoes/estudos/imposto-de-renda/estudos-por-ano/grandes-numeros-do-IRPF-2008-a-2025/gn-irpf-2018-2017.xlsx/view;https://www.gov.br/receitafederal/pt-br/centrais-de-conteudo/publicacoes/estudos/imposto-de-renda/estudos-por-ano/grandes-numeros-do-IRPF-2008-a-2025/gn-irpf-2018-2017.xlsx/@@download/file;outputs/fontes-pedro-souza-irpf/gn_irpf_2018_ano_calendario_2017.pdf;outputs/fontes-pedro-souza-irpf/gn_irpf_2018_ano_calendario_2017_tabelas.xlsx;outputs/fontes-pedro-souza-irpf/gn_irpf_2018_ano_calendario_2017_paginas/pagina_014.png;14;9;faixa SM RTT+RTE+RTI;Tabela 9 - Resumo das Declaracoes Por Faixa de Rendimentos Totais em salarios minimos;"Fonte nao listada na Tabela 4 extraida da tese de Pedro Herculano, cuja serie ali transcrita se encerra em 2013; entra aqui como extensao propria da serie a partir das publicacoes oficiais da Receita Federal. A tabela extraida usa a Tabela 9 do GNIRPF 2018, Resumo das Declaracoes Por Faixa de Rendimentos Totais em salarios minimos, com valores em R$ milhoes. A fonte traz Rendim. Tribut., Rendim. Tribut. Exclus. e Rendim. Isentos; o RTOT foi derivado como a soma desses tres componentes. A coluna Base de Calculo (RTL) foi preservada como proxy observada de rendimento/base tributavel liquida, mantendo o rotulo original da fonte. A Tabela 9 preserva a granularidade de 17 faixas e a coluna Doacoes e Herancas. Ha tambem planilha adicional de tipo de rendimento por salario minimo para o AC2017, anotada como complementar e nao usada nesta transcricao da Tabela 9.";F04;4;De 2 a 3;De 2 a 3;2;3;0;4437466;112035.942107;4987.521084;10053.980406;127077.443597;112035942106.99;4987521084.28;10053980405.55;127077443596.82;28637.389807;88421.711818;88421711817.70;2346.043153;3351.254267;475.530104;1482.990891;56.756664;205.602798;17875.100863;89.706202;669.268671;31.840348;611.403624;453476.560779;33703.036713;120.153551;120153551.23;rendimento total mensal em salarios minimos;RBT, rendimentos com tributacao exclusiva, rendimentos isentos/nao tributaveis, RTOT derivado, Base de Calculo (RTL) e Doacoes e Herancas;"Linha transcrita da Tabela 9 da planilha oficial; RTOT derivado por soma de Rendim. Tribut., Rendim. Tribut. Exclus. e Rendim. Isentos."
2017;2018;Brasil;R$;R$ 1.000.000;salario minimo mensal;gnirpf_2018_ac2017_rendimentos_totais;Brasil. Ministerio da Economia. Secretaria Especial da Receita Federal do Brasil. Centro de Estudos Tributarios e Aduaneiros. Grandes Numeros IRPF - ano-calendario 2017, exercicio 2018. Brasilia: Receita Federal/CETAD, maio 2019.;https://www.gov.br/receitafederal/pt-br/centrais-de-conteudo/publicacoes/estudos/imposto-de-renda/estudos-por-ano/grandes-numeros-do-IRPF-2008-a-2025/gn-2018-2017.pdf/view;https://www.gov.br/receitafederal/pt-br/centrais-de-conteudo/publicacoes/estudos/imposto-de-renda/estudos-por-ano/grandes-numeros-do-IRPF-2008-a-2025/gn-2018-2017.pdf/@@download/file;https://www.gov.br/receitafederal/pt-br/centrais-de-conteudo/publicacoes/estudos/imposto-de-renda/estudos-por-ano/grandes-numeros-do-IRPF-2008-a-2025/gn-irpf-2018-2017.xlsx/view;https://www.gov.br/receitafederal/pt-br/centrais-de-conteudo/publicacoes/estudos/imposto-de-renda/estudos-por-ano/grandes-numeros-do-IRPF-2008-a-2025/gn-irpf-2018-2017.xlsx/@@download/file;outputs/fontes-pedro-souza-irpf/gn_irpf_2018_ano_calendario_2017.pdf;outputs/fontes-pedro-souza-irpf/gn_irpf_2018_ano_calendario_2017_tabelas.xlsx;outputs/fontes-pedro-souza-irpf/gn_irpf_2018_ano_calendario_2017_paginas/pagina_014.png;14;9;faixa SM RTT+RTE+RTI;Tabela 9 - Resumo das Declaracoes Por Faixa de Rendimentos Totais em salarios minimos;"Fonte nao listada na Tabela 4 extraida da tese de Pedro Herculano, cuja serie ali transcrita se encerra em 2013; entra aqui como extensao propria da serie a partir das publicacoes oficiais da Receita Federal. A tabela extraida usa a Tabela 9 do GNIRPF 2018, Resumo das Declaracoes Por Faixa de Rendimentos Totais em salarios minimos, com valores em R$ milhoes. A fonte traz Rendim. Tribut., Rendim. Tribut. Exclus. e Rendim. Isentos; o RTOT foi derivado como a soma desses tres componentes. A coluna Base de Calculo (RTL) foi preservada como proxy observada de rendimento/base tributavel liquida, mantendo o rotulo original da fonte. A Tabela 9 preserva a granularidade de 17 faixas e a coluna Doacoes e Herancas. Ha tambem planilha adicional de tipo de rendimento por salario minimo para o AC2017, anotada como complementar e nao usada nesta transcricao da Tabela 9.";F05;5;De 3 a 5;De 3 a 5;3;5;0;7945451;284757.515257;22705.096784;41037.490897;348500.102938;284757515257.25;22705096784.15;41037490896.93;348500102938.33;43861.588592;213984.413296;213984413295.55;13185.640937;12784.814335;4108.227821;10172.942251;374.694735;1713.003373;33688.612463;3906.415386;6676.408207;665.407190;3435.417368;683226.987166;66297.414928;649.306325;649306325.21;rendimento total mensal em salarios minimos;RBT, rendimentos com tributacao exclusiva, rendimentos isentos/nao tributaveis, RTOT derivado, Base de Calculo (RTL) e Doacoes e Herancas;"Linha transcrita da Tabela 9 da planilha oficial; RTOT derivado por soma de Rendim. Tribut., Rendim. Tribut. Exclus. e Rendim. Isentos."
2017;2018;Brasil;R$;R$ 1.000.000;salario minimo mensal;gnirpf_2018_ac2017_rendimentos_totais;Brasil. Ministerio da Economia. Secretaria Especial da Receita Federal do Brasil. Centro de Estudos Tributarios e Aduaneiros. Grandes Numeros IRPF - ano-calendario 2017, exercicio 2018. Brasilia: Receita Federal/CETAD, maio 2019.;https://www.gov.br/receitafederal/pt-br/centrais-de-conteudo/publicacoes/estudos/imposto-de-renda/estudos-por-ano/grandes-numeros-do-IRPF-2008-a-2025/gn-2018-2017.pdf/view;https://www.gov.br/receitafederal/pt-br/centrais-de-conteudo/publicacoes/estudos/imposto-de-renda/estudos-por-ano/grandes-numeros-do-IRPF-2008-a-2025/gn-2018-2017.pdf/@@download/file;https://www.gov.br/receitafederal/pt-br/centrais-de-conteudo/publicacoes/estudos/imposto-de-renda/estudos-por-ano/grandes-numeros-do-IRPF-2008-a-2025/gn-irpf-2018-2017.xlsx/view;https://www.gov.br/receitafederal/pt-br/centrais-de-conteudo/publicacoes/estudos/imposto-de-renda/estudos-por-ano/grandes-numeros-do-IRPF-2008-a-2025/gn-irpf-2018-2017.xlsx/@@download/file;outputs/fontes-pedro-souza-irpf/gn_irpf_2018_ano_calendario_2017.pdf;outputs/fontes-pedro-souza-irpf/gn_irpf_2018_ano_calendario_2017_tabelas.xlsx;outputs/fontes-pedro-souza-irpf/gn_irpf_2018_ano_calendario_2017_paginas/pagina_014.png;14;9;faixa SM RTT+RTE+RTI;Tabela 9 - Resumo das Declaracoes Por Faixa de Rendimentos Totais em salarios minimos;"Fonte nao listada na Tabela 4 extraida da tese de Pedro Herculano, cuja serie ali transcrita se encerra em 2013; entra aqui como extensao propria da serie a partir das publicacoes oficiais da Receita Federal. A tabela extraida usa a Tabela 9 do GNIRPF 2018, Resumo das Declaracoes Por Faixa de Rendimentos Totais em salarios minimos, com valores em R$ milhoes. A fonte traz Rendim. Tribut., Rendim. Tribut. Exclus. e Rendim. Isentos; o RTOT foi derivado como a soma desses tres componentes. A coluna Base de Calculo (RTL) foi preservada como proxy observada de rendimento/base tributavel liquida, mantendo o rotulo original da fonte. A Tabela 9 preserva a granularidade de 17 faixas e a coluna Doacoes e Herancas. Ha tambem planilha adicional de tipo de rendimento por salario minimo para o AC2017, anotada como complementar e nao usada nesta transcricao da Tabela 9.";F06;6;De 5 a 7;De 5 a 7;5;7;0;4220858;218489.517917;19866.611449;41209.581270;279565.710636;218489517917.21;19866611448.88;41209581270.04;279565710636.13;66234.332128;161727.470316;161727470316.20;9463.754035;7793.102259;4189.593460;10905.725593;579.576035;1835.705742;24202.935786;8459.885300;11093.429487;1399.653420;4033.235547;583462.365433;132769.482228;1326.954615;1326954615.12;rendimento total mensal em salarios minimos;RBT, rendimentos com tributacao exclusiva, rendimentos isentos/nao tributaveis, RTOT derivado, Base de Calculo (RTL) e Doacoes e Herancas;"Linha transcrita da Tabela 9 da planilha oficial; RTOT derivado por soma de Rendim. Tribut., Rendim. Tribut. Exclus. e Rendim. Isentos."
2017;2018;Brasil;R$;R$ 1.000.000;salario minimo mensal;gnirpf_2018_ac2017_rendimentos_totais;Brasil. Ministerio da Economia. Secretaria Especial da Receita Federal do Brasil. Centro de Estudos Tributarios e Aduaneiros. Grandes Numeros IRPF - ano-calendario 2017, exercicio 2018. Brasilia: Receita Federal/CETAD, maio 2019.;https://www.gov.br/receitafederal/pt-br/centrais-de-conteudo/publicacoes/estudos/imposto-de-renda/estudos-por-ano/grandes-numeros-do-IRPF-2008-a-2025/gn-2018-2017.pdf/view;https://www.gov.br/receitafederal/pt-br/centrais-de-conteudo/publicacoes/estudos/imposto-de-renda/estudos-por-ano/grandes-numeros-do-IRPF-2008-a-2025/gn-2018-2017.pdf/@@download/file;https://www.gov.br/receitafederal/pt-br/centrais-de-conteudo/publicacoes/estudos/imposto-de-renda/estudos-por-ano/grandes-numeros-do-IRPF-2008-a-2025/gn-irpf-2018-2017.xlsx/view;https://www.gov.br/receitafederal/pt-br/centrais-de-conteudo/publicacoes/estudos/imposto-de-renda/estudos-por-ano/grandes-numeros-do-IRPF-2008-a-2025/gn-irpf-2018-2017.xlsx/@@download/file;outputs/fontes-pedro-souza-irpf/gn_irpf_2018_ano_calendario_2017.pdf;outputs/fontes-pedro-souza-irpf/gn_irpf_2018_ano_calendario_2017_tabelas.xlsx;outputs/fontes-pedro-souza-irpf/gn_irpf_2018_ano_calendario_2017_paginas/pagina_014.png;14;9;faixa SM RTT+RTE+RTI;Tabela 9 - Resumo das Declaracoes Por Faixa de Rendimentos Totais em salarios minimos;"Fonte nao listada na Tabela 4 extraida da tese de Pedro Herculano, cuja serie ali transcrita se encerra em 2013; entra aqui como extensao propria da serie a partir das publicacoes oficiais da Receita Federal. A tabela extraida usa a Tabela 9 do GNIRPF 2018, Resumo das Declaracoes Por Faixa de Rendimentos Totais em salarios minimos, com valores em R$ milhoes. A fonte traz Rendim. Tribut., Rendim. Tribut. Exclus. e Rendim. Isentos; o RTOT foi derivado como a soma desses tres componentes. A coluna Base de Calculo (RTL) foi preservada como proxy observada de rendimento/base tributavel liquida, mantendo o rotulo original da fonte. A Tabela 9 preserva a granularidade de 17 faixas e a coluna Doacoes e Herancas. Ha tambem planilha adicional de tipo de rendimento por salario minimo para o AC2017, anotada como complementar e nao usada nesta transcricao da Tabela 9.";F07;7;De 7 a 10;De 7 a 10;7;10;0;3192689;224715.948583;22406.702191;51631.847697;298754.498471;224715948582.75;22406702191.42;51631847696.93;298754498471.10;93574.569421;168193.034904;168193034903.91;9583.913497;6237.996350;4170.841247;11829.928296;942.024087;2218.623368;23310.966895;16645.622094;18499.204515;2616.540705;4470.165027;630663.267918;60577.958967;2254.294885;2254294884.86;rendimento total mensal em salarios minimos;RBT, rendimentos com tributacao exclusiva, rendimentos isentos/nao tributaveis, RTOT derivado, Base de Calculo (RTL) e Doacoes e Herancas;"Linha transcrita da Tabela 9 da planilha oficial; RTOT derivado por soma de Rendim. Tribut., Rendim. Tribut. Exclus. e Rendim. Isentos."
2017;2018;Brasil;R$;R$ 1.000.000;salario minimo mensal;gnirpf_2018_ac2017_rendimentos_totais;Brasil. Ministerio da Economia. Secretaria Especial da Receita Federal do Brasil. Centro de Estudos Tributarios e Aduaneiros. Grandes Numeros IRPF - ano-calendario 2017, exercicio 2018. Brasilia: Receita Federal/CETAD, maio 2019.;https://www.gov.br/receitafederal/pt-br/centrais-de-conteudo/publicacoes/estudos/imposto-de-renda/estudos-por-ano/grandes-numeros-do-IRPF-2008-a-2025/gn-2018-2017.pdf/view;https://www.gov.br/receitafederal/pt-br/centrais-de-conteudo/publicacoes/estudos/imposto-de-renda/estudos-por-ano/grandes-numeros-do-IRPF-2008-a-2025/gn-2018-2017.pdf/@@download/file;https://www.gov.br/receitafederal/pt-br/centrais-de-conteudo/publicacoes/estudos/imposto-de-renda/estudos-por-ano/grandes-numeros-do-IRPF-2008-a-2025/gn-irpf-2018-2017.xlsx/view;https://www.gov.br/receitafederal/pt-br/centrais-de-conteudo/publicacoes/estudos/imposto-de-renda/estudos-por-ano/grandes-numeros-do-IRPF-2008-a-2025/gn-irpf-2018-2017.xlsx/@@download/file;outputs/fontes-pedro-souza-irpf/gn_irpf_2018_ano_calendario_2017.pdf;outputs/fontes-pedro-souza-irpf/gn_irpf_2018_ano_calendario_2017_tabelas.xlsx;outputs/fontes-pedro-souza-irpf/gn_irpf_2018_ano_calendario_2017_paginas/pagina_014.png;14;9;faixa SM RTT+RTE+RTI;Tabela 9 - Resumo das Declaracoes Por Faixa de Rendimentos Totais em salarios minimos;"Fonte nao listada na Tabela 4 extraida da tese de Pedro Herculano, cuja serie ali transcrita se encerra em 2013; entra aqui como extensao propria da serie a partir das publicacoes oficiais da Receita Federal. A tabela extraida usa a Tabela 9 do GNIRPF 2018, Resumo das Declaracoes Por Faixa de Rendimentos Totais em salarios minimos, com valores em R$ milhoes. A fonte traz Rendim. Tribut., Rendim. Tribut. Exclus. e Rendim. Isentos; o RTOT foi derivado como a soma desses tres componentes. A coluna Base de Calculo (RTL) foi preservada como proxy observada de rendimento/base tributavel liquida, mantendo o rotulo original da fonte. A Tabela 9 preserva a granularidade de 17 faixas e a coluna Doacoes e Herancas. Ha tambem planilha adicional de tipo de rendimento por salario minimo para o AC2017, anotada como complementar e nao usada nesta transcricao da Tabela 9.";F08;8;De 10 a 15;De 10 a 15;10;15;0;2429334;235735.280146;26202.317479;69870.936273;331808.533898;235735280146.14;26202317478.65;69870936273.26;331808533898.05;136584.155945;184603.656913;184603656913.21;11769.669925;4714.741562;3593.240590;12854.053937;1480.935034;2390.310539;15678.585515;28019.529697;28147.120232;3566.069452;3693.679504;740099.193626;150848.474969;3384.665761;3384665760.59;rendimento total mensal em salarios minimos;RBT, rendimentos com tributacao exclusiva, rendimentos isentos/nao tributaveis, RTOT derivado, Base de Calculo (RTL) e Doacoes e Herancas;"Linha transcrita da Tabela 9 da planilha oficial; RTOT derivado por soma de Rendim. Tribut., Rendim. Tribut. Exclus. e Rendim. Isentos."
2017;2018;Brasil;R$;R$ 1.000.000;salario minimo mensal;gnirpf_2018_ac2017_rendimentos_totais;Brasil. Ministerio da Economia. Secretaria Especial da Receita Federal do Brasil. Centro de Estudos Tributarios e Aduaneiros. Grandes Numeros IRPF - ano-calendario 2017, exercicio 2018. Brasilia: Receita Federal/CETAD, maio 2019.;https://www.gov.br/receitafederal/pt-br/centrais-de-conteudo/publicacoes/estudos/imposto-de-renda/estudos-por-ano/grandes-numeros-do-IRPF-2008-a-2025/gn-2018-2017.pdf/view;https://www.gov.br/receitafederal/pt-br/centrais-de-conteudo/publicacoes/estudos/imposto-de-renda/estudos-por-ano/grandes-numeros-do-IRPF-2008-a-2025/gn-2018-2017.pdf/@@download/file;https://www.gov.br/receitafederal/pt-br/centrais-de-conteudo/publicacoes/estudos/imposto-de-renda/estudos-por-ano/grandes-numeros-do-IRPF-2008-a-2025/gn-irpf-2018-2017.xlsx/view;https://www.gov.br/receitafederal/pt-br/centrais-de-conteudo/publicacoes/estudos/imposto-de-renda/estudos-por-ano/grandes-numeros-do-IRPF-2008-a-2025/gn-irpf-2018-2017.xlsx/@@download/file;outputs/fontes-pedro-souza-irpf/gn_irpf_2018_ano_calendario_2017.pdf;outputs/fontes-pedro-souza-irpf/gn_irpf_2018_ano_calendario_2017_tabelas.xlsx;outputs/fontes-pedro-souza-irpf/gn_irpf_2018_ano_calendario_2017_paginas/pagina_014.png;14;9;faixa SM RTT+RTE+RTI;Tabela 9 - Resumo das Declaracoes Por Faixa de Rendimentos Totais em salarios minimos;"Fonte nao listada na Tabela 4 extraida da tese de Pedro Herculano, cuja serie ali transcrita se encerra em 2013; entra aqui como extensao propria da serie a partir das publicacoes oficiais da Receita Federal. A tabela extraida usa a Tabela 9 do GNIRPF 2018, Resumo das Declaracoes Por Faixa de Rendimentos Totais em salarios minimos, com valores em R$ milhoes. A fonte traz Rendim. Tribut., Rendim. Tribut. Exclus. e Rendim. Isentos; o RTOT foi derivado como a soma desses tres componentes. A coluna Base de Calculo (RTL) foi preservada como proxy observada de rendimento/base tributavel liquida, mantendo o rotulo original da fonte. A Tabela 9 preserva a granularidade de 17 faixas e a coluna Doacoes e Herancas. Ha tambem planilha adicional de tipo de rendimento por salario minimo para o AC2017, anotada como complementar e nao usada nesta transcricao da Tabela 9.";F09;9;De 15 a 20;De 15 a 20;15;20;0;1128245;145801.115307;18945.484712;53888.276471;218634.876490;145801115307.43;18945484711.82;53888276471.04;218634876490.29;193783.155689;117589.716426;117589716426.08;8968.572461;2192.765331;1741.813502;8112.973710;1204.837713;1619.979529;5099.279302;21853.675209;21426.029405;2263.596211;1835.982762;577178.443916;48354.492174;2936.483298;2936483297.67;rendimento total mensal em salarios minimos;RBT, rendimentos com tributacao exclusiva, rendimentos isentos/nao tributaveis, RTOT derivado, Base de Calculo (RTL) e Doacoes e Herancas;"Linha transcrita da Tabela 9 da planilha oficial; RTOT derivado por soma de Rendim. Tribut., Rendim. Tribut. Exclus. e Rendim. Isentos."
2017;2018;Brasil;R$;R$ 1.000.000;salario minimo mensal;gnirpf_2018_ac2017_rendimentos_totais;Brasil. Ministerio da Economia. Secretaria Especial da Receita Federal do Brasil. Centro de Estudos Tributarios e Aduaneiros. Grandes Numeros IRPF - ano-calendario 2017, exercicio 2018. Brasilia: Receita Federal/CETAD, maio 2019.;https://www.gov.br/receitafederal/pt-br/centrais-de-conteudo/publicacoes/estudos/imposto-de-renda/estudos-por-ano/grandes-numeros-do-IRPF-2008-a-2025/gn-2018-2017.pdf/view;https://www.gov.br/receitafederal/pt-br/centrais-de-conteudo/publicacoes/estudos/imposto-de-renda/estudos-por-ano/grandes-numeros-do-IRPF-2008-a-2025/gn-2018-2017.pdf/@@download/file;https://www.gov.br/receitafederal/pt-br/centrais-de-conteudo/publicacoes/estudos/imposto-de-renda/estudos-por-ano/grandes-numeros-do-IRPF-2008-a-2025/gn-irpf-2018-2017.xlsx/view;https://www.gov.br/receitafederal/pt-br/centrais-de-conteudo/publicacoes/estudos/imposto-de-renda/estudos-por-ano/grandes-numeros-do-IRPF-2008-a-2025/gn-irpf-2018-2017.xlsx/@@download/file;outputs/fontes-pedro-souza-irpf/gn_irpf_2018_ano_calendario_2017.pdf;outputs/fontes-pedro-souza-irpf/gn_irpf_2018_ano_calendario_2017_tabelas.xlsx;outputs/fontes-pedro-souza-irpf/gn_irpf_2018_ano_calendario_2017_paginas/pagina_014.png;14;9;faixa SM RTT+RTE+RTI;Tabela 9 - Resumo das Declaracoes Por Faixa de Rendimentos Totais em salarios minimos;"Fonte nao listada na Tabela 4 extraida da tese de Pedro Herculano, cuja serie ali transcrita se encerra em 2013; entra aqui como extensao propria da serie a partir das publicacoes oficiais da Receita Federal. A tabela extraida usa a Tabela 9 do GNIRPF 2018, Resumo das Declaracoes Por Faixa de Rendimentos Totais em salarios minimos, com valores em R$ milhoes. A fonte traz Rendim. Tribut., Rendim. Tribut. Exclus. e Rendim. Isentos; o RTOT foi derivado como a soma desses tres componentes. A coluna Base de Calculo (RTL) foi preservada como proxy observada de rendimento/base tributavel liquida, mantendo o rotulo original da fonte. A Tabela 9 preserva a granularidade de 17 faixas e a coluna Doacoes e Herancas. Ha tambem planilha adicional de tipo de rendimento por salario minimo para o AC2017, anotada como complementar e nao usada nesta transcricao da Tabela 9.";F10;10;De 20 a 30;De 20 a 30;20;30;0;1037001;173923.272637;26609.263058;82061.455841;282593.991535;173923272636.67;26609263057.90;82061455840.60;282593991535.17;272510.818731;142346.074443;142346074443.39;12357.996026;1968.472019;1562.211421;9394.726245;1861.063909;2035.248777;3455.061326;29640.208779;29057.002412;2661.075326;2078.095736;763198.176691;97980.229299;5027.884168;5027884168.45;rendimento total mensal em salarios minimos;RBT, rendimentos com tributacao exclusiva, rendimentos isentos/nao tributaveis, RTOT derivado, Base de Calculo (RTL) e Doacoes e Herancas;"Linha transcrita da Tabela 9 da planilha oficial; RTOT derivado por soma de Rendim. Tribut., Rendim. Tribut. Exclus. e Rendim. Isentos."
2017;2018;Brasil;R$;R$ 1.000.000;salario minimo mensal;gnirpf_2018_ac2017_rendimentos_totais;Brasil. Ministerio da Economia. Secretaria Especial da Receita Federal do Brasil. Centro de Estudos Tributarios e Aduaneiros. Grandes Numeros IRPF - ano-calendario 2017, exercicio 2018. Brasilia: Receita Federal/CETAD, maio 2019.;https://www.gov.br/receitafederal/pt-br/centrais-de-conteudo/publicacoes/estudos/imposto-de-renda/estudos-por-ano/grandes-numeros-do-IRPF-2008-a-2025/gn-2018-2017.pdf/view;https://www.gov.br/receitafederal/pt-br/centrais-de-conteudo/publicacoes/estudos/imposto-de-renda/estudos-por-ano/grandes-numeros-do-IRPF-2008-a-2025/gn-2018-2017.pdf/@@download/file;https://www.gov.br/receitafederal/pt-br/centrais-de-conteudo/publicacoes/estudos/imposto-de-renda/estudos-por-ano/grandes-numeros-do-IRPF-2008-a-2025/gn-irpf-2018-2017.xlsx/view;https://www.gov.br/receitafederal/pt-br/centrais-de-conteudo/publicacoes/estudos/imposto-de-renda/estudos-por-ano/grandes-numeros-do-IRPF-2008-a-2025/gn-irpf-2018-2017.xlsx/@@download/file;outputs/fontes-pedro-souza-irpf/gn_irpf_2018_ano_calendario_2017.pdf;outputs/fontes-pedro-souza-irpf/gn_irpf_2018_ano_calendario_2017_tabelas.xlsx;outputs/fontes-pedro-souza-irpf/gn_irpf_2018_ano_calendario_2017_paginas/pagina_014.png;14;9;faixa SM RTT+RTE+RTI;Tabela 9 - Resumo das Declaracoes Por Faixa de Rendimentos Totais em salarios minimos;"Fonte nao listada na Tabela 4 extraida da tese de Pedro Herculano, cuja serie ali transcrita se encerra em 2013; entra aqui como extensao propria da serie a partir das publicacoes oficiais da Receita Federal. A tabela extraida usa a Tabela 9 do GNIRPF 2018, Resumo das Declaracoes Por Faixa de Rendimentos Totais em salarios minimos, com valores em R$ milhoes. A fonte traz Rendim. Tribut., Rendim. Tribut. Exclus. e Rendim. Isentos; o RTOT foi derivado como a soma desses tres componentes. A coluna Base de Calculo (RTL) foi preservada como proxy observada de rendimento/base tributavel liquida, mantendo o rotulo original da fonte. A Tabela 9 preserva a granularidade de 17 faixas e a coluna Doacoes e Herancas. Ha tambem planilha adicional de tipo de rendimento por salario minimo para o AC2017, anotada como complementar e nao usada nesta transcricao da Tabela 9.";F11;11;De 30 a 40;De 30 a 40;30;40;0;466460;101952.753204;18371.837656;60148.822842;180473.413702;101952753203.65;18371837655.89;60148822842.02;180473413701.56;386900.085112;84093.166510;84093166510.26;7730.039350;865.811270;688.798242;5341.924559;1399.818552;1276.658329;1270.370583;18917.318833;18407.485813;1601.088592;1091.306346;535535.372015;35660.119727;4088.950613;4088950612.67;rendimento total mensal em salarios minimos;RBT, rendimentos com tributacao exclusiva, rendimentos isentos/nao tributaveis, RTOT derivado, Base de Calculo (RTL) e Doacoes e Herancas;"Linha transcrita da Tabela 9 da planilha oficial; RTOT derivado por soma de Rendim. Tribut., Rendim. Tribut. Exclus. e Rendim. Isentos."
2017;2018;Brasil;R$;R$ 1.000.000;salario minimo mensal;gnirpf_2018_ac2017_rendimentos_totais;Brasil. Ministerio da Economia. Secretaria Especial da Receita Federal do Brasil. Centro de Estudos Tributarios e Aduaneiros. Grandes Numeros IRPF - ano-calendario 2017, exercicio 2018. Brasilia: Receita Federal/CETAD, maio 2019.;https://www.gov.br/receitafederal/pt-br/centrais-de-conteudo/publicacoes/estudos/imposto-de-renda/estudos-por-ano/grandes-numeros-do-IRPF-2008-a-2025/gn-2018-2017.pdf/view;https://www.gov.br/receitafederal/pt-br/centrais-de-conteudo/publicacoes/estudos/imposto-de-renda/estudos-por-ano/grandes-numeros-do-IRPF-2008-a-2025/gn-2018-2017.pdf/@@download/file;https://www.gov.br/receitafederal/pt-br/centrais-de-conteudo/publicacoes/estudos/imposto-de-renda/estudos-por-ano/grandes-numeros-do-IRPF-2008-a-2025/gn-irpf-2018-2017.xlsx/view;https://www.gov.br/receitafederal/pt-br/centrais-de-conteudo/publicacoes/estudos/imposto-de-renda/estudos-por-ano/grandes-numeros-do-IRPF-2008-a-2025/gn-irpf-2018-2017.xlsx/@@download/file;outputs/fontes-pedro-souza-irpf/gn_irpf_2018_ano_calendario_2017.pdf;outputs/fontes-pedro-souza-irpf/gn_irpf_2018_ano_calendario_2017_tabelas.xlsx;outputs/fontes-pedro-souza-irpf/gn_irpf_2018_ano_calendario_2017_paginas/pagina_014.png;14;9;faixa SM RTT+RTE+RTI;Tabela 9 - Resumo das Declaracoes Por Faixa de Rendimentos Totais em salarios minimos;"Fonte nao listada na Tabela 4 extraida da tese de Pedro Herculano, cuja serie ali transcrita se encerra em 2013; entra aqui como extensao propria da serie a partir das publicacoes oficiais da Receita Federal. A tabela extraida usa a Tabela 9 do GNIRPF 2018, Resumo das Declaracoes Por Faixa de Rendimentos Totais em salarios minimos, com valores em R$ milhoes. A fonte traz Rendim. Tribut., Rendim. Tribut. Exclus. e Rendim. Isentos; o RTOT foi derivado como a soma desses tres componentes. A coluna Base de Calculo (RTL) foi preservada como proxy observada de rendimento/base tributavel liquida, mantendo o rotulo original da fonte. A Tabela 9 preserva a granularidade de 17 faixas e a coluna Doacoes e Herancas. Ha tambem planilha adicional de tipo de rendimento por salario minimo para o AC2017, anotada como complementar e nao usada nesta transcricao da Tabela 9.";F12;12;De 40 a 60;De 40 a 60;40;60;0;352400;89287.966407;22415.467436;78914.094115;190617.527958;89287966406.61;22415467435.97;78914094115.13;190617527957.71;540912.394886;74010.454341;74010454340.70;6471.717206;672.445396;543.787371;4315.566072;1777.239000;1059.074965;990.180343;17288.180814;16458.968761;1690.004283;860.995704;617297.123131;40845.320161;6284.507118;6284507118.36;rendimento total mensal em salarios minimos;RBT, rendimentos com tributacao exclusiva, rendimentos isentos/nao tributaveis, RTOT derivado, Base de Calculo (RTL) e Doacoes e Herancas;"Linha transcrita da Tabela 9 da planilha oficial; RTOT derivado por soma de Rendim. Tribut., Rendim. Tribut. Exclus. e Rendim. Isentos."
2017;2018;Brasil;R$;R$ 1.000.000;salario minimo mensal;gnirpf_2018_ac2017_rendimentos_totais;Brasil. Ministerio da Economia. Secretaria Especial da Receita Federal do Brasil. Centro de Estudos Tributarios e Aduaneiros. Grandes Numeros IRPF - ano-calendario 2017, exercicio 2018. Brasilia: Receita Federal/CETAD, maio 2019.;https://www.gov.br/receitafederal/pt-br/centrais-de-conteudo/publicacoes/estudos/imposto-de-renda/estudos-por-ano/grandes-numeros-do-IRPF-2008-a-2025/gn-2018-2017.pdf/view;https://www.gov.br/receitafederal/pt-br/centrais-de-conteudo/publicacoes/estudos/imposto-de-renda/estudos-por-ano/grandes-numeros-do-IRPF-2008-a-2025/gn-2018-2017.pdf/@@download/file;https://www.gov.br/receitafederal/pt-br/centrais-de-conteudo/publicacoes/estudos/imposto-de-renda/estudos-por-ano/grandes-numeros-do-IRPF-2008-a-2025/gn-irpf-2018-2017.xlsx/view;https://www.gov.br/receitafederal/pt-br/centrais-de-conteudo/publicacoes/estudos/imposto-de-renda/estudos-por-ano/grandes-numeros-do-IRPF-2008-a-2025/gn-irpf-2018-2017.xlsx/@@download/file;outputs/fontes-pedro-souza-irpf/gn_irpf_2018_ano_calendario_2017.pdf;outputs/fontes-pedro-souza-irpf/gn_irpf_2018_ano_calendario_2017_tabelas.xlsx;outputs/fontes-pedro-souza-irpf/gn_irpf_2018_ano_calendario_2017_paginas/pagina_014.png;14;9;faixa SM RTT+RTE+RTI;Tabela 9 - Resumo das Declaracoes Por Faixa de Rendimentos Totais em salarios minimos;"Fonte nao listada na Tabela 4 extraida da tese de Pedro Herculano, cuja serie ali transcrita se encerra em 2013; entra aqui como extensao propria da serie a partir das publicacoes oficiais da Receita Federal. A tabela extraida usa a Tabela 9 do GNIRPF 2018, Resumo das Declaracoes Por Faixa de Rendimentos Totais em salarios minimos, com valores em R$ milhoes. A fonte traz Rendim. Tribut., Rendim. Tribut. Exclus. e Rendim. Isentos; o RTOT foi derivado como a soma desses tres componentes. A coluna Base de Calculo (RTL) foi preservada como proxy observada de rendimento/base tributavel liquida, mantendo o rotulo original da fonte. A Tabela 9 preserva a granularidade de 17 faixas e a coluna Doacoes e Herancas. Ha tambem planilha adicional de tipo de rendimento por salario minimo para o AC2017, anotada como complementar e nao usada nesta transcricao da Tabela 9.";F13;13;De 60 a 80;De 60 a 80;60;80;0;125910;35497.916345;12914.180999;48701.176165;97113.273509;35497916344.71;12914180999.32;48701176165.10;97113273509.13;771291.188223;29739.579049;29739579048.62;2172.335696;239.941312;190.073757;1597.949979;936.467588;416.632614;393.969931;7183.786543;6727.911858;831.228222;375.390949;339507.355100;19551.861883;4393.606538;4393606538.07;rendimento total mensal em salarios minimos;RBT, rendimentos com tributacao exclusiva, rendimentos isentos/nao tributaveis, RTOT derivado, Base de Calculo (RTL) e Doacoes e Herancas;"Linha transcrita da Tabela 9 da planilha oficial; RTOT derivado por soma de Rendim. Tribut., Rendim. Tribut. Exclus. e Rendim. Isentos."
2017;2018;Brasil;R$;R$ 1.000.000;salario minimo mensal;gnirpf_2018_ac2017_rendimentos_totais;Brasil. Ministerio da Economia. Secretaria Especial da Receita Federal do Brasil. Centro de Estudos Tributarios e Aduaneiros. Grandes Numeros IRPF - ano-calendario 2017, exercicio 2018. Brasilia: Receita Federal/CETAD, maio 2019.;https://www.gov.br/receitafederal/pt-br/centrais-de-conteudo/publicacoes/estudos/imposto-de-renda/estudos-por-ano/grandes-numeros-do-IRPF-2008-a-2025/gn-2018-2017.pdf/view;https://www.gov.br/receitafederal/pt-br/centrais-de-conteudo/publicacoes/estudos/imposto-de-renda/estudos-por-ano/grandes-numeros-do-IRPF-2008-a-2025/gn-2018-2017.pdf/@@download/file;https://www.gov.br/receitafederal/pt-br/centrais-de-conteudo/publicacoes/estudos/imposto-de-renda/estudos-por-ano/grandes-numeros-do-IRPF-2008-a-2025/gn-irpf-2018-2017.xlsx/view;https://www.gov.br/receitafederal/pt-br/centrais-de-conteudo/publicacoes/estudos/imposto-de-renda/estudos-por-ano/grandes-numeros-do-IRPF-2008-a-2025/gn-irpf-2018-2017.xlsx/@@download/file;outputs/fontes-pedro-souza-irpf/gn_irpf_2018_ano_calendario_2017.pdf;outputs/fontes-pedro-souza-irpf/gn_irpf_2018_ano_calendario_2017_tabelas.xlsx;outputs/fontes-pedro-souza-irpf/gn_irpf_2018_ano_calendario_2017_paginas/pagina_014.png;14;9;faixa SM RTT+RTE+RTI;Tabela 9 - Resumo das Declaracoes Por Faixa de Rendimentos Totais em salarios minimos;"Fonte nao listada na Tabela 4 extraida da tese de Pedro Herculano, cuja serie ali transcrita se encerra em 2013; entra aqui como extensao propria da serie a partir das publicacoes oficiais da Receita Federal. A tabela extraida usa a Tabela 9 do GNIRPF 2018, Resumo das Declaracoes Por Faixa de Rendimentos Totais em salarios minimos, com valores em R$ milhoes. A fonte traz Rendim. Tribut., Rendim. Tribut. Exclus. e Rendim. Isentos; o RTOT foi derivado como a soma desses tres componentes. A coluna Base de Calculo (RTL) foi preservada como proxy observada de rendimento/base tributavel liquida, mantendo o rotulo original da fonte. A Tabela 9 preserva a granularidade de 17 faixas e a coluna Doacoes e Herancas. Ha tambem planilha adicional de tipo de rendimento por salario minimo para o AC2017, anotada como complementar e nao usada nesta transcricao da Tabela 9.";F14;14;De 80 a 160;De 80 a 160;80;160;0;127080;40268.071483;22406.797112;91055.776725;153730.645321;40268071483.29;22406797112.39;91055776725.49;153730645321.17;1209715.496704;34117.680878;34117680878.35;1938.080895;229.050504;173.521253;1626.888333;1608.048791;397.872597;457.227471;8484.570599;7621.293799;1226.602248;363.348356;627615.695383;32453.528098;10077.403775;10077403775.07;rendimento total mensal em salarios minimos;RBT, rendimentos com tributacao exclusiva, rendimentos isentos/nao tributaveis, RTOT derivado, Base de Calculo (RTL) e Doacoes e Herancas;"Linha transcrita da Tabela 9 da planilha oficial; RTOT derivado por soma de Rendim. Tribut., Rendim. Tribut. Exclus. e Rendim. Isentos."
2017;2018;Brasil;R$;R$ 1.000.000;salario minimo mensal;gnirpf_2018_ac2017_rendimentos_totais;Brasil. Ministerio da Economia. Secretaria Especial da Receita Federal do Brasil. Centro de Estudos Tributarios e Aduaneiros. Grandes Numeros IRPF - ano-calendario 2017, exercicio 2018. Brasilia: Receita Federal/CETAD, maio 2019.;https://www.gov.br/receitafederal/pt-br/centrais-de-conteudo/publicacoes/estudos/imposto-de-renda/estudos-por-ano/grandes-numeros-do-IRPF-2008-a-2025/gn-2018-2017.pdf/view;https://www.gov.br/receitafederal/pt-br/centrais-de-conteudo/publicacoes/estudos/imposto-de-renda/estudos-por-ano/grandes-numeros-do-IRPF-2008-a-2025/gn-2018-2017.pdf/@@download/file;https://www.gov.br/receitafederal/pt-br/centrais-de-conteudo/publicacoes/estudos/imposto-de-renda/estudos-por-ano/grandes-numeros-do-IRPF-2008-a-2025/gn-irpf-2018-2017.xlsx/view;https://www.gov.br/receitafederal/pt-br/centrais-de-conteudo/publicacoes/estudos/imposto-de-renda/estudos-por-ano/grandes-numeros-do-IRPF-2008-a-2025/gn-irpf-2018-2017.xlsx/@@download/file;outputs/fontes-pedro-souza-irpf/gn_irpf_2018_ano_calendario_2017.pdf;outputs/fontes-pedro-souza-irpf/gn_irpf_2018_ano_calendario_2017_tabelas.xlsx;outputs/fontes-pedro-souza-irpf/gn_irpf_2018_ano_calendario_2017_paginas/pagina_014.png;14;9;faixa SM RTT+RTE+RTI;Tabela 9 - Resumo das Declaracoes Por Faixa de Rendimentos Totais em salarios minimos;"Fonte nao listada na Tabela 4 extraida da tese de Pedro Herculano, cuja serie ali transcrita se encerra em 2013; entra aqui como extensao propria da serie a partir das publicacoes oficiais da Receita Federal. A tabela extraida usa a Tabela 9 do GNIRPF 2018, Resumo das Declaracoes Por Faixa de Rendimentos Totais em salarios minimos, com valores em R$ milhoes. A fonte traz Rendim. Tribut., Rendim. Tribut. Exclus. e Rendim. Isentos; o RTOT foi derivado como a soma desses tres componentes. A coluna Base de Calculo (RTL) foi preservada como proxy observada de rendimento/base tributavel liquida, mantendo o rotulo original da fonte. A Tabela 9 preserva a granularidade de 17 faixas e a coluna Doacoes e Herancas. Ha tambem planilha adicional de tipo de rendimento por salario minimo para o AC2017, anotada como complementar e nao usada nesta transcricao da Tabela 9.";F15;15;De 160 a 240;De 160 a 240;160;240;0;29341;11893.077010;10145.556401;41738.468080;63777.101491;11893077009.78;10145556401.37;41738468079.94;63777101491.09;2173651.255618;10031.350288;10031350288.25;398.033504;51.241627;37.027176;419.301526;818.180138;106.330796;116.100210;2562.999327;2194.709647;462.886746;94.632162;290566.504411;17633.680759;5244.263627;5244263627.15;rendimento total mensal em salarios minimos;RBT, rendimentos com tributacao exclusiva, rendimentos isentos/nao tributaveis, RTOT derivado, Base de Calculo (RTL) e Doacoes e Herancas;"Linha transcrita da Tabela 9 da planilha oficial; RTOT derivado por soma de Rendim. Tribut., Rendim. Tribut. Exclus. e Rendim. Isentos."
2017;2018;Brasil;R$;R$ 1.000.000;salario minimo mensal;gnirpf_2018_ac2017_rendimentos_totais;Brasil. Ministerio da Economia. Secretaria Especial da Receita Federal do Brasil. Centro de Estudos Tributarios e Aduaneiros. Grandes Numeros IRPF - ano-calendario 2017, exercicio 2018. Brasilia: Receita Federal/CETAD, maio 2019.;https://www.gov.br/receitafederal/pt-br/centrais-de-conteudo/publicacoes/estudos/imposto-de-renda/estudos-por-ano/grandes-numeros-do-IRPF-2008-a-2025/gn-2018-2017.pdf/view;https://www.gov.br/receitafederal/pt-br/centrais-de-conteudo/publicacoes/estudos/imposto-de-renda/estudos-por-ano/grandes-numeros-do-IRPF-2008-a-2025/gn-2018-2017.pdf/@@download/file;https://www.gov.br/receitafederal/pt-br/centrais-de-conteudo/publicacoes/estudos/imposto-de-renda/estudos-por-ano/grandes-numeros-do-IRPF-2008-a-2025/gn-irpf-2018-2017.xlsx/view;https://www.gov.br/receitafederal/pt-br/centrais-de-conteudo/publicacoes/estudos/imposto-de-renda/estudos-por-ano/grandes-numeros-do-IRPF-2008-a-2025/gn-irpf-2018-2017.xlsx/@@download/file;outputs/fontes-pedro-souza-irpf/gn_irpf_2018_ano_calendario_2017.pdf;outputs/fontes-pedro-souza-irpf/gn_irpf_2018_ano_calendario_2017_tabelas.xlsx;outputs/fontes-pedro-souza-irpf/gn_irpf_2018_ano_calendario_2017_paginas/pagina_014.png;14;9;faixa SM RTT+RTE+RTI;Tabela 9 - Resumo das Declaracoes Por Faixa de Rendimentos Totais em salarios minimos;"Fonte nao listada na Tabela 4 extraida da tese de Pedro Herculano, cuja serie ali transcrita se encerra em 2013; entra aqui como extensao propria da serie a partir das publicacoes oficiais da Receita Federal. A tabela extraida usa a Tabela 9 do GNIRPF 2018, Resumo das Declaracoes Por Faixa de Rendimentos Totais em salarios minimos, com valores em R$ milhoes. A fonte traz Rendim. Tribut., Rendim. Tribut. Exclus. e Rendim. Isentos; o RTOT foi derivado como a soma desses tres componentes. A coluna Base de Calculo (RTL) foi preservada como proxy observada de rendimento/base tributavel liquida, mantendo o rotulo original da fonte. A Tabela 9 preserva a granularidade de 17 faixas e a coluna Doacoes e Herancas. Ha tambem planilha adicional de tipo de rendimento por salario minimo para o AC2017, anotada como complementar e nao usada nesta transcricao da Tabela 9.";F16;16;De 240 a 320;De 240 a 320;240;320;0;12670;6423.269610;6436.694294;26448.789003;39308.752907;6423269610.25;6436694294.29;26448789002.60;39308752907.14;3102506.148946;5334.404257;5334404257.18;187.331361;22.521017;16.173944;200.417741;615.844232;55.049996;49.150942;1376.076347;1156.765215;272.933641;53.622509;180760.397842;7705.848161;3336.596433;3336596433.15;rendimento total mensal em salarios minimos;RBT, rendimentos com tributacao exclusiva, rendimentos isentos/nao tributaveis, RTOT derivado, Base de Calculo (RTL) e Doacoes e Herancas;"Linha transcrita da Tabela 9 da planilha oficial; RTOT derivado por soma de Rendim. Tribut., Rendim. Tribut. Exclus. e Rendim. Isentos."
2017;2018;Brasil;R$;R$ 1.000.000;salario minimo mensal;gnirpf_2018_ac2017_rendimentos_totais;Brasil. Ministerio da Economia. Secretaria Especial da Receita Federal do Brasil. Centro de Estudos Tributarios e Aduaneiros. Grandes Numeros IRPF - ano-calendario 2017, exercicio 2018. Brasilia: Receita Federal/CETAD, maio 2019.;https://www.gov.br/receitafederal/pt-br/centrais-de-conteudo/publicacoes/estudos/imposto-de-renda/estudos-por-ano/grandes-numeros-do-IRPF-2008-a-2025/gn-2018-2017.pdf/view;https://www.gov.br/receitafederal/pt-br/centrais-de-conteudo/publicacoes/estudos/imposto-de-renda/estudos-por-ano/grandes-numeros-do-IRPF-2008-a-2025/gn-2018-2017.pdf/@@download/file;https://www.gov.br/receitafederal/pt-br/centrais-de-conteudo/publicacoes/estudos/imposto-de-renda/estudos-por-ano/grandes-numeros-do-IRPF-2008-a-2025/gn-irpf-2018-2017.xlsx/view;https://www.gov.br/receitafederal/pt-br/centrais-de-conteudo/publicacoes/estudos/imposto-de-renda/estudos-por-ano/grandes-numeros-do-IRPF-2008-a-2025/gn-irpf-2018-2017.xlsx/@@download/file;outputs/fontes-pedro-souza-irpf/gn_irpf_2018_ano_calendario_2017.pdf;outputs/fontes-pedro-souza-irpf/gn_irpf_2018_ano_calendario_2017_tabelas.xlsx;outputs/fontes-pedro-souza-irpf/gn_irpf_2018_ano_calendario_2017_paginas/pagina_014.png;14;9;faixa SM RTT+RTE+RTI;Tabela 9 - Resumo das Declaracoes Por Faixa de Rendimentos Totais em salarios minimos;"Fonte nao listada na Tabela 4 extraida da tese de Pedro Herculano, cuja serie ali transcrita se encerra em 2013; entra aqui como extensao propria da serie a partir das publicacoes oficiais da Receita Federal. A tabela extraida usa a Tabela 9 do GNIRPF 2018, Resumo das Declaracoes Por Faixa de Rendimentos Totais em salarios minimos, com valores em R$ milhoes. A fonte traz Rendim. Tribut., Rendim. Tribut. Exclus. e Rendim. Isentos; o RTOT foi derivado como a soma desses tres componentes. A coluna Base de Calculo (RTL) foi preservada como proxy observada de rendimento/base tributavel liquida, mantendo o rotulo original da fonte. A Tabela 9 preserva a granularidade de 17 faixas e a coluna Doacoes e Herancas. Ha tambem planilha adicional de tipo de rendimento por salario minimo para o AC2017, anotada como complementar e nao usada nesta transcricao da Tabela 9.";F17;17;Mais de 320;Mais de 320;320;;1;25177;27952.597904;60107.913208;206774.072473;294834.583585;27952597903.59;60107913208.48;206774072473.05;294834583585.12;11710473.193197;21738.060855;21738060854.83;639.384692;45.635830;32.226486;497.557884;4825.775311;212.135421;96.428192;5761.876172;4835.568345;1100.308101;174.042603;1433675.458809;55612.686637;56417.158264;56417158264.35;rendimento total mensal em salarios minimos;RBT, rendimentos com tributacao exclusiva, rendimentos isentos/nao tributaveis, RTOT derivado, Base de Calculo (RTL) e Doacoes e Herancas;"Linha transcrita da Tabela 9 da planilha oficial; RTOT derivado por soma de Rendim. Tribut., Rendim. Tribut. Exclus. e Rendim. Isentos."
