year;conversion_method;exchange_rate_domestic_currency_per_usd;exchange_rate_reported_value;exchange_rate_reported_unit;exchange_rate_series_id;exchange_rate_series_name;exchange_rate_timing;exchange_rate_source;cpi_series_id;cpi_series_name;cpi_seasonal_adjustment;cpi_annual_avg;cpi_month_count;cpi_target_year;cpi_target_annual_avg;cpi_target_month_count;cpi_target_status;usd_inflation_factor_to_target_year;conversion_status;conversion_note
1901;bcb_3690_end_period_cpiaucns;2.337000;2.337000;1 mil-reis/US$;3690;Taxa de cambio - Livre - Dolar americano - Fim de periodo;annual_end_period;https://api.bcb.gov.br/dados/serie/bcdata.sgs.3690/dados?formato=json&dataInicial=01%2F01%2F1901&dataFinal=31%2F12%2F1941;CPIAUCNS;Consumer Price Index for All Urban Consumers: All Items in U.S. City Average;not_seasonally_adjusted;;0;2026;331.655375;8;partial;;missing_cpi_source_year | partial_cpi_target_year;"Exchange rate is end-of-period rather than annual average. BCB SGS 3690 is reported in mil-reis per US dollar; rows stored in reis are adjusted by 1000 during conversion. No U.S. CPI annual average is available for the source year. Target-year CPI uses the months available so far."
1902;bcb_3690_end_period_cpiaucns;2.459000;2.459000;1 mil-reis/US$;3690;Taxa de cambio - Livre - Dolar americano - Fim de periodo;annual_end_period;https://api.bcb.gov.br/dados/serie/bcdata.sgs.3690/dados?formato=json&dataInicial=01%2F01%2F1901&dataFinal=31%2F12%2F1941;CPIAUCNS;Consumer Price Index for All Urban Consumers: All Items in U.S. City Average;not_seasonally_adjusted;;0;2026;331.655375;8;partial;;missing_cpi_source_year | partial_cpi_target_year;"Exchange rate is end-of-period rather than annual average. BCB SGS 3690 is reported in mil-reis per US dollar; rows stored in reis are adjusted by 1000 during conversion. No U.S. CPI annual average is available for the source year. Target-year CPI uses the months available so far."
1903;bcb_3690_end_period_cpiaucns;2.466000;2.466000;1 mil-reis/US$;3690;Taxa de cambio - Livre - Dolar americano - Fim de periodo;annual_end_period;https://api.bcb.gov.br/dados/serie/bcdata.sgs.3690/dados?formato=json&dataInicial=01%2F01%2F1901&dataFinal=31%2F12%2F1941;CPIAUCNS;Consumer Price Index for All Urban Consumers: All Items in U.S. City Average;not_seasonally_adjusted;;0;2026;331.655375;8;partial;;missing_cpi_source_year | partial_cpi_target_year;"Exchange rate is end-of-period rather than annual average. BCB SGS 3690 is reported in mil-reis per US dollar; rows stored in reis are adjusted by 1000 during conversion. No U.S. CPI annual average is available for the source year. Target-year CPI uses the months available so far."
1904;bcb_3690_end_period_cpiaucns;2.517000;2.517000;1 mil-reis/US$;3690;Taxa de cambio - Livre - Dolar americano - Fim de periodo;annual_end_period;https://api.bcb.gov.br/dados/serie/bcdata.sgs.3690/dados?formato=json&dataInicial=01%2F01%2F1901&dataFinal=31%2F12%2F1941;CPIAUCNS;Consumer Price Index for All Urban Consumers: All Items in U.S. City Average;not_seasonally_adjusted;;0;2026;331.655375;8;partial;;missing_cpi_source_year | partial_cpi_target_year;"Exchange rate is end-of-period rather than annual average. BCB SGS 3690 is reported in mil-reis per US dollar; rows stored in reis are adjusted by 1000 during conversion. No U.S. CPI annual average is available for the source year. Target-year CPI uses the months available so far."
1905;bcb_3690_end_period_cpiaucns;3.641000;3.641000;1 mil-reis/US$;3690;Taxa de cambio - Livre - Dolar americano - Fim de periodo;annual_end_period;https://api.bcb.gov.br/dados/serie/bcdata.sgs.3690/dados?formato=json&dataInicial=01%2F01%2F1901&dataFinal=31%2F12%2F1941;CPIAUCNS;Consumer Price Index for All Urban Consumers: All Items in U.S. City Average;not_seasonally_adjusted;;0;2026;331.655375;8;partial;;missing_cpi_source_year | partial_cpi_target_year;"Exchange rate is end-of-period rather than annual average. BCB SGS 3690 is reported in mil-reis per US dollar; rows stored in reis are adjusted by 1000 during conversion. No U.S. CPI annual average is available for the source year. Target-year CPI uses the months available so far."
1906;bcb_3690_end_period_cpiaucns;3.326000;3.326000;1 mil-reis/US$;3690;Taxa de cambio - Livre - Dolar americano - Fim de periodo;annual_end_period;https://api.bcb.gov.br/dados/serie/bcdata.sgs.3690/dados?formato=json&dataInicial=01%2F01%2F1901&dataFinal=31%2F12%2F1941;CPIAUCNS;Consumer Price Index for All Urban Consumers: All Items in U.S. City Average;not_seasonally_adjusted;;0;2026;331.655375;8;partial;;missing_cpi_source_year | partial_cpi_target_year;"Exchange rate is end-of-period rather than annual average. BCB SGS 3690 is reported in mil-reis per US dollar; rows stored in reis are adjusted by 1000 during conversion. No U.S. CPI annual average is available for the source year. Target-year CPI uses the months available so far."
1907;bcb_3690_end_period_cpiaucns;3.172000;3.172000;1 mil-reis/US$;3690;Taxa de cambio - Livre - Dolar americano - Fim de periodo;annual_end_period;https://api.bcb.gov.br/dados/serie/bcdata.sgs.3690/dados?formato=json&dataInicial=01%2F01%2F1901&dataFinal=31%2F12%2F1941;CPIAUCNS;Consumer Price Index for All Urban Consumers: All Items in U.S. City Average;not_seasonally_adjusted;;0;2026;331.655375;8;partial;;missing_cpi_source_year | partial_cpi_target_year;"Exchange rate is end-of-period rather than annual average. BCB SGS 3690 is reported in mil-reis per US dollar; rows stored in reis are adjusted by 1000 during conversion. No U.S. CPI annual average is available for the source year. Target-year CPI uses the months available so far."
1908;bcb_3690_end_period_cpiaucns;3.147000;3.147000;1 mil-reis/US$;3690;Taxa de cambio - Livre - Dolar americano - Fim de periodo;annual_end_period;https://api.bcb.gov.br/dados/serie/bcdata.sgs.3690/dados?formato=json&dataInicial=01%2F01%2F1901&dataFinal=31%2F12%2F1941;CPIAUCNS;Consumer Price Index for All Urban Consumers: All Items in U.S. City Average;not_seasonally_adjusted;;0;2026;331.655375;8;partial;;missing_cpi_source_year | partial_cpi_target_year;"Exchange rate is end-of-period rather than annual average. BCB SGS 3690 is reported in mil-reis per US dollar; rows stored in reis are adjusted by 1000 during conversion. No U.S. CPI annual average is available for the source year. Target-year CPI uses the months available so far."
1909;bcb_3690_end_period_cpiaucns;3.147000;3.147000;1 mil-reis/US$;3690;Taxa de cambio - Livre - Dolar americano - Fim de periodo;annual_end_period;https://api.bcb.gov.br/dados/serie/bcdata.sgs.3690/dados?formato=json&dataInicial=01%2F01%2F1901&dataFinal=31%2F12%2F1941;CPIAUCNS;Consumer Price Index for All Urban Consumers: All Items in U.S. City Average;not_seasonally_adjusted;;0;2026;331.655375;8;partial;;missing_cpi_source_year | partial_cpi_target_year;"Exchange rate is end-of-period rather than annual average. BCB SGS 3690 is reported in mil-reis per US dollar; rows stored in reis are adjusted by 1000 during conversion. No U.S. CPI annual average is available for the source year. Target-year CPI uses the months available so far."
1910;bcb_3690_end_period_cpiaucns;3.336000;3.336000;1 mil-reis/US$;3690;Taxa de cambio - Livre - Dolar americano - Fim de periodo;annual_end_period;https://api.bcb.gov.br/dados/serie/bcdata.sgs.3690/dados?formato=json&dataInicial=01%2F01%2F1901&dataFinal=31%2F12%2F1941;CPIAUCNS;Consumer Price Index for All Urban Consumers: All Items in U.S. City Average;not_seasonally_adjusted;;0;2026;331.655375;8;partial;;missing_cpi_source_year | partial_cpi_target_year;"Exchange rate is end-of-period rather than annual average. BCB SGS 3690 is reported in mil-reis per US dollar; rows stored in reis are adjusted by 1000 during conversion. No U.S. CPI annual average is available for the source year. Target-year CPI uses the months available so far."
1911;bcb_3690_end_period_cpiaucns;3.310000;3.310000;1 mil-reis/US$;3690;Taxa de cambio - Livre - Dolar americano - Fim de periodo;annual_end_period;https://api.bcb.gov.br/dados/serie/bcdata.sgs.3690/dados?formato=json&dataInicial=01%2F01%2F1901&dataFinal=31%2F12%2F1941;CPIAUCNS;Consumer Price Index for All Urban Consumers: All Items in U.S. City Average;not_seasonally_adjusted;;0;2026;331.655375;8;partial;;missing_cpi_source_year | partial_cpi_target_year;"Exchange rate is end-of-period rather than annual average. BCB SGS 3690 is reported in mil-reis per US dollar; rows stored in reis are adjusted by 1000 during conversion. No U.S. CPI annual average is available for the source year. Target-year CPI uses the months available so far."
1912;bcb_3690_end_period_cpiaucns;3.320000;3.320000;1 mil-reis/US$;3690;Taxa de cambio - Livre - Dolar americano - Fim de periodo;annual_end_period;https://api.bcb.gov.br/dados/serie/bcdata.sgs.3690/dados?formato=json&dataInicial=01%2F01%2F1901&dataFinal=31%2F12%2F1941;CPIAUCNS;Consumer Price Index for All Urban Consumers: All Items in U.S. City Average;not_seasonally_adjusted;;0;2026;331.655375;8;partial;;missing_cpi_source_year | partial_cpi_target_year;"Exchange rate is end-of-period rather than annual average. BCB SGS 3690 is reported in mil-reis per US dollar; rows stored in reis are adjusted by 1000 during conversion. No U.S. CPI annual average is available for the source year. Target-year CPI uses the months available so far."
1913;bcb_3690_end_period_cpiaucns;3.310000;3.310000;1 mil-reis/US$;3690;Taxa de cambio - Livre - Dolar americano - Fim de periodo;annual_end_period;https://api.bcb.gov.br/dados/serie/bcdata.sgs.3690/dados?formato=json&dataInicial=01%2F01%2F1901&dataFinal=31%2F12%2F1941;CPIAUCNS;Consumer Price Index for All Urban Consumers: All Items in U.S. City Average;not_seasonally_adjusted;9.883333;12;2026;331.655375;8;partial;33.557036;partial_cpi_target_year;"Converted from nominal domestic currency to nominal USD with the listed exchange rate, then to target-year USD with CPIAUCNS. Exchange rate is end-of-period rather than annual average. BCB SGS 3690 is reported in mil-reis per US dollar; rows stored in reis are adjusted by 1000 during conversion. Target-year CPI uses the months available so far."
1914;bcb_3690_end_period_cpiaucns;3.310000;3.310000;1 mil-reis/US$;3690;Taxa de cambio - Livre - Dolar americano - Fim de periodo;annual_end_period;https://api.bcb.gov.br/dados/serie/bcdata.sgs.3690/dados?formato=json&dataInicial=01%2F01%2F1901&dataFinal=31%2F12%2F1941;CPIAUCNS;Consumer Price Index for All Urban Consumers: All Items in U.S. City Average;not_seasonally_adjusted;10.016667;12;2026;331.655375;8;partial;33.110354;partial_cpi_target_year;"Converted from nominal domestic currency to nominal USD with the listed exchange rate, then to target-year USD with CPIAUCNS. Exchange rate is end-of-period rather than annual average. BCB SGS 3690 is reported in mil-reis per US dollar; rows stored in reis are adjusted by 1000 during conversion. Target-year CPI uses the months available so far."
1915;bcb_3690_end_period_cpiaucns;2.792000;2.792000;1 mil-reis/US$;3690;Taxa de cambio - Livre - Dolar americano - Fim de periodo;annual_end_period;https://api.bcb.gov.br/dados/serie/bcdata.sgs.3690/dados?formato=json&dataInicial=01%2F01%2F1901&dataFinal=31%2F12%2F1941;CPIAUCNS;Consumer Price Index for All Urban Consumers: All Items in U.S. City Average;not_seasonally_adjusted;10.108333;12;2026;331.655375;8;partial;32.810095;partial_cpi_target_year;"Converted from nominal domestic currency to nominal USD with the listed exchange rate, then to target-year USD with CPIAUCNS. Exchange rate is end-of-period rather than annual average. BCB SGS 3690 is reported in mil-reis per US dollar; rows stored in reis are adjusted by 1000 during conversion. Target-year CPI uses the months available so far."
1916;bcb_3690_end_period_cpiaucns;2.648000;2.648000;1 mil-reis/US$;3690;Taxa de cambio - Livre - Dolar americano - Fim de periodo;annual_end_period;https://api.bcb.gov.br/dados/serie/bcdata.sgs.3690/dados?formato=json&dataInicial=01%2F01%2F1901&dataFinal=31%2F12%2F1941;CPIAUCNS;Consumer Price Index for All Urban Consumers: All Items in U.S. City Average;not_seasonally_adjusted;10.883333;12;2026;331.655375;8;partial;30.473694;partial_cpi_target_year;"Converted from nominal domestic currency to nominal USD with the listed exchange rate, then to target-year USD with CPIAUCNS. Exchange rate is end-of-period rather than annual average. BCB SGS 3690 is reported in mil-reis per US dollar; rows stored in reis are adjusted by 1000 during conversion. Target-year CPI uses the months available so far."
1917;bcb_3690_end_period_cpiaucns;2.690000;2.690000;1 mil-reis/US$;3690;Taxa de cambio - Livre - Dolar americano - Fim de periodo;annual_end_period;https://api.bcb.gov.br/dados/serie/bcdata.sgs.3690/dados?formato=json&dataInicial=01%2F01%2F1901&dataFinal=31%2F12%2F1941;CPIAUCNS;Consumer Price Index for All Urban Consumers: All Items in U.S. City Average;not_seasonally_adjusted;12.825000;12;2026;331.655375;8;partial;25.860068;partial_cpi_target_year;"Converted from nominal domestic currency to nominal USD with the listed exchange rate, then to target-year USD with CPIAUCNS. Exchange rate is end-of-period rather than annual average. BCB SGS 3690 is reported in mil-reis per US dollar; rows stored in reis are adjusted by 1000 during conversion. Target-year CPI uses the months available so far."
1918;bcb_3690_end_period_cpiaucns;2.726000;2.726000;1 mil-reis/US$;3690;Taxa de cambio - Livre - Dolar americano - Fim de periodo;annual_end_period;https://api.bcb.gov.br/dados/serie/bcdata.sgs.3690/dados?formato=json&dataInicial=01%2F01%2F1901&dataFinal=31%2F12%2F1941;CPIAUCNS;Consumer Price Index for All Urban Consumers: All Items in U.S. City Average;not_seasonally_adjusted;15.041667;12;2026;331.655375;8;partial;22.049111;partial_cpi_target_year;"Converted from nominal domestic currency to nominal USD with the listed exchange rate, then to target-year USD with CPIAUCNS. Exchange rate is end-of-period rather than annual average. BCB SGS 3690 is reported in mil-reis per US dollar; rows stored in reis are adjusted by 1000 during conversion. Target-year CPI uses the months available so far."
1919;bcb_3690_end_period_cpiaucns;3.048000;3.048000;1 mil-reis/US$;3690;Taxa de cambio - Livre - Dolar americano - Fim de periodo;annual_end_period;https://api.bcb.gov.br/dados/serie/bcdata.sgs.3690/dados?formato=json&dataInicial=01%2F01%2F1901&dataFinal=31%2F12%2F1941;CPIAUCNS;Consumer Price Index for All Urban Consumers: All Items in U.S. City Average;not_seasonally_adjusted;17.333333;12;2026;331.655375;8;partial;19.133964;partial_cpi_target_year;"Converted from nominal domestic currency to nominal USD with the listed exchange rate, then to target-year USD with CPIAUCNS. Exchange rate is end-of-period rather than annual average. BCB SGS 3690 is reported in mil-reis per US dollar; rows stored in reis are adjusted by 1000 during conversion. Target-year CPI uses the months available so far."
1920;bcb_3690_end_period_cpiaucns;4.569000;4.569000;1 mil-reis/US$;3690;Taxa de cambio - Livre - Dolar americano - Fim de periodo;annual_end_period;https://api.bcb.gov.br/dados/serie/bcdata.sgs.3690/dados?formato=json&dataInicial=01%2F01%2F1901&dataFinal=31%2F12%2F1941;CPIAUCNS;Consumer Price Index for All Urban Consumers: All Items in U.S. City Average;not_seasonally_adjusted;20.041667;12;2026;331.655375;8;partial;16.548293;partial_cpi_target_year;"Converted from nominal domestic currency to nominal USD with the listed exchange rate, then to target-year USD with CPIAUCNS. Exchange rate is end-of-period rather than annual average. BCB SGS 3690 is reported in mil-reis per US dollar; rows stored in reis are adjusted by 1000 during conversion. Target-year CPI uses the months available so far."
1921;bcb_3690_end_period_cpiaucns;2.620000;2.620000;1 mil-reis/US$;3690;Taxa de cambio - Livre - Dolar americano - Fim de periodo;annual_end_period;https://api.bcb.gov.br/dados/serie/bcdata.sgs.3690/dados?formato=json&dataInicial=01%2F01%2F1901&dataFinal=31%2F12%2F1941;CPIAUCNS;Consumer Price Index for All Urban Consumers: All Items in U.S. City Average;not_seasonally_adjusted;17.850000;12;2026;331.655375;8;partial;18.580133;partial_cpi_target_year;"Converted from nominal domestic currency to nominal USD with the listed exchange rate, then to target-year USD with CPIAUCNS. Exchange rate is end-of-period rather than annual average. BCB SGS 3690 is reported in mil-reis per US dollar; rows stored in reis are adjusted by 1000 during conversion. Target-year CPI uses the months available so far."
1922;bcb_3690_end_period_cpiaucns;7.740000;7.740000;1 mil-reis/US$;3690;Taxa de cambio - Livre - Dolar americano - Fim de periodo;annual_end_period;https://api.bcb.gov.br/dados/serie/bcdata.sgs.3690/dados?formato=json&dataInicial=01%2F01%2F1901&dataFinal=31%2F12%2F1941;CPIAUCNS;Consumer Price Index for All Urban Consumers: All Items in U.S. City Average;not_seasonally_adjusted;16.750000;12;2026;331.655375;8;partial;19.800321;partial_cpi_target_year;"Converted from nominal domestic currency to nominal USD with the listed exchange rate, then to target-year USD with CPIAUCNS. Exchange rate is end-of-period rather than annual average. BCB SGS 3690 is reported in mil-reis per US dollar; rows stored in reis are adjusted by 1000 during conversion. Target-year CPI uses the months available so far."
1923;bcb_3690_end_period_cpiaucns;9.835000;9.835000;1 mil-reis/US$;3690;Taxa de cambio - Livre - Dolar americano - Fim de periodo;annual_end_period;https://api.bcb.gov.br/dados/serie/bcdata.sgs.3690/dados?formato=json&dataInicial=01%2F01%2F1901&dataFinal=31%2F12%2F1941;CPIAUCNS;Consumer Price Index for All Urban Consumers: All Items in U.S. City Average;not_seasonally_adjusted;17.050000;12;2026;331.655375;8;partial;19.451928;partial_cpi_target_year;"Converted from nominal domestic currency to nominal USD with the listed exchange rate, then to target-year USD with CPIAUCNS. Exchange rate is end-of-period rather than annual average. BCB SGS 3690 is reported in mil-reis per US dollar; rows stored in reis are adjusted by 1000 during conversion. Target-year CPI uses the months available so far."
1924;bcb_3690_end_period_cpiaucns;9.212000;9.212000;1 mil-reis/US$;3690;Taxa de cambio - Livre - Dolar americano - Fim de periodo;annual_end_period;https://api.bcb.gov.br/dados/serie/bcdata.sgs.3690/dados?formato=json&dataInicial=01%2F01%2F1901&dataFinal=31%2F12%2F1941;CPIAUCNS;Consumer Price Index for All Urban Consumers: All Items in U.S. City Average;not_seasonally_adjusted;17.125000;12;2026;331.655375;8;partial;19.366737;partial_cpi_target_year;"Converted from nominal domestic currency to nominal USD with the listed exchange rate, then to target-year USD with CPIAUCNS. Exchange rate is end-of-period rather than annual average. BCB SGS 3690 is reported in mil-reis per US dollar; rows stored in reis are adjusted by 1000 during conversion. Target-year CPI uses the months available so far."
1925;bcb_3690_end_period_cpiaucns;8.325000;8.325000;1 mil-reis/US$;3690;Taxa de cambio - Livre - Dolar americano - Fim de periodo;annual_end_period;https://api.bcb.gov.br/dados/serie/bcdata.sgs.3690/dados?formato=json&dataInicial=01%2F01%2F1901&dataFinal=31%2F12%2F1941;CPIAUCNS;Consumer Price Index for All Urban Consumers: All Items in U.S. City Average;not_seasonally_adjusted;17.541667;12;2026;331.655375;8;partial;18.906720;partial_cpi_target_year;"Converted from nominal domestic currency to nominal USD with the listed exchange rate, then to target-year USD with CPIAUCNS. Exchange rate is end-of-period rather than annual average. BCB SGS 3690 is reported in mil-reis per US dollar; rows stored in reis are adjusted by 1000 during conversion. Target-year CPI uses the months available so far."
1926;bcb_3690_end_period_cpiaucns;7.002000;7.002000;1 mil-reis/US$;3690;Taxa de cambio - Livre - Dolar americano - Fim de periodo;annual_end_period;https://api.bcb.gov.br/dados/serie/bcdata.sgs.3690/dados?formato=json&dataInicial=01%2F01%2F1901&dataFinal=31%2F12%2F1941;CPIAUCNS;Consumer Price Index for All Urban Consumers: All Items in U.S. City Average;not_seasonally_adjusted;17.700000;12;2026;331.655375;8;partial;18.737592;partial_cpi_target_year;"Converted from nominal domestic currency to nominal USD with the listed exchange rate, then to target-year USD with CPIAUCNS. Exchange rate is end-of-period rather than annual average. BCB SGS 3690 is reported in mil-reis per US dollar; rows stored in reis are adjusted by 1000 during conversion. Target-year CPI uses the months available so far."
1927;bcb_3690_end_period_cpiaucns;8.457000;8.457000;1 mil-reis/US$;3690;Taxa de cambio - Livre - Dolar americano - Fim de periodo;annual_end_period;https://api.bcb.gov.br/dados/serie/bcdata.sgs.3690/dados?formato=json&dataInicial=01%2F01%2F1901&dataFinal=31%2F12%2F1941;CPIAUCNS;Consumer Price Index for All Urban Consumers: All Items in U.S. City Average;not_seasonally_adjusted;17.358333;12;2026;331.655375;8;partial;19.106407;partial_cpi_target_year;"Converted from nominal domestic currency to nominal USD with the listed exchange rate, then to target-year USD with CPIAUCNS. Exchange rate is end-of-period rather than annual average. BCB SGS 3690 is reported in mil-reis per US dollar; rows stored in reis are adjusted by 1000 during conversion. Target-year CPI uses the months available so far."
1928;bcb_3690_end_period_cpiaucns;8.365000;8.365000;1 mil-reis/US$;3690;Taxa de cambio - Livre - Dolar americano - Fim de periodo;annual_end_period;https://api.bcb.gov.br/dados/serie/bcdata.sgs.3690/dados?formato=json&dataInicial=01%2F01%2F1901&dataFinal=31%2F12%2F1941;CPIAUCNS;Consumer Price Index for All Urban Consumers: All Items in U.S. City Average;not_seasonally_adjusted;17.158333;12;2026;331.655375;8;partial;19.329114;partial_cpi_target_year;"Converted from nominal domestic currency to nominal USD with the listed exchange rate, then to target-year USD with CPIAUCNS. Exchange rate is end-of-period rather than annual average. BCB SGS 3690 is reported in mil-reis per US dollar; rows stored in reis are adjusted by 1000 during conversion. Target-year CPI uses the months available so far."
1929;bcb_3690_end_period_cpiaucns;8.479000;8.479000;1 mil-reis/US$;3690;Taxa de cambio - Livre - Dolar americano - Fim de periodo;annual_end_period;https://api.bcb.gov.br/dados/serie/bcdata.sgs.3690/dados?formato=json&dataInicial=01%2F01%2F1901&dataFinal=31%2F12%2F1941;CPIAUCNS;Consumer Price Index for All Urban Consumers: All Items in U.S. City Average;not_seasonally_adjusted;17.158333;12;2026;331.655375;8;partial;19.329114;partial_cpi_target_year;"Converted from nominal domestic currency to nominal USD with the listed exchange rate, then to target-year USD with CPIAUCNS. Exchange rate is end-of-period rather than annual average. BCB SGS 3690 is reported in mil-reis per US dollar; rows stored in reis are adjusted by 1000 during conversion. Target-year CPI uses the months available so far."
1930;bcb_3690_end_period_cpiaucns;9.240000;9.240000;1 mil-reis/US$;3690;Taxa de cambio - Livre - Dolar americano - Fim de periodo;annual_end_period;https://api.bcb.gov.br/dados/serie/bcdata.sgs.3690/dados?formato=json&dataInicial=01%2F01%2F1901&dataFinal=31%2F12%2F1941;CPIAUCNS;Consumer Price Index for All Urban Consumers: All Items in U.S. City Average;not_seasonally_adjusted;16.700000;12;2026;331.655375;8;partial;19.859603;partial_cpi_target_year;"Converted from nominal domestic currency to nominal USD with the listed exchange rate, then to target-year USD with CPIAUCNS. Exchange rate is end-of-period rather than annual average. BCB SGS 3690 is reported in mil-reis per US dollar; rows stored in reis are adjusted by 1000 during conversion. Target-year CPI uses the months available so far."
1931;bcb_3690_end_period_cpiaucns;14.268000;14.268000;1 mil-reis/US$;3690;Taxa de cambio - Livre - Dolar americano - Fim de periodo;annual_end_period;https://api.bcb.gov.br/dados/serie/bcdata.sgs.3690/dados?formato=json&dataInicial=01%2F01%2F1901&dataFinal=31%2F12%2F1941;CPIAUCNS;Consumer Price Index for All Urban Consumers: All Items in U.S. City Average;not_seasonally_adjusted;15.208333;12;2026;331.655375;8;partial;21.807477;partial_cpi_target_year;"Converted from nominal domestic currency to nominal USD with the listed exchange rate, then to target-year USD with CPIAUCNS. Exchange rate is end-of-period rather than annual average. BCB SGS 3690 is reported in mil-reis per US dollar; rows stored in reis are adjusted by 1000 during conversion. Target-year CPI uses the months available so far."
1932;bcb_3690_end_period_cpiaucns;14.134000;14.134000;1 mil-reis/US$;3690;Taxa de cambio - Livre - Dolar americano - Fim de periodo;annual_end_period;https://api.bcb.gov.br/dados/serie/bcdata.sgs.3690/dados?formato=json&dataInicial=01%2F01%2F1901&dataFinal=31%2F12%2F1941;CPIAUCNS;Consumer Price Index for All Urban Consumers: All Items in U.S. City Average;not_seasonally_adjusted;13.641667;12;2026;331.655375;8;partial;24.311940;partial_cpi_target_year;"Converted from nominal domestic currency to nominal USD with the listed exchange rate, then to target-year USD with CPIAUCNS. Exchange rate is end-of-period rather than annual average. BCB SGS 3690 is reported in mil-reis per US dollar; rows stored in reis are adjusted by 1000 during conversion. Target-year CPI uses the months available so far."
1933;bcb_3690_end_period_cpiaucns;12.700000;12.700000;1 mil-reis/US$;3690;Taxa de cambio - Livre - Dolar americano - Fim de periodo;annual_end_period;https://api.bcb.gov.br/dados/serie/bcdata.sgs.3690/dados?formato=json&dataInicial=01%2F01%2F1901&dataFinal=31%2F12%2F1941;CPIAUCNS;Consumer Price Index for All Urban Consumers: All Items in U.S. City Average;not_seasonally_adjusted;12.933333;12;2026;331.655375;8;partial;25.643457;partial_cpi_target_year;"Converted from nominal domestic currency to nominal USD with the listed exchange rate, then to target-year USD with CPIAUCNS. Exchange rate is end-of-period rather than annual average. BCB SGS 3690 is reported in mil-reis per US dollar; rows stored in reis are adjusted by 1000 during conversion. Target-year CPI uses the months available so far."
1934;bcb_3690_end_period_cpiaucns;12.078000;12.078000;1 mil-reis/US$;3690;Taxa de cambio - Livre - Dolar americano - Fim de periodo;annual_end_period;https://api.bcb.gov.br/dados/serie/bcdata.sgs.3690/dados?formato=json&dataInicial=01%2F01%2F1901&dataFinal=31%2F12%2F1941;CPIAUCNS;Consumer Price Index for All Urban Consumers: All Items in U.S. City Average;not_seasonally_adjusted;13.383333;12;2026;331.655375;8;partial;24.781224;partial_cpi_target_year;"Converted from nominal domestic currency to nominal USD with the listed exchange rate, then to target-year USD with CPIAUCNS. Exchange rate is end-of-period rather than annual average. BCB SGS 3690 is reported in mil-reis per US dollar; rows stored in reis are adjusted by 1000 during conversion. Target-year CPI uses the months available so far."
1935;bcb_3690_end_period_cpiaucns;11.903000;11.903000;1 mil-reis/US$;3690;Taxa de cambio - Livre - Dolar americano - Fim de periodo;annual_end_period;https://api.bcb.gov.br/dados/serie/bcdata.sgs.3690/dados?formato=json&dataInicial=01%2F01%2F1901&dataFinal=31%2F12%2F1941;CPIAUCNS;Consumer Price Index for All Urban Consumers: All Items in U.S. City Average;not_seasonally_adjusted;13.725000;12;2026;331.655375;8;partial;24.164326;partial_cpi_target_year;"Converted from nominal domestic currency to nominal USD with the listed exchange rate, then to target-year USD with CPIAUCNS. Exchange rate is end-of-period rather than annual average. BCB SGS 3690 is reported in mil-reis per US dollar; rows stored in reis are adjusted by 1000 during conversion. Target-year CPI uses the months available so far."
1936;bcb_3690_end_period_cpiaucns;11.791000;11.791000;1 mil-reis/US$;3690;Taxa de cambio - Livre - Dolar americano - Fim de periodo;annual_end_period;https://api.bcb.gov.br/dados/serie/bcdata.sgs.3690/dados?formato=json&dataInicial=01%2F01%2F1901&dataFinal=31%2F12%2F1941;CPIAUCNS;Consumer Price Index for All Urban Consumers: All Items in U.S. City Average;not_seasonally_adjusted;13.866667;12;2026;331.655375;8;partial;23.917455;partial_cpi_target_year;"Converted from nominal domestic currency to nominal USD with the listed exchange rate, then to target-year USD with CPIAUCNS. Exchange rate is end-of-period rather than annual average. BCB SGS 3690 is reported in mil-reis per US dollar; rows stored in reis are adjusted by 1000 during conversion. Target-year CPI uses the months available so far."
1937;bcb_3690_end_period_cpiaucns;11.397000;11.397000;1 mil-reis/US$;3690;Taxa de cambio - Livre - Dolar americano - Fim de periodo;annual_end_period;https://api.bcb.gov.br/dados/serie/bcdata.sgs.3690/dados?formato=json&dataInicial=01%2F01%2F1901&dataFinal=31%2F12%2F1941;CPIAUCNS;Consumer Price Index for All Urban Consumers: All Items in U.S. City Average;not_seasonally_adjusted;14.383333;12;2026;331.655375;8;partial;23.058311;partial_cpi_target_year;"Converted from nominal domestic currency to nominal USD with the listed exchange rate, then to target-year USD with CPIAUCNS. Exchange rate is end-of-period rather than annual average. BCB SGS 3690 is reported in mil-reis per US dollar; rows stored in reis are adjusted by 1000 during conversion. Target-year CPI uses the months available so far."
1938;bcb_3690_end_period_cpiaucns;17.620000;17.620000;1 mil-reis/US$;3690;Taxa de cambio - Livre - Dolar americano - Fim de periodo;annual_end_period;https://api.bcb.gov.br/dados/serie/bcdata.sgs.3690/dados?formato=json&dataInicial=01%2F01%2F1901&dataFinal=31%2F12%2F1941;CPIAUCNS;Consumer Price Index for All Urban Consumers: All Items in U.S. City Average;not_seasonally_adjusted;14.091667;12;2026;331.655375;8;partial;23.535568;partial_cpi_target_year;"Converted from nominal domestic currency to nominal USD with the listed exchange rate, then to target-year USD with CPIAUCNS. Exchange rate is end-of-period rather than annual average. BCB SGS 3690 is reported in mil-reis per US dollar; rows stored in reis are adjusted by 1000 during conversion. Target-year CPI uses the months available so far."
1939;bcb_3690_end_period_cpiaucns;16.645000;16.645000;1 mil-reis/US$;3690;Taxa de cambio - Livre - Dolar americano - Fim de periodo;annual_end_period;https://api.bcb.gov.br/dados/serie/bcdata.sgs.3690/dados?formato=json&dataInicial=01%2F01%2F1901&dataFinal=31%2F12%2F1941;CPIAUCNS;Consumer Price Index for All Urban Consumers: All Items in U.S. City Average;not_seasonally_adjusted;13.908333;12;2026;331.655375;8;partial;23.845803;partial_cpi_target_year;"Converted from nominal domestic currency to nominal USD with the listed exchange rate, then to target-year USD with CPIAUCNS. Exchange rate is end-of-period rather than annual average. BCB SGS 3690 is reported in mil-reis per US dollar; rows stored in reis are adjusted by 1000 during conversion. Target-year CPI uses the months available so far."
1940;bcb_3690_end_period_cpiaucns;16.632000;16.632000;1 mil-reis/US$;3690;Taxa de cambio - Livre - Dolar americano - Fim de periodo;annual_end_period;https://api.bcb.gov.br/dados/serie/bcdata.sgs.3690/dados?formato=json&dataInicial=01%2F01%2F1901&dataFinal=31%2F12%2F1941;CPIAUCNS;Consumer Price Index for All Urban Consumers: All Items in U.S. City Average;not_seasonally_adjusted;14.008333;12;2026;331.655375;8;partial;23.675577;partial_cpi_target_year;"Converted from nominal domestic currency to nominal USD with the listed exchange rate, then to target-year USD with CPIAUCNS. Exchange rate is end-of-period rather than annual average. BCB SGS 3690 is reported in mil-reis per US dollar; rows stored in reis are adjusted by 1000 during conversion. Target-year CPI uses the months available so far."
1941;bcb_3690_end_period_cpiaucns;16.599000;16.599000;1 mil-reis/US$;3690;Taxa de cambio - Livre - Dolar americano - Fim de periodo;annual_end_period;https://api.bcb.gov.br/dados/serie/bcdata.sgs.3690/dados?formato=json&dataInicial=01%2F01%2F1901&dataFinal=31%2F12%2F1941;CPIAUCNS;Consumer Price Index for All Urban Consumers: All Items in U.S. City Average;not_seasonally_adjusted;14.725000;12;2026;331.655375;8;partial;22.523285;partial_cpi_target_year;"Converted from nominal domestic currency to nominal USD with the listed exchange rate, then to target-year USD with CPIAUCNS. Exchange rate is end-of-period rather than annual average. BCB SGS 3690 is reported in mil-reis per US dollar; rows stored in reis are adjusted by 1000 during conversion. Target-year CPI uses the months available so far."
1942;missing_exchange_cpiaucns;;;;;;;;CPIAUCNS;Consumer Price Index for All Urban Consumers: All Items in U.S. City Average;not_seasonally_adjusted;16.333333;12;2026;331.655375;8;partial;20.305431;missing_exchange_rate | partial_cpi_target_year;No exchange-rate series is available for the source year under the current method. Target-year CPI uses the months available so far.
1943;bcb_3694_cpiaucns;19.630000;19.630000;unidade monetaria corrente por US$;3694;Taxa de cambio - Livre - Dolar americano (venda) - Media de periodo - anual;annual_period_average;https://api.bcb.gov.br/dados/serie/bcdata.sgs.3694/dados?formato=json&dataInicial=01%2F01%2F1943&dataFinal=31%2F12%2F2025;CPIAUCNS;Consumer Price Index for All Urban Consumers: All Items in U.S. City Average;not_seasonally_adjusted;17.308333;12;2026;331.655375;8;partial;19.161601;partial_cpi_target_year;Converted from nominal domestic currency to nominal USD with the listed exchange rate, then to target-year USD with CPIAUCNS. Target-year CPI uses the months available so far.
1944;bcb_3694_cpiaucns;19.580000;19.580000;unidade monetaria corrente por US$;3694;Taxa de cambio - Livre - Dolar americano (venda) - Media de periodo - anual;annual_period_average;https://api.bcb.gov.br/dados/serie/bcdata.sgs.3694/dados?formato=json&dataInicial=01%2F01%2F1943&dataFinal=31%2F12%2F2025;CPIAUCNS;Consumer Price Index for All Urban Consumers: All Items in U.S. City Average;not_seasonally_adjusted;17.591667;12;2026;331.655375;8;partial;18.852982;partial_cpi_target_year;Converted from nominal domestic currency to nominal USD with the listed exchange rate, then to target-year USD with CPIAUCNS. Target-year CPI uses the months available so far.
1945;bcb_3694_cpiaucns;19.500000;19.500000;unidade monetaria corrente por US$;3694;Taxa de cambio - Livre - Dolar americano (venda) - Media de periodo - anual;annual_period_average;https://api.bcb.gov.br/dados/serie/bcdata.sgs.3694/dados?formato=json&dataInicial=01%2F01%2F1943&dataFinal=31%2F12%2F2025;CPIAUCNS;Consumer Price Index for All Urban Consumers: All Items in U.S. City Average;not_seasonally_adjusted;17.991667;12;2026;331.655375;8;partial;18.433833;partial_cpi_target_year;Converted from nominal domestic currency to nominal USD with the listed exchange rate, then to target-year USD with CPIAUCNS. Target-year CPI uses the months available so far.
1946;bcb_3694_cpiaucns;19.410000;19.410000;unidade monetaria corrente por US$;3694;Taxa de cambio - Livre - Dolar americano (venda) - Media de periodo - anual;annual_period_average;https://api.bcb.gov.br/dados/serie/bcdata.sgs.3694/dados?formato=json&dataInicial=01%2F01%2F1943&dataFinal=31%2F12%2F2025;CPIAUCNS;Consumer Price Index for All Urban Consumers: All Items in U.S. City Average;not_seasonally_adjusted;19.516667;12;2026;331.655375;8;partial;16.993444;partial_cpi_target_year;Converted from nominal domestic currency to nominal USD with the listed exchange rate, then to target-year USD with CPIAUCNS. Target-year CPI uses the months available so far.
1947;bcb_3694_cpiaucsl;18.720000;18.720000;unidade monetaria corrente por US$;3694;Taxa de cambio - Livre - Dolar americano (venda) - Media de periodo - anual;annual_period_average;https://api.bcb.gov.br/dados/serie/bcdata.sgs.3694/dados?formato=json&dataInicial=01%2F01%2F1943&dataFinal=31%2F12%2F2025;CPIAUCSL;Consumer Price Index for All Urban Consumers: All Items in U.S. City Average;seasonally_adjusted;22.331667;12;2026;331.279875;8;partial;14.834534;partial_cpi_target_year;Converted from nominal domestic currency to nominal USD with the listed exchange rate, then to target-year USD with CPIAUCSL. Target-year CPI uses the months available so far.
1948;bcb_3694_cpiaucsl;18.720000;18.720000;unidade monetaria corrente por US$;3694;Taxa de cambio - Livre - Dolar americano (venda) - Media de periodo - anual;annual_period_average;https://api.bcb.gov.br/dados/serie/bcdata.sgs.3694/dados?formato=json&dataInicial=01%2F01%2F1943&dataFinal=31%2F12%2F2025;CPIAUCSL;Consumer Price Index for All Urban Consumers: All Items in U.S. City Average;seasonally_adjusted;24.045000;12;2026;331.279875;8;partial;13.777495;partial_cpi_target_year;Converted from nominal domestic currency to nominal USD with the listed exchange rate, then to target-year USD with CPIAUCSL. Target-year CPI uses the months available so far.
1949;bcb_3694_cpiaucsl;18.720000;18.720000;unidade monetaria corrente por US$;3694;Taxa de cambio - Livre - Dolar americano (venda) - Media de periodo - anual;annual_period_average;https://api.bcb.gov.br/dados/serie/bcdata.sgs.3694/dados?formato=json&dataInicial=01%2F01%2F1943&dataFinal=31%2F12%2F2025;CPIAUCSL;Consumer Price Index for All Urban Consumers: All Items in U.S. City Average;seasonally_adjusted;23.809167;12;2026;331.279875;8;partial;13.913963;partial_cpi_target_year;Converted from nominal domestic currency to nominal USD with the listed exchange rate, then to target-year USD with CPIAUCSL. Target-year CPI uses the months available so far.
1950;bcb_3694_cpiaucsl;18.720000;18.720000;unidade monetaria corrente por US$;3694;Taxa de cambio - Livre - Dolar americano (venda) - Media de periodo - anual;annual_period_average;https://api.bcb.gov.br/dados/serie/bcdata.sgs.3694/dados?formato=json&dataInicial=01%2F01%2F1943&dataFinal=31%2F12%2F2025;CPIAUCSL;Consumer Price Index for All Urban Consumers: All Items in U.S. City Average;seasonally_adjusted;24.062500;12;2026;331.279875;8;partial;13.767475;partial_cpi_target_year;Converted from nominal domestic currency to nominal USD with the listed exchange rate, then to target-year USD with CPIAUCSL. Target-year CPI uses the months available so far.
1951;bcb_3694_cpiaucsl;18.720000;18.720000;unidade monetaria corrente por US$;3694;Taxa de cambio - Livre - Dolar americano (venda) - Media de periodo - anual;annual_period_average;https://api.bcb.gov.br/dados/serie/bcdata.sgs.3694/dados?formato=json&dataInicial=01%2F01%2F1943&dataFinal=31%2F12%2F2025;CPIAUCSL;Consumer Price Index for All Urban Consumers: All Items in U.S. City Average;seasonally_adjusted;25.973333;12;2026;331.279875;8;partial;12.754615;partial_cpi_target_year;Converted from nominal domestic currency to nominal USD with the listed exchange rate, then to target-year USD with CPIAUCSL. Target-year CPI uses the months available so far.
1952;bcb_3694_cpiaucsl;18.720000;18.720000;unidade monetaria corrente por US$;3694;Taxa de cambio - Livre - Dolar americano (venda) - Media de periodo - anual;annual_period_average;https://api.bcb.gov.br/dados/serie/bcdata.sgs.3694/dados?formato=json&dataInicial=01%2F01%2F1943&dataFinal=31%2F12%2F2025;CPIAUCSL;Consumer Price Index for All Urban Consumers: All Items in U.S. City Average;seasonally_adjusted;26.566667;12;2026;331.279875;8;partial;12.469757;partial_cpi_target_year;Converted from nominal domestic currency to nominal USD with the listed exchange rate, then to target-year USD with CPIAUCSL. Target-year CPI uses the months available so far.
1953;bcb_3694_cpiaucsl;39.547300;39.547300;unidade monetaria corrente por US$;3694;Taxa de cambio - Livre - Dolar americano (venda) - Media de periodo - anual;annual_period_average;https://api.bcb.gov.br/dados/serie/bcdata.sgs.3694/dados?formato=json&dataInicial=01%2F01%2F1943&dataFinal=31%2F12%2F2025;CPIAUCSL;Consumer Price Index for All Urban Consumers: All Items in U.S. City Average;seasonally_adjusted;26.768333;12;2026;331.279875;8;partial;12.375813;partial_cpi_target_year;Converted from nominal domestic currency to nominal USD with the listed exchange rate, then to target-year USD with CPIAUCSL. Target-year CPI uses the months available so far.
1954;bcb_3694_cpiaucsl;59.783700;59.783700;unidade monetaria corrente por US$;3694;Taxa de cambio - Livre - Dolar americano (venda) - Media de periodo - anual;annual_period_average;https://api.bcb.gov.br/dados/serie/bcdata.sgs.3694/dados?formato=json&dataInicial=01%2F01%2F1943&dataFinal=31%2F12%2F2025;CPIAUCSL;Consumer Price Index for All Urban Consumers: All Items in U.S. City Average;seasonally_adjusted;26.865000;12;2026;331.279875;8;partial;12.331281;partial_cpi_target_year;Converted from nominal domestic currency to nominal USD with the listed exchange rate, then to target-year USD with CPIAUCSL. Target-year CPI uses the months available so far.
1955;bcb_3694_cpiaucsl;71.427500;71.427500;unidade monetaria corrente por US$;3694;Taxa de cambio - Livre - Dolar americano (venda) - Media de periodo - anual;annual_period_average;https://api.bcb.gov.br/dados/serie/bcdata.sgs.3694/dados?formato=json&dataInicial=01%2F01%2F1943&dataFinal=31%2F12%2F2025;CPIAUCSL;Consumer Price Index for All Urban Consumers: All Items in U.S. City Average;seasonally_adjusted;26.795833;12;2026;331.279875;8;partial;12.363111;partial_cpi_target_year;Converted from nominal domestic currency to nominal USD with the listed exchange rate, then to target-year USD with CPIAUCSL. Target-year CPI uses the months available so far.
1956;bcb_3694_cpiaucsl;70.401800;70.401800;unidade monetaria corrente por US$;3694;Taxa de cambio - Livre - Dolar americano (venda) - Media de periodo - anual;annual_period_average;https://api.bcb.gov.br/dados/serie/bcdata.sgs.3694/dados?formato=json&dataInicial=01%2F01%2F1943&dataFinal=31%2F12%2F2025;CPIAUCSL;Consumer Price Index for All Urban Consumers: All Items in U.S. City Average;seasonally_adjusted;27.190833;12;2026;331.279875;8;partial;12.183513;partial_cpi_target_year;Converted from nominal domestic currency to nominal USD with the listed exchange rate, then to target-year USD with CPIAUCSL. Target-year CPI uses the months available so far.
1957;bcb_3694_cpiaucsl;74.228600;74.228600;unidade monetaria corrente por US$;3694;Taxa de cambio - Livre - Dolar americano (venda) - Media de periodo - anual;annual_period_average;https://api.bcb.gov.br/dados/serie/bcdata.sgs.3694/dados?formato=json&dataInicial=01%2F01%2F1943&dataFinal=31%2F12%2F2025;CPIAUCSL;Consumer Price Index for All Urban Consumers: All Items in U.S. City Average;seasonally_adjusted;28.113333;12;2026;331.279875;8;partial;11.783728;partial_cpi_target_year;Converted from nominal domestic currency to nominal USD with the listed exchange rate, then to target-year USD with CPIAUCSL. Target-year CPI uses the months available so far.
1958;bcb_3694_cpiaucsl;127.360400;127.360400;unidade monetaria corrente por US$;3694;Taxa de cambio - Livre - Dolar americano (venda) - Media de periodo - anual;annual_period_average;https://api.bcb.gov.br/dados/serie/bcdata.sgs.3694/dados?formato=json&dataInicial=01%2F01%2F1943&dataFinal=31%2F12%2F2025;CPIAUCSL;Consumer Price Index for All Urban Consumers: All Items in U.S. City Average;seasonally_adjusted;28.880833;12;2026;331.279875;8;partial;11.470579;partial_cpi_target_year;Converted from nominal domestic currency to nominal USD with the listed exchange rate, then to target-year USD with CPIAUCSL. Target-year CPI uses the months available so far.
1959;bcb_3694_cpiaucsl;151.349600;151.349600;unidade monetaria corrente por US$;3694;Taxa de cambio - Livre - Dolar americano (venda) - Media de periodo - anual;annual_period_average;https://api.bcb.gov.br/dados/serie/bcdata.sgs.3694/dados?formato=json&dataInicial=01%2F01%2F1943&dataFinal=31%2F12%2F2025;CPIAUCSL;Consumer Price Index for All Urban Consumers: All Items in U.S. City Average;seasonally_adjusted;29.150000;12;2026;331.279875;8;partial;11.364661;partial_cpi_target_year;Converted from nominal domestic currency to nominal USD with the listed exchange rate, then to target-year USD with CPIAUCSL. Target-year CPI uses the months available so far.
1960;bcb_3694_cpiaucsl;186.468500;186.468500;unidade monetaria corrente por US$;3694;Taxa de cambio - Livre - Dolar americano (venda) - Media de periodo - anual;annual_period_average;https://api.bcb.gov.br/dados/serie/bcdata.sgs.3694/dados?formato=json&dataInicial=01%2F01%2F1943&dataFinal=31%2F12%2F2025;CPIAUCSL;Consumer Price Index for All Urban Consumers: All Items in U.S. City Average;seasonally_adjusted;29.585000;12;2026;331.279875;8;partial;11.197562;partial_cpi_target_year;Converted from nominal domestic currency to nominal USD with the listed exchange rate, then to target-year USD with CPIAUCSL. Target-year CPI uses the months available so far.
1961;bcb_3694_cpiaucsl;269.799200;269.799200;unidade monetaria corrente por US$;3694;Taxa de cambio - Livre - Dolar americano (venda) - Media de periodo - anual;annual_period_average;https://api.bcb.gov.br/dados/serie/bcdata.sgs.3694/dados?formato=json&dataInicial=01%2F01%2F1943&dataFinal=31%2F12%2F2025;CPIAUCSL;Consumer Price Index for All Urban Consumers: All Items in U.S. City Average;seasonally_adjusted;29.901667;12;2026;331.279875;8;partial;11.078977;partial_cpi_target_year;Converted from nominal domestic currency to nominal USD with the listed exchange rate, then to target-year USD with CPIAUCSL. Target-year CPI uses the months available so far.
1962;bcb_3694_cpiaucsl;388.000000;388.000000;unidade monetaria corrente por US$;3694;Taxa de cambio - Livre - Dolar americano (venda) - Media de periodo - anual;annual_period_average;https://api.bcb.gov.br/dados/serie/bcdata.sgs.3694/dados?formato=json&dataInicial=01%2F01%2F1943&dataFinal=31%2F12%2F2025;CPIAUCSL;Consumer Price Index for All Urban Consumers: All Items in U.S. City Average;seasonally_adjusted;30.253333;12;2026;331.279875;8;partial;10.950194;partial_cpi_target_year;Converted from nominal domestic currency to nominal USD with the listed exchange rate, then to target-year USD with CPIAUCSL. Target-year CPI uses the months available so far.
1963;bcb_3694_cpiaucsl;575.000000;575.000000;unidade monetaria corrente por US$;3694;Taxa de cambio - Livre - Dolar americano (venda) - Media de periodo - anual;annual_period_average;https://api.bcb.gov.br/dados/serie/bcdata.sgs.3694/dados?formato=json&dataInicial=01%2F01%2F1943&dataFinal=31%2F12%2F2025;CPIAUCSL;Consumer Price Index for All Urban Consumers: All Items in U.S. City Average;seasonally_adjusted;30.633333;12;2026;331.279875;8;partial;10.814359;partial_cpi_target_year;Converted from nominal domestic currency to nominal USD with the listed exchange rate, then to target-year USD with CPIAUCSL. Target-year CPI uses the months available so far.
1964;bcb_3694_cpiaucsl;1253.000000;1253.000000;unidade monetaria corrente por US$;3694;Taxa de cambio - Livre - Dolar americano (venda) - Media de periodo - anual;annual_period_average;https://api.bcb.gov.br/dados/serie/bcdata.sgs.3694/dados?formato=json&dataInicial=01%2F01%2F1943&dataFinal=31%2F12%2F2025;CPIAUCSL;Consumer Price Index for All Urban Consumers: All Items in U.S. City Average;seasonally_adjusted;31.038333;12;2026;331.279875;8;partial;10.673249;partial_cpi_target_year;Converted from nominal domestic currency to nominal USD with the listed exchange rate, then to target-year USD with CPIAUCSL. Target-year CPI uses the months available so far.
1965;bcb_3694_cpiaucsl;1899.000000;1899.000000;unidade monetaria corrente por US$;3694;Taxa de cambio - Livre - Dolar americano (venda) - Media de periodo - anual;annual_period_average;https://api.bcb.gov.br/dados/serie/bcdata.sgs.3694/dados?formato=json&dataInicial=01%2F01%2F1943&dataFinal=31%2F12%2F2025;CPIAUCSL;Consumer Price Index for All Urban Consumers: All Items in U.S. City Average;seasonally_adjusted;31.528333;12;2026;331.279875;8;partial;10.507370;partial_cpi_target_year;Converted from nominal domestic currency to nominal USD with the listed exchange rate, then to target-year USD with CPIAUCSL. Target-year CPI uses the months available so far.
1966;bcb_3694_cpiaucsl;2220.000000;2220.000000;unidade monetaria corrente por US$;3694;Taxa de cambio - Livre - Dolar americano (venda) - Media de periodo - anual;annual_period_average;https://api.bcb.gov.br/dados/serie/bcdata.sgs.3694/dados?formato=json&dataInicial=01%2F01%2F1943&dataFinal=31%2F12%2F2025;CPIAUCSL;Consumer Price Index for All Urban Consumers: All Items in U.S. City Average;seasonally_adjusted;32.470833;12;2026;331.279875;8;partial;10.202383;partial_cpi_target_year;Converted from nominal domestic currency to nominal USD with the listed exchange rate, then to target-year USD with CPIAUCSL. Target-year CPI uses the months available so far.
1967;bcb_3694_cpiaucsl;2.663000;2.663000;unidade monetaria corrente por US$;3694;Taxa de cambio - Livre - Dolar americano (venda) - Media de periodo - anual;annual_period_average;https://api.bcb.gov.br/dados/serie/bcdata.sgs.3694/dados?formato=json&dataInicial=01%2F01%2F1943&dataFinal=31%2F12%2F2025;CPIAUCSL;Consumer Price Index for All Urban Consumers: All Items in U.S. City Average;seasonally_adjusted;33.375000;12;2026;331.279875;8;partial;9.925989;partial_cpi_target_year;Converted from nominal domestic currency to nominal USD with the listed exchange rate, then to target-year USD with CPIAUCSL. Target-year CPI uses the months available so far.
1968;bcb_3694_cpiaucsl;3.400000;3.400000;unidade monetaria corrente por US$;3694;Taxa de cambio - Livre - Dolar americano (venda) - Media de periodo - anual;annual_period_average;https://api.bcb.gov.br/dados/serie/bcdata.sgs.3694/dados?formato=json&dataInicial=01%2F01%2F1943&dataFinal=31%2F12%2F2025;CPIAUCSL;Consumer Price Index for All Urban Consumers: All Items in U.S. City Average;seasonally_adjusted;34.791667;12;2026;331.279875;8;partial;9.521817;partial_cpi_target_year;Converted from nominal domestic currency to nominal USD with the listed exchange rate, then to target-year USD with CPIAUCSL. Target-year CPI uses the months available so far.
1969;bcb_3694_cpiaucsl;4.074000;4.074000;unidade monetaria corrente por US$;3694;Taxa de cambio - Livre - Dolar americano (venda) - Media de periodo - anual;annual_period_average;https://api.bcb.gov.br/dados/serie/bcdata.sgs.3694/dados?formato=json&dataInicial=01%2F01%2F1943&dataFinal=31%2F12%2F2025;CPIAUCSL;Consumer Price Index for All Urban Consumers: All Items in U.S. City Average;seasonally_adjusted;36.683333;12;2026;331.279875;8;partial;9.030801;partial_cpi_target_year;Converted from nominal domestic currency to nominal USD with the listed exchange rate, then to target-year USD with CPIAUCSL. Target-year CPI uses the months available so far.
1970;bcb_3694_cpiaucsl;4.593500;4.593500;unidade monetaria corrente por US$;3694;Taxa de cambio - Livre - Dolar americano (venda) - Media de periodo - anual;annual_period_average;https://api.bcb.gov.br/dados/serie/bcdata.sgs.3694/dados?formato=json&dataInicial=01%2F01%2F1943&dataFinal=31%2F12%2F2025;CPIAUCSL;Consumer Price Index for All Urban Consumers: All Items in U.S. City Average;seasonally_adjusted;38.841667;12;2026;331.279875;8;partial;8.528982;partial_cpi_target_year;Converted from nominal domestic currency to nominal USD with the listed exchange rate, then to target-year USD with CPIAUCSL. Target-year CPI uses the months available so far.
1971;bcb_3694_cpiaucsl;5.287600;5.287600;unidade monetaria corrente por US$;3694;Taxa de cambio - Livre - Dolar americano (venda) - Media de periodo - anual;annual_period_average;https://api.bcb.gov.br/dados/serie/bcdata.sgs.3694/dados?formato=json&dataInicial=01%2F01%2F1943&dataFinal=31%2F12%2F2025;CPIAUCSL;Consumer Price Index for All Urban Consumers: All Items in U.S. City Average;seasonally_adjusted;40.483333;12;2026;331.279875;8;partial;8.183118;partial_cpi_target_year;Converted from nominal domestic currency to nominal USD with the listed exchange rate, then to target-year USD with CPIAUCSL. Target-year CPI uses the months available so far.
1972;bcb_3694_cpiaucsl;5.934000;5.934000;unidade monetaria corrente por US$;3694;Taxa de cambio - Livre - Dolar americano (venda) - Media de periodo - anual;annual_period_average;https://api.bcb.gov.br/dados/serie/bcdata.sgs.3694/dados?formato=json&dataInicial=01%2F01%2F1943&dataFinal=31%2F12%2F2025;CPIAUCSL;Consumer Price Index for All Urban Consumers: All Items in U.S. City Average;seasonally_adjusted;41.808333;12;2026;331.279875;8;partial;7.923776;partial_cpi_target_year;Converted from nominal domestic currency to nominal USD with the listed exchange rate, then to target-year USD with CPIAUCSL. Target-year CPI uses the months available so far.
1973;bcb_3694_cpiaucsl;6.126000;6.126000;unidade monetaria corrente por US$;3694;Taxa de cambio - Livre - Dolar americano (venda) - Media de periodo - anual;annual_period_average;https://api.bcb.gov.br/dados/serie/bcdata.sgs.3694/dados?formato=json&dataInicial=01%2F01%2F1943&dataFinal=31%2F12%2F2025;CPIAUCSL;Consumer Price Index for All Urban Consumers: All Items in U.S. City Average;seasonally_adjusted;44.425000;12;2026;331.279875;8;partial;7.457060;partial_cpi_target_year;Converted from nominal domestic currency to nominal USD with the listed exchange rate, then to target-year USD with CPIAUCSL. Target-year CPI uses the months available so far.
1974;bcb_3694_cpiaucsl;6.790000;6.790000;unidade monetaria corrente por US$;3694;Taxa de cambio - Livre - Dolar americano (venda) - Media de periodo - anual;annual_period_average;https://api.bcb.gov.br/dados/serie/bcdata.sgs.3694/dados?formato=json&dataInicial=01%2F01%2F1943&dataFinal=31%2F12%2F2025;CPIAUCSL;Consumer Price Index for All Urban Consumers: All Items in U.S. City Average;seasonally_adjusted;49.316667;12;2026;331.279875;8;partial;6.717402;partial_cpi_target_year;Converted from nominal domestic currency to nominal USD with the listed exchange rate, then to target-year USD with CPIAUCSL. Target-year CPI uses the months available so far.
1975;bcb_3694_cpiaucsl;8.127000;8.127000;unidade monetaria corrente por US$;3694;Taxa de cambio - Livre - Dolar americano (venda) - Media de periodo - anual;annual_period_average;https://api.bcb.gov.br/dados/serie/bcdata.sgs.3694/dados?formato=json&dataInicial=01%2F01%2F1943&dataFinal=31%2F12%2F2025;CPIAUCSL;Consumer Price Index for All Urban Consumers: All Items in U.S. City Average;seasonally_adjusted;53.825000;12;2026;331.279875;8;partial;6.154758;partial_cpi_target_year;Converted from nominal domestic currency to nominal USD with the listed exchange rate, then to target-year USD with CPIAUCSL. Target-year CPI uses the months available so far.
1976;bcb_3694_cpiaucsl;10.673000;10.673000;unidade monetaria corrente por US$;3694;Taxa de cambio - Livre - Dolar americano (venda) - Media de periodo - anual;annual_period_average;https://api.bcb.gov.br/dados/serie/bcdata.sgs.3694/dados?formato=json&dataInicial=01%2F01%2F1943&dataFinal=31%2F12%2F2025;CPIAUCSL;Consumer Price Index for All Urban Consumers: All Items in U.S. City Average;seasonally_adjusted;56.933333;12;2026;331.279875;8;partial;5.818733;partial_cpi_target_year;Converted from nominal domestic currency to nominal USD with the listed exchange rate, then to target-year USD with CPIAUCSL. Target-year CPI uses the months available so far.
1977;bcb_3694_cpiaucsl;14.144000;14.144000;unidade monetaria corrente por US$;3694;Taxa de cambio - Livre - Dolar americano (venda) - Media de periodo - anual;annual_period_average;https://api.bcb.gov.br/dados/serie/bcdata.sgs.3694/dados?formato=json&dataInicial=01%2F01%2F1943&dataFinal=31%2F12%2F2025;CPIAUCSL;Consumer Price Index for All Urban Consumers: All Items in U.S. City Average;seasonally_adjusted;60.616667;12;2026;331.279875;8;partial;5.465162;partial_cpi_target_year;Converted from nominal domestic currency to nominal USD with the listed exchange rate, then to target-year USD with CPIAUCSL. Target-year CPI uses the months available so far.
1978;bcb_3694_cpiaucsl;18.078000;18.078000;unidade monetaria corrente por US$;3694;Taxa de cambio - Livre - Dolar americano (venda) - Media de periodo - anual;annual_period_average;https://api.bcb.gov.br/dados/serie/bcdata.sgs.3694/dados?formato=json&dataInicial=01%2F01%2F1943&dataFinal=31%2F12%2F2025;CPIAUCSL;Consumer Price Index for All Urban Consumers: All Items in U.S. City Average;seasonally_adjusted;65.241667;12;2026;331.279875;8;partial;5.077735;partial_cpi_target_year;Converted from nominal domestic currency to nominal USD with the listed exchange rate, then to target-year USD with CPIAUCSL. Target-year CPI uses the months available so far.
1979;bcb_3694_cpiaucsl;26.818000;26.818000;unidade monetaria corrente por US$;3694;Taxa de cambio - Livre - Dolar americano (venda) - Media de periodo - anual;annual_period_average;https://api.bcb.gov.br/dados/serie/bcdata.sgs.3694/dados?formato=json&dataInicial=01%2F01%2F1943&dataFinal=31%2F12%2F2025;CPIAUCSL;Consumer Price Index for All Urban Consumers: All Items in U.S. City Average;seasonally_adjusted;72.583333;12;2026;331.279875;8;partial;4.564131;partial_cpi_target_year;Converted from nominal domestic currency to nominal USD with the listed exchange rate, then to target-year USD with CPIAUCSL. Target-year CPI uses the months available so far.
1980;bcb_3694_cpiaucsl;52.811000;52.811000;unidade monetaria corrente por US$;3694;Taxa de cambio - Livre - Dolar americano (venda) - Media de periodo - anual;annual_period_average;https://api.bcb.gov.br/dados/serie/bcdata.sgs.3694/dados?formato=json&dataInicial=01%2F01%2F1943&dataFinal=31%2F12%2F2025;CPIAUCSL;Consumer Price Index for All Urban Consumers: All Items in U.S. City Average;seasonally_adjusted;82.383333;12;2026;331.279875;8;partial;4.021200;partial_cpi_target_year;Converted from nominal domestic currency to nominal USD with the listed exchange rate, then to target-year USD with CPIAUCSL. Target-year CPI uses the months available so far.
1981;bcb_3694_cpiaucsl;93.349000;93.349000;unidade monetaria corrente por US$;3694;Taxa de cambio - Livre - Dolar americano (venda) - Media de periodo - anual;annual_period_average;https://api.bcb.gov.br/dados/serie/bcdata.sgs.3694/dados?formato=json&dataInicial=01%2F01%2F1943&dataFinal=31%2F12%2F2025;CPIAUCSL;Consumer Price Index for All Urban Consumers: All Items in U.S. City Average;seasonally_adjusted;90.933333;12;2026;331.279875;8;partial;3.643107;partial_cpi_target_year;Converted from nominal domestic currency to nominal USD with the listed exchange rate, then to target-year USD with CPIAUCSL. Target-year CPI uses the months available so far.
1982;bcb_3694_cpiaucsl;180.366000;180.366000;unidade monetaria corrente por US$;3694;Taxa de cambio - Livre - Dolar americano (venda) - Media de periodo - anual;annual_period_average;https://api.bcb.gov.br/dados/serie/bcdata.sgs.3694/dados?formato=json&dataInicial=01%2F01%2F1943&dataFinal=31%2F12%2F2025;CPIAUCSL;Consumer Price Index for All Urban Consumers: All Items in U.S. City Average;seasonally_adjusted;96.533333;12;2026;331.279875;8;partial;3.431767;partial_cpi_target_year;Converted from nominal domestic currency to nominal USD with the listed exchange rate, then to target-year USD with CPIAUCSL. Target-year CPI uses the months available so far.
1983;bcb_3694_cpiaucsl;580.199000;580.199000;unidade monetaria corrente por US$;3694;Taxa de cambio - Livre - Dolar americano (venda) - Media de periodo - anual;annual_period_average;https://api.bcb.gov.br/dados/serie/bcdata.sgs.3694/dados?formato=json&dataInicial=01%2F01%2F1943&dataFinal=31%2F12%2F2025;CPIAUCSL;Consumer Price Index for All Urban Consumers: All Items in U.S. City Average;seasonally_adjusted;99.583333;12;2026;331.279875;8;partial;3.326660;partial_cpi_target_year;Converted from nominal domestic currency to nominal USD with the listed exchange rate, then to target-year USD with CPIAUCSL. Target-year CPI uses the months available so far.
1984;bcb_3694_cpiaucsl;1842.608000;1842.608000;unidade monetaria corrente por US$;3694;Taxa de cambio - Livre - Dolar americano (venda) - Media de periodo - anual;annual_period_average;https://api.bcb.gov.br/dados/serie/bcdata.sgs.3694/dados?formato=json&dataInicial=01%2F01%2F1943&dataFinal=31%2F12%2F2025;CPIAUCSL;Consumer Price Index for All Urban Consumers: All Items in U.S. City Average;seasonally_adjusted;103.933333;12;2026;331.279875;8;partial;3.187427;partial_cpi_target_year;Converted from nominal domestic currency to nominal USD with the listed exchange rate, then to target-year USD with CPIAUCSL. Target-year CPI uses the months available so far.
1985;bcb_3694_cpiaucsl;6222.284000;6222.284000;unidade monetaria corrente por US$;3694;Taxa de cambio - Livre - Dolar americano (venda) - Media de periodo - anual;annual_period_average;https://api.bcb.gov.br/dados/serie/bcdata.sgs.3694/dados?formato=json&dataInicial=01%2F01%2F1943&dataFinal=31%2F12%2F2025;CPIAUCSL;Consumer Price Index for All Urban Consumers: All Items in U.S. City Average;seasonally_adjusted;107.600000;12;2026;331.279875;8;partial;3.078809;partial_cpi_target_year;Converted from nominal domestic currency to nominal USD with the listed exchange rate, then to target-year USD with CPIAUCSL. Target-year CPI uses the months available so far.
1986;bcb_3694_cpiaucsl;13.655000;13.655000;unidade monetaria corrente por US$;3694;Taxa de cambio - Livre - Dolar americano (venda) - Media de periodo - anual;annual_period_average;https://api.bcb.gov.br/dados/serie/bcdata.sgs.3694/dados?formato=json&dataInicial=01%2F01%2F1943&dataFinal=31%2F12%2F2025;CPIAUCSL;Consumer Price Index for All Urban Consumers: All Items in U.S. City Average;seasonally_adjusted;109.691667;12;2026;331.279875;8;partial;3.020101;partial_cpi_target_year;Converted from nominal domestic currency to nominal USD with the listed exchange rate, then to target-year USD with CPIAUCSL. Target-year CPI uses the months available so far.
1987;bcb_3694_cpiaucsl;39.523000;39.523000;unidade monetaria corrente por US$;3694;Taxa de cambio - Livre - Dolar americano (venda) - Media de periodo - anual;annual_period_average;https://api.bcb.gov.br/dados/serie/bcdata.sgs.3694/dados?formato=json&dataInicial=01%2F01%2F1943&dataFinal=31%2F12%2F2025;CPIAUCSL;Consumer Price Index for All Urban Consumers: All Items in U.S. City Average;seasonally_adjusted;113.616667;12;2026;331.279875;8;partial;2.915768;partial_cpi_target_year;Converted from nominal domestic currency to nominal USD with the listed exchange rate, then to target-year USD with CPIAUCSL. Target-year CPI uses the months available so far.
1988;bcb_3694_cpiaucsl;265.572000;265.572000;unidade monetaria corrente por US$;3694;Taxa de cambio - Livre - Dolar americano (venda) - Media de periodo - anual;annual_period_average;https://api.bcb.gov.br/dados/serie/bcdata.sgs.3694/dados?formato=json&dataInicial=01%2F01%2F1943&dataFinal=31%2F12%2F2025;CPIAUCSL;Consumer Price Index for All Urban Consumers: All Items in U.S. City Average;seasonally_adjusted;118.275000;12;2026;331.279875;8;partial;2.800929;partial_cpi_target_year;Converted from nominal domestic currency to nominal USD with the listed exchange rate, then to target-year USD with CPIAUCSL. Target-year CPI uses the months available so far.
1989;bcb_3694_cpiaucsl;2.830000;2.830000;unidade monetaria corrente por US$;3694;Taxa de cambio - Livre - Dolar americano (venda) - Media de periodo - anual;annual_period_average;https://api.bcb.gov.br/dados/serie/bcdata.sgs.3694/dados?formato=json&dataInicial=01%2F01%2F1943&dataFinal=31%2F12%2F2025;CPIAUCSL;Consumer Price Index for All Urban Consumers: All Items in U.S. City Average;seasonally_adjusted;123.941667;12;2026;331.279875;8;partial;2.672869;partial_cpi_target_year;Converted from nominal domestic currency to nominal USD with the listed exchange rate, then to target-year USD with CPIAUCSL. Target-year CPI uses the months available so far.
1990;bcb_3694_cpiaucsl;68.060000;68.060000;unidade monetaria corrente por US$;3694;Taxa de cambio - Livre - Dolar americano (venda) - Media de periodo - anual;annual_period_average;https://api.bcb.gov.br/dados/serie/bcdata.sgs.3694/dados?formato=json&dataInicial=01%2F01%2F1943&dataFinal=31%2F12%2F2025;CPIAUCSL;Consumer Price Index for All Urban Consumers: All Items in U.S. City Average;seasonally_adjusted;130.658333;12;2026;331.279875;8;partial;2.535467;partial_cpi_target_year;Converted from nominal domestic currency to nominal USD with the listed exchange rate, then to target-year USD with CPIAUCSL. Target-year CPI uses the months available so far.
1991;bcb_3694_cpiaucsl;409.251000;409.251000;unidade monetaria corrente por US$;3694;Taxa de cambio - Livre - Dolar americano (venda) - Media de periodo - anual;annual_period_average;https://api.bcb.gov.br/dados/serie/bcdata.sgs.3694/dados?formato=json&dataInicial=01%2F01%2F1943&dataFinal=31%2F12%2F2025;CPIAUCSL;Consumer Price Index for All Urban Consumers: All Items in U.S. City Average;seasonally_adjusted;136.166667;12;2026;331.279875;8;partial;2.432900;partial_cpi_target_year;Converted from nominal domestic currency to nominal USD with the listed exchange rate, then to target-year USD with CPIAUCSL. Target-year CPI uses the months available so far.
1992;bcb_3694_cpiaucsl;4551.360000;4551.360000;unidade monetaria corrente por US$;3694;Taxa de cambio - Livre - Dolar americano (venda) - Media de periodo - anual;annual_period_average;https://api.bcb.gov.br/dados/serie/bcdata.sgs.3694/dados?formato=json&dataInicial=01%2F01%2F1943&dataFinal=31%2F12%2F2025;CPIAUCSL;Consumer Price Index for All Urban Consumers: All Items in U.S. City Average;seasonally_adjusted;140.308333;12;2026;331.279875;8;partial;2.361085;partial_cpi_target_year;Converted from nominal domestic currency to nominal USD with the listed exchange rate, then to target-year USD with CPIAUCSL. Target-year CPI uses the months available so far.
1993;bcb_3694_cpiaucsl;90.230000;90.230000;unidade monetaria corrente por US$;3694;Taxa de cambio - Livre - Dolar americano (venda) - Media de periodo - anual;annual_period_average;https://api.bcb.gov.br/dados/serie/bcdata.sgs.3694/dados?formato=json&dataInicial=01%2F01%2F1943&dataFinal=31%2F12%2F2025;CPIAUCSL;Consumer Price Index for All Urban Consumers: All Items in U.S. City Average;seasonally_adjusted;144.475000;12;2026;331.279875;8;partial;2.292991;partial_cpi_target_year;Converted from nominal domestic currency to nominal USD with the listed exchange rate, then to target-year USD with CPIAUCSL. Target-year CPI uses the months available so far.
1994;bcb_3694_cpiaucsl;0.645300;0.645300;unidade monetaria corrente por US$;3694;Taxa de cambio - Livre - Dolar americano (venda) - Media de periodo - anual;annual_period_average;https://api.bcb.gov.br/dados/serie/bcdata.sgs.3694/dados?formato=json&dataInicial=01%2F01%2F1943&dataFinal=31%2F12%2F2025;CPIAUCSL;Consumer Price Index for All Urban Consumers: All Items in U.S. City Average;seasonally_adjusted;148.225000;12;2026;331.279875;8;partial;2.234980;partial_cpi_target_year;Converted from nominal domestic currency to nominal USD with the listed exchange rate, then to target-year USD with CPIAUCSL. Target-year CPI uses the months available so far.
1995;bcb_3694_cpiaucsl;0.917700;0.917700;unidade monetaria corrente por US$;3694;Taxa de cambio - Livre - Dolar americano (venda) - Media de periodo - anual;annual_period_average;https://api.bcb.gov.br/dados/serie/bcdata.sgs.3694/dados?formato=json&dataInicial=01%2F01%2F1943&dataFinal=31%2F12%2F2025;CPIAUCSL;Consumer Price Index for All Urban Consumers: All Items in U.S. City Average;seasonally_adjusted;152.383333;12;2026;331.279875;8;partial;2.173990;partial_cpi_target_year;Converted from nominal domestic currency to nominal USD with the listed exchange rate, then to target-year USD with CPIAUCSL. Target-year CPI uses the months available so far.
1996;bcb_3694_cpiaucsl;1.005200;1.005200;unidade monetaria corrente por US$;3694;Taxa de cambio - Livre - Dolar americano (venda) - Media de periodo - anual;annual_period_average;https://api.bcb.gov.br/dados/serie/bcdata.sgs.3694/dados?formato=json&dataInicial=01%2F01%2F1943&dataFinal=31%2F12%2F2025;CPIAUCSL;Consumer Price Index for All Urban Consumers: All Items in U.S. City Average;seasonally_adjusted;156.858333;12;2026;331.279875;8;partial;2.111969;partial_cpi_target_year;Converted from nominal domestic currency to nominal USD with the listed exchange rate, then to target-year USD with CPIAUCSL. Target-year CPI uses the months available so far.
1997;bcb_3694_cpiaucsl;1.078700;1.078700;unidade monetaria corrente por US$;3694;Taxa de cambio - Livre - Dolar americano (venda) - Media de periodo - anual;annual_period_average;https://api.bcb.gov.br/dados/serie/bcdata.sgs.3694/dados?formato=json&dataInicial=01%2F01%2F1943&dataFinal=31%2F12%2F2025;CPIAUCSL;Consumer Price Index for All Urban Consumers: All Items in U.S. City Average;seasonally_adjusted;160.525000;12;2026;331.279875;8;partial;2.063728;partial_cpi_target_year;Converted from nominal domestic currency to nominal USD with the listed exchange rate, then to target-year USD with CPIAUCSL. Target-year CPI uses the months available so far.
1998;bcb_3694_cpiaucsl;1.161100;1.161100;unidade monetaria corrente por US$;3694;Taxa de cambio - Livre - Dolar americano (venda) - Media de periodo - anual;annual_period_average;https://api.bcb.gov.br/dados/serie/bcdata.sgs.3694/dados?formato=json&dataInicial=01%2F01%2F1943&dataFinal=31%2F12%2F2025;CPIAUCSL;Consumer Price Index for All Urban Consumers: All Items in U.S. City Average;seasonally_adjusted;163.008333;12;2026;331.279875;8;partial;2.032288;partial_cpi_target_year;Converted from nominal domestic currency to nominal USD with the listed exchange rate, then to target-year USD with CPIAUCSL. Target-year CPI uses the months available so far.
1999;bcb_3694_cpiaucsl;1.815800;1.815800;unidade monetaria corrente por US$;3694;Taxa de cambio - Livre - Dolar americano (venda) - Media de periodo - anual;annual_period_average;https://api.bcb.gov.br/dados/serie/bcdata.sgs.3694/dados?formato=json&dataInicial=01%2F01%2F1943&dataFinal=31%2F12%2F2025;CPIAUCSL;Consumer Price Index for All Urban Consumers: All Items in U.S. City Average;seasonally_adjusted;166.583333;12;2026;331.279875;8;partial;1.988674;partial_cpi_target_year;Converted from nominal domestic currency to nominal USD with the listed exchange rate, then to target-year USD with CPIAUCSL. Target-year CPI uses the months available so far.
2000;bcb_3694_cpiaucsl;1.829500;1.829500;unidade monetaria corrente por US$;3694;Taxa de cambio - Livre - Dolar americano (venda) - Media de periodo - anual;annual_period_average;https://api.bcb.gov.br/dados/serie/bcdata.sgs.3694/dados?formato=json&dataInicial=01%2F01%2F1943&dataFinal=31%2F12%2F2025;CPIAUCSL;Consumer Price Index for All Urban Consumers: All Items in U.S. City Average;seasonally_adjusted;172.191667;12;2026;331.279875;8;partial;1.923902;partial_cpi_target_year;Converted from nominal domestic currency to nominal USD with the listed exchange rate, then to target-year USD with CPIAUCSL. Target-year CPI uses the months available so far.
2001;bcb_3694_cpiaucsl;2.352200;2.352200;unidade monetaria corrente por US$;3694;Taxa de cambio - Livre - Dolar americano (venda) - Media de periodo - anual;annual_period_average;https://api.bcb.gov.br/dados/serie/bcdata.sgs.3694/dados?formato=json&dataInicial=01%2F01%2F1943&dataFinal=31%2F12%2F2025;CPIAUCSL;Consumer Price Index for All Urban Consumers: All Items in U.S. City Average;seasonally_adjusted;177.041667;12;2026;331.279875;8;partial;1.871197;partial_cpi_target_year;Converted from nominal domestic currency to nominal USD with the listed exchange rate, then to target-year USD with CPIAUCSL. Target-year CPI uses the months available so far.
2002;bcb_3694_cpiaucsl;2.930900;2.930900;unidade monetaria corrente por US$;3694;Taxa de cambio - Livre - Dolar americano (venda) - Media de periodo - anual;annual_period_average;https://api.bcb.gov.br/dados/serie/bcdata.sgs.3694/dados?formato=json&dataInicial=01%2F01%2F1943&dataFinal=31%2F12%2F2025;CPIAUCSL;Consumer Price Index for All Urban Consumers: All Items in U.S. City Average;seasonally_adjusted;179.866667;12;2026;331.279875;8;partial;1.841808;partial_cpi_target_year;Converted from nominal domestic currency to nominal USD with the listed exchange rate, then to target-year USD with CPIAUCSL. Target-year CPI uses the months available so far.
2003;bcb_3694_cpiaucsl;3.071500;3.071500;unidade monetaria corrente por US$;3694;Taxa de cambio - Livre - Dolar americano (venda) - Media de periodo - anual;annual_period_average;https://api.bcb.gov.br/dados/serie/bcdata.sgs.3694/dados?formato=json&dataInicial=01%2F01%2F1943&dataFinal=31%2F12%2F2025;CPIAUCSL;Consumer Price Index for All Urban Consumers: All Items in U.S. City Average;seasonally_adjusted;184.000000;12;2026;331.279875;8;partial;1.800434;partial_cpi_target_year;Converted from nominal domestic currency to nominal USD with the listed exchange rate, then to target-year USD with CPIAUCSL. Target-year CPI uses the months available so far.
2004;bcb_3694_cpiaucsl;2.925700;2.925700;unidade monetaria corrente por US$;3694;Taxa de cambio - Livre - Dolar americano (venda) - Media de periodo - anual;annual_period_average;https://api.bcb.gov.br/dados/serie/bcdata.sgs.3694/dados?formato=json&dataInicial=01%2F01%2F1943&dataFinal=31%2F12%2F2025;CPIAUCSL;Consumer Price Index for All Urban Consumers: All Items in U.S. City Average;seasonally_adjusted;188.908333;12;2026;331.279875;8;partial;1.753654;partial_cpi_target_year;Converted from nominal domestic currency to nominal USD with the listed exchange rate, then to target-year USD with CPIAUCSL. Target-year CPI uses the months available so far.
2005;bcb_3694_cpiaucsl;2.434100;2.434100;unidade monetaria corrente por US$;3694;Taxa de cambio - Livre - Dolar americano (venda) - Media de periodo - anual;annual_period_average;https://api.bcb.gov.br/dados/serie/bcdata.sgs.3694/dados?formato=json&dataInicial=01%2F01%2F1943&dataFinal=31%2F12%2F2025;CPIAUCSL;Consumer Price Index for All Urban Consumers: All Items in U.S. City Average;seasonally_adjusted;195.266667;12;2026;331.279875;8;partial;1.696551;partial_cpi_target_year;Converted from nominal domestic currency to nominal USD with the listed exchange rate, then to target-year USD with CPIAUCSL. Target-year CPI uses the months available so far.
2006;bcb_3694_cpiaucsl;2.177100;2.177100;unidade monetaria corrente por US$;3694;Taxa de cambio - Livre - Dolar americano (venda) - Media de periodo - anual;annual_period_average;https://api.bcb.gov.br/dados/serie/bcdata.sgs.3694/dados?formato=json&dataInicial=01%2F01%2F1943&dataFinal=31%2F12%2F2025;CPIAUCSL;Consumer Price Index for All Urban Consumers: All Items in U.S. City Average;seasonally_adjusted;201.558333;12;2026;331.279875;8;partial;1.643593;partial_cpi_target_year;Converted from nominal domestic currency to nominal USD with the listed exchange rate, then to target-year USD with CPIAUCSL. Target-year CPI uses the months available so far.
2007;bcb_3694_cpiaucsl;1.948300;1.948300;unidade monetaria corrente por US$;3694;Taxa de cambio - Livre - Dolar americano (venda) - Media de periodo - anual;annual_period_average;https://api.bcb.gov.br/dados/serie/bcdata.sgs.3694/dados?formato=json&dataInicial=01%2F01%2F1943&dataFinal=31%2F12%2F2025;CPIAUCSL;Consumer Price Index for All Urban Consumers: All Items in U.S. City Average;seasonally_adjusted;207.344167;12;2026;331.279875;8;partial;1.597729;partial_cpi_target_year;Converted from nominal domestic currency to nominal USD with the listed exchange rate, then to target-year USD with CPIAUCSL. Target-year CPI uses the months available so far.
2008;bcb_3694_cpiaucsl;1.837500;1.837500;unidade monetaria corrente por US$;3694;Taxa de cambio - Livre - Dolar americano (venda) - Media de periodo - anual;annual_period_average;https://api.bcb.gov.br/dados/serie/bcdata.sgs.3694/dados?formato=json&dataInicial=01%2F01%2F1943&dataFinal=31%2F12%2F2025;CPIAUCSL;Consumer Price Index for All Urban Consumers: All Items in U.S. City Average;seasonally_adjusted;215.254250;12;2026;331.279875;8;partial;1.539017;partial_cpi_target_year;Converted from nominal domestic currency to nominal USD with the listed exchange rate, then to target-year USD with CPIAUCSL. Target-year CPI uses the months available so far.
2009;bcb_3694_cpiaucsl;1.993500;1.993500;unidade monetaria corrente por US$;3694;Taxa de cambio - Livre - Dolar americano (venda) - Media de periodo - anual;annual_period_average;https://api.bcb.gov.br/dados/serie/bcdata.sgs.3694/dados?formato=json&dataInicial=01%2F01%2F1943&dataFinal=31%2F12%2F2025;CPIAUCSL;Consumer Price Index for All Urban Consumers: All Items in U.S. City Average;seasonally_adjusted;214.564667;12;2026;331.279875;8;partial;1.543963;partial_cpi_target_year;Converted from nominal domestic currency to nominal USD with the listed exchange rate, then to target-year USD with CPIAUCSL. Target-year CPI uses the months available so far.
2010;bcb_3694_cpiaucsl;1.759300;1.759300;unidade monetaria corrente por US$;3694;Taxa de cambio - Livre - Dolar americano (venda) - Media de periodo - anual;annual_period_average;https://api.bcb.gov.br/dados/serie/bcdata.sgs.3694/dados?formato=json&dataInicial=01%2F01%2F1943&dataFinal=31%2F12%2F2025;CPIAUCSL;Consumer Price Index for All Urban Consumers: All Items in U.S. City Average;seasonally_adjusted;218.076167;12;2026;331.279875;8;partial;1.519102;partial_cpi_target_year;Converted from nominal domestic currency to nominal USD with the listed exchange rate, then to target-year USD with CPIAUCSL. Target-year CPI uses the months available so far.
2011;bcb_3694_cpiaucsl;1.674600;1.674600;unidade monetaria corrente por US$;3694;Taxa de cambio - Livre - Dolar americano (venda) - Media de periodo - anual;annual_period_average;https://api.bcb.gov.br/dados/serie/bcdata.sgs.3694/dados?formato=json&dataInicial=01%2F01%2F1943&dataFinal=31%2F12%2F2025;CPIAUCSL;Consumer Price Index for All Urban Consumers: All Items in U.S. City Average;seasonally_adjusted;224.923000;12;2026;331.279875;8;partial;1.472859;partial_cpi_target_year;Converted from nominal domestic currency to nominal USD with the listed exchange rate, then to target-year USD with CPIAUCSL. Target-year CPI uses the months available so far.
2012;bcb_3694_cpiaucsl;1.955000;1.955000;unidade monetaria corrente por US$;3694;Taxa de cambio - Livre - Dolar americano (venda) - Media de periodo - anual;annual_period_average;https://api.bcb.gov.br/dados/serie/bcdata.sgs.3694/dados?formato=json&dataInicial=01%2F01%2F1943&dataFinal=31%2F12%2F2025;CPIAUCSL;Consumer Price Index for All Urban Consumers: All Items in U.S. City Average;seasonally_adjusted;229.586083;12;2026;331.279875;8;partial;1.442944;partial_cpi_target_year;Converted from nominal domestic currency to nominal USD with the listed exchange rate, then to target-year USD with CPIAUCSL. Target-year CPI uses the months available so far.
2013;bcb_3694_cpiaucsl;2.160500;2.160500;unidade monetaria corrente por US$;3694;Taxa de cambio - Livre - Dolar americano (venda) - Media de periodo - anual;annual_period_average;https://api.bcb.gov.br/dados/serie/bcdata.sgs.3694/dados?formato=json&dataInicial=01%2F01%2F1943&dataFinal=31%2F12%2F2025;CPIAUCSL;Consumer Price Index for All Urban Consumers: All Items in U.S. City Average;seasonally_adjusted;232.951750;12;2026;331.279875;8;partial;1.422097;partial_cpi_target_year;Converted from nominal domestic currency to nominal USD with the listed exchange rate, then to target-year USD with CPIAUCSL. Target-year CPI uses the months available so far.
2014;bcb_3694_cpiaucsl;2.354700;2.354700;unidade monetaria corrente por US$;3694;Taxa de cambio - Livre - Dolar americano (venda) - Media de periodo - anual;annual_period_average;https://api.bcb.gov.br/dados/serie/bcdata.sgs.3694/dados?formato=json&dataInicial=01%2F01%2F1943&dataFinal=31%2F12%2F2025;CPIAUCSL;Consumer Price Index for All Urban Consumers: All Items in U.S. City Average;seasonally_adjusted;236.715000;12;2026;331.279875;8;partial;1.399488;partial_cpi_target_year;Converted from nominal domestic currency to nominal USD with the listed exchange rate, then to target-year USD with CPIAUCSL. Target-year CPI uses the months available so far.
2015;bcb_3694_cpiaucsl;3.338700;3.338700;unidade monetaria corrente por US$;3694;Taxa de cambio - Livre - Dolar americano (venda) - Media de periodo - anual;annual_period_average;https://api.bcb.gov.br/dados/serie/bcdata.sgs.3694/dados?formato=json&dataInicial=01%2F01%2F1943&dataFinal=31%2F12%2F2025;CPIAUCSL;Consumer Price Index for All Urban Consumers: All Items in U.S. City Average;seasonally_adjusted;237.001750;12;2026;331.279875;8;partial;1.397795;partial_cpi_target_year;Converted from nominal domestic currency to nominal USD with the listed exchange rate, then to target-year USD with CPIAUCSL. Target-year CPI uses the months available so far.
2016;bcb_3694_cpiaucsl;3.483300;3.483300;unidade monetaria corrente por US$;3694;Taxa de cambio - Livre - Dolar americano (venda) - Media de periodo - anual;annual_period_average;https://api.bcb.gov.br/dados/serie/bcdata.sgs.3694/dados?formato=json&dataInicial=01%2F01%2F1943&dataFinal=31%2F12%2F2025;CPIAUCSL;Consumer Price Index for All Urban Consumers: All Items in U.S. City Average;seasonally_adjusted;240.005417;12;2026;331.279875;8;partial;1.380302;partial_cpi_target_year;Converted from nominal domestic currency to nominal USD with the listed exchange rate, then to target-year USD with CPIAUCSL. Target-year CPI uses the months available so far.
2017;bcb_3694_cpiaucsl;3.192500;3.192500;unidade monetaria corrente por US$;3694;Taxa de cambio - Livre - Dolar americano (venda) - Media de periodo - anual;annual_period_average;https://api.bcb.gov.br/dados/serie/bcdata.sgs.3694/dados?formato=json&dataInicial=01%2F01%2F1943&dataFinal=31%2F12%2F2025;CPIAUCSL;Consumer Price Index for All Urban Consumers: All Items in U.S. City Average;seasonally_adjusted;245.121000;12;2026;331.279875;8;partial;1.351495;partial_cpi_target_year;Converted from nominal domestic currency to nominal USD with the listed exchange rate, then to target-year USD with CPIAUCSL. Target-year CPI uses the months available so far.
2018;bcb_3694_cpiaucsl;3.655800;3.655800;unidade monetaria corrente por US$;3694;Taxa de cambio - Livre - Dolar americano (venda) - Media de periodo - anual;annual_period_average;https://api.bcb.gov.br/dados/serie/bcdata.sgs.3694/dados?formato=json&dataInicial=01%2F01%2F1943&dataFinal=31%2F12%2F2025;CPIAUCSL;Consumer Price Index for All Urban Consumers: All Items in U.S. City Average;seasonally_adjusted;251.099500;12;2026;331.279875;8;partial;1.319317;partial_cpi_target_year;Converted from nominal domestic currency to nominal USD with the listed exchange rate, then to target-year USD with CPIAUCSL. Target-year CPI uses the months available so far.
2019;bcb_3694_cpiaucsl;3.946100;3.946100;unidade monetaria corrente por US$;3694;Taxa de cambio - Livre - Dolar americano (venda) - Media de periodo - anual;annual_period_average;https://api.bcb.gov.br/dados/serie/bcdata.sgs.3694/dados?formato=json&dataInicial=01%2F01%2F1943&dataFinal=31%2F12%2F2025;CPIAUCSL;Consumer Price Index for All Urban Consumers: All Items in U.S. City Average;seasonally_adjusted;255.652583;12;2026;331.279875;8;partial;1.295821;partial_cpi_target_year;Converted from nominal domestic currency to nominal USD with the listed exchange rate, then to target-year USD with CPIAUCSL. Target-year CPI uses the months available so far.
2020;bcb_3694_cpiaucsl;5.157800;5.157800;unidade monetaria corrente por US$;3694;Taxa de cambio - Livre - Dolar americano (venda) - Media de periodo - anual;annual_period_average;https://api.bcb.gov.br/dados/serie/bcdata.sgs.3694/dados?formato=json&dataInicial=01%2F01%2F1943&dataFinal=31%2F12%2F2025;CPIAUCSL;Consumer Price Index for All Urban Consumers: All Items in U.S. City Average;seasonally_adjusted;258.855750;12;2026;331.279875;8;partial;1.279786;partial_cpi_target_year;Converted from nominal domestic currency to nominal USD with the listed exchange rate, then to target-year USD with CPIAUCSL. Target-year CPI uses the months available so far.
2021;bcb_3694_cpiaucsl;5.395600;5.395600;unidade monetaria corrente por US$;3694;Taxa de cambio - Livre - Dolar americano (venda) - Media de periodo - anual;annual_period_average;https://api.bcb.gov.br/dados/serie/bcdata.sgs.3694/dados?formato=json&dataInicial=01%2F01%2F1943&dataFinal=31%2F12%2F2025;CPIAUCSL;Consumer Price Index for All Urban Consumers: All Items in U.S. City Average;seasonally_adjusted;270.973417;12;2026;331.279875;8;partial;1.222555;partial_cpi_target_year;Converted from nominal domestic currency to nominal USD with the listed exchange rate, then to target-year USD with CPIAUCSL. Target-year CPI uses the months available so far.
2022;bcb_3694_cpiaucsl;5.165500;5.165500;unidade monetaria corrente por US$;3694;Taxa de cambio - Livre - Dolar americano (venda) - Media de periodo - anual;annual_period_average;https://api.bcb.gov.br/dados/serie/bcdata.sgs.3694/dados?formato=json&dataInicial=01%2F01%2F1943&dataFinal=31%2F12%2F2025;CPIAUCSL;Consumer Price Index for All Urban Consumers: All Items in U.S. City Average;seasonally_adjusted;292.626417;12;2026;331.279875;8;partial;1.132091;partial_cpi_target_year;Converted from nominal domestic currency to nominal USD with the listed exchange rate, then to target-year USD with CPIAUCSL. Target-year CPI uses the months available so far.
2023;bcb_3694_cpiaucsl;4.995300;4.995300;unidade monetaria corrente por US$;3694;Taxa de cambio - Livre - Dolar americano (venda) - Media de periodo - anual;annual_period_average;https://api.bcb.gov.br/dados/serie/bcdata.sgs.3694/dados?formato=json&dataInicial=01%2F01%2F1943&dataFinal=31%2F12%2F2025;CPIAUCSL;Consumer Price Index for All Urban Consumers: All Items in U.S. City Average;seasonally_adjusted;304.703000;12;2026;331.279875;8;partial;1.087222;partial_cpi_target_year;Converted from nominal domestic currency to nominal USD with the listed exchange rate, then to target-year USD with CPIAUCSL. Target-year CPI uses the months available so far.
2024;bcb_3694_cpiaucsl;5.392000;5.392000;unidade monetaria corrente por US$;3694;Taxa de cambio - Livre - Dolar americano (venda) - Media de periodo - anual;annual_period_average;https://api.bcb.gov.br/dados/serie/bcdata.sgs.3694/dados?formato=json&dataInicial=01%2F01%2F1943&dataFinal=31%2F12%2F2025;CPIAUCSL;Consumer Price Index for All Urban Consumers: All Items in U.S. City Average;seasonally_adjusted;313.698167;12;2026;331.279875;8;partial;1.056047;partial_cpi_target_year;Converted from nominal domestic currency to nominal USD with the listed exchange rate, then to target-year USD with CPIAUCSL. Target-year CPI uses the months available so far.
2025;bcb_3694_cpiaucsl;5.585500;5.585500;unidade monetaria corrente por US$;3694;Taxa de cambio - Livre - Dolar americano (venda) - Media de periodo - anual;annual_period_average;https://api.bcb.gov.br/dados/serie/bcdata.sgs.3694/dados?formato=json&dataInicial=01%2F01%2F1943&dataFinal=31%2F12%2F2025;CPIAUCSL;Consumer Price Index for All Urban Consumers: All Items in U.S. City Average;seasonally_adjusted;321.961909;11;2026;331.279875;8;partial;1.028941;partial_cpi_target_year;Converted from nominal domestic currency to nominal USD with the listed exchange rate, then to target-year USD with CPIAUCSL. Target-year CPI uses the months available so far.
2026;missing_exchange_cpiaucsl;;;;;;;;CPIAUCSL;Consumer Price Index for All Urban Consumers: All Items in U.S. City Average;seasonally_adjusted;331.279875;8;2026;331.279875;8;partial;1.000000;missing_exchange_rate | partial_cpi_target_year;No exchange-rate series is available for the source year under the current method. Target-year CPI uses the months available so far.
