date;year;exchange_rate_domestic_currency_per_usd;exchange_rate_api_value;exchange_rate_api_value_scale;series_id;series_name;unit;timing;source_url;downloaded_at
1901-01-01;1901;2.337000;2337;0.001000;3690;Taxa de cambio - Livre - Dolar americano - Fim de periodo;1 mil-reis/US$;annual_end_period;https://api.bcb.gov.br/dados/serie/bcdata.sgs.3690/dados?formato=json&dataInicial=01%2F01%2F1901&dataFinal=31%2F12%2F1941;2026-10-08
1902-01-01;1902;2.459000;2459;0.001000;3690;Taxa de cambio - Livre - Dolar americano - Fim de periodo;1 mil-reis/US$;annual_end_period;https://api.bcb.gov.br/dados/serie/bcdata.sgs.3690/dados?formato=json&dataInicial=01%2F01%2F1901&dataFinal=31%2F12%2F1941;2026-10-08
1903-01-01;1903;2.466000;2466;0.001000;3690;Taxa de cambio - Livre - Dolar americano - Fim de periodo;1 mil-reis/US$;annual_end_period;https://api.bcb.gov.br/dados/serie/bcdata.sgs.3690/dados?formato=json&dataInicial=01%2F01%2F1901&dataFinal=31%2F12%2F1941;2026-10-08
1904-01-01;1904;2.517000;2517;0.001000;3690;Taxa de cambio - Livre - Dolar americano - Fim de periodo;1 mil-reis/US$;annual_end_period;https://api.bcb.gov.br/dados/serie/bcdata.sgs.3690/dados?formato=json&dataInicial=01%2F01%2F1901&dataFinal=31%2F12%2F1941;2026-10-08
1905-01-01;1905;3.641000;3641;0.001000;3690;Taxa de cambio - Livre - Dolar americano - Fim de periodo;1 mil-reis/US$;annual_end_period;https://api.bcb.gov.br/dados/serie/bcdata.sgs.3690/dados?formato=json&dataInicial=01%2F01%2F1901&dataFinal=31%2F12%2F1941;2026-10-08
1906-01-01;1906;3.326000;3326;0.001000;3690;Taxa de cambio - Livre - Dolar americano - Fim de periodo;1 mil-reis/US$;annual_end_period;https://api.bcb.gov.br/dados/serie/bcdata.sgs.3690/dados?formato=json&dataInicial=01%2F01%2F1901&dataFinal=31%2F12%2F1941;2026-10-08
1907-01-01;1907;3.172000;3172;0.001000;3690;Taxa de cambio - Livre - Dolar americano - Fim de periodo;1 mil-reis/US$;annual_end_period;https://api.bcb.gov.br/dados/serie/bcdata.sgs.3690/dados?formato=json&dataInicial=01%2F01%2F1901&dataFinal=31%2F12%2F1941;2026-10-08
1908-01-01;1908;3.147000;3147;0.001000;3690;Taxa de cambio - Livre - Dolar americano - Fim de periodo;1 mil-reis/US$;annual_end_period;https://api.bcb.gov.br/dados/serie/bcdata.sgs.3690/dados?formato=json&dataInicial=01%2F01%2F1901&dataFinal=31%2F12%2F1941;2026-10-08
1909-01-01;1909;3.147000;3147;0.001000;3690;Taxa de cambio - Livre - Dolar americano - Fim de periodo;1 mil-reis/US$;annual_end_period;https://api.bcb.gov.br/dados/serie/bcdata.sgs.3690/dados?formato=json&dataInicial=01%2F01%2F1901&dataFinal=31%2F12%2F1941;2026-10-08
1910-01-01;1910;3.336000;3336;0.001000;3690;Taxa de cambio - Livre - Dolar americano - Fim de periodo;1 mil-reis/US$;annual_end_period;https://api.bcb.gov.br/dados/serie/bcdata.sgs.3690/dados?formato=json&dataInicial=01%2F01%2F1901&dataFinal=31%2F12%2F1941;2026-10-08
1911-01-01;1911;3.310000;3310;0.001000;3690;Taxa de cambio - Livre - Dolar americano - Fim de periodo;1 mil-reis/US$;annual_end_period;https://api.bcb.gov.br/dados/serie/bcdata.sgs.3690/dados?formato=json&dataInicial=01%2F01%2F1901&dataFinal=31%2F12%2F1941;2026-10-08
1912-01-01;1912;3.320000;3320;0.001000;3690;Taxa de cambio - Livre - Dolar americano - Fim de periodo;1 mil-reis/US$;annual_end_period;https://api.bcb.gov.br/dados/serie/bcdata.sgs.3690/dados?formato=json&dataInicial=01%2F01%2F1901&dataFinal=31%2F12%2F1941;2026-10-08
1913-01-01;1913;3.310000;3310;0.001000;3690;Taxa de cambio - Livre - Dolar americano - Fim de periodo;1 mil-reis/US$;annual_end_period;https://api.bcb.gov.br/dados/serie/bcdata.sgs.3690/dados?formato=json&dataInicial=01%2F01%2F1901&dataFinal=31%2F12%2F1941;2026-10-08
1914-01-01;1914;3.310000;3310;0.001000;3690;Taxa de cambio - Livre - Dolar americano - Fim de periodo;1 mil-reis/US$;annual_end_period;https://api.bcb.gov.br/dados/serie/bcdata.sgs.3690/dados?formato=json&dataInicial=01%2F01%2F1901&dataFinal=31%2F12%2F1941;2026-10-08
1915-01-01;1915;2.792000;2792;0.001000;3690;Taxa de cambio - Livre - Dolar americano - Fim de periodo;1 mil-reis/US$;annual_end_period;https://api.bcb.gov.br/dados/serie/bcdata.sgs.3690/dados?formato=json&dataInicial=01%2F01%2F1901&dataFinal=31%2F12%2F1941;2026-10-08
1916-01-01;1916;2.648000;2648;0.001000;3690;Taxa de cambio - Livre - Dolar americano - Fim de periodo;1 mil-reis/US$;annual_end_period;https://api.bcb.gov.br/dados/serie/bcdata.sgs.3690/dados?formato=json&dataInicial=01%2F01%2F1901&dataFinal=31%2F12%2F1941;2026-10-08
1917-01-01;1917;2.690000;2690;0.001000;3690;Taxa de cambio - Livre - Dolar americano - Fim de periodo;1 mil-reis/US$;annual_end_period;https://api.bcb.gov.br/dados/serie/bcdata.sgs.3690/dados?formato=json&dataInicial=01%2F01%2F1901&dataFinal=31%2F12%2F1941;2026-10-08
1918-01-01;1918;2.726000;2726;0.001000;3690;Taxa de cambio - Livre - Dolar americano - Fim de periodo;1 mil-reis/US$;annual_end_period;https://api.bcb.gov.br/dados/serie/bcdata.sgs.3690/dados?formato=json&dataInicial=01%2F01%2F1901&dataFinal=31%2F12%2F1941;2026-10-08
1919-01-01;1919;3.048000;3048;0.001000;3690;Taxa de cambio - Livre - Dolar americano - Fim de periodo;1 mil-reis/US$;annual_end_period;https://api.bcb.gov.br/dados/serie/bcdata.sgs.3690/dados?formato=json&dataInicial=01%2F01%2F1901&dataFinal=31%2F12%2F1941;2026-10-08
1920-01-01;1920;4.569000;4569;0.001000;3690;Taxa de cambio - Livre - Dolar americano - Fim de periodo;1 mil-reis/US$;annual_end_period;https://api.bcb.gov.br/dados/serie/bcdata.sgs.3690/dados?formato=json&dataInicial=01%2F01%2F1901&dataFinal=31%2F12%2F1941;2026-10-08
1921-01-01;1921;2.620000;2620;0.001000;3690;Taxa de cambio - Livre - Dolar americano - Fim de periodo;1 mil-reis/US$;annual_end_period;https://api.bcb.gov.br/dados/serie/bcdata.sgs.3690/dados?formato=json&dataInicial=01%2F01%2F1901&dataFinal=31%2F12%2F1941;2026-10-08
1922-01-01;1922;7.740000;7740;0.001000;3690;Taxa de cambio - Livre - Dolar americano - Fim de periodo;1 mil-reis/US$;annual_end_period;https://api.bcb.gov.br/dados/serie/bcdata.sgs.3690/dados?formato=json&dataInicial=01%2F01%2F1901&dataFinal=31%2F12%2F1941;2026-10-08
1923-01-01;1923;9.835000;9835;0.001000;3690;Taxa de cambio - Livre - Dolar americano - Fim de periodo;1 mil-reis/US$;annual_end_period;https://api.bcb.gov.br/dados/serie/bcdata.sgs.3690/dados?formato=json&dataInicial=01%2F01%2F1901&dataFinal=31%2F12%2F1941;2026-10-08
1924-01-01;1924;9.212000;9212;0.001000;3690;Taxa de cambio - Livre - Dolar americano - Fim de periodo;1 mil-reis/US$;annual_end_period;https://api.bcb.gov.br/dados/serie/bcdata.sgs.3690/dados?formato=json&dataInicial=01%2F01%2F1901&dataFinal=31%2F12%2F1941;2026-10-08
1925-01-01;1925;8.325000;8325;0.001000;3690;Taxa de cambio - Livre - Dolar americano - Fim de periodo;1 mil-reis/US$;annual_end_period;https://api.bcb.gov.br/dados/serie/bcdata.sgs.3690/dados?formato=json&dataInicial=01%2F01%2F1901&dataFinal=31%2F12%2F1941;2026-10-08
1926-01-01;1926;7.002000;7002;0.001000;3690;Taxa de cambio - Livre - Dolar americano - Fim de periodo;1 mil-reis/US$;annual_end_period;https://api.bcb.gov.br/dados/serie/bcdata.sgs.3690/dados?formato=json&dataInicial=01%2F01%2F1901&dataFinal=31%2F12%2F1941;2026-10-08
1927-01-01;1927;8.457000;8457;0.001000;3690;Taxa de cambio - Livre - Dolar americano - Fim de periodo;1 mil-reis/US$;annual_end_period;https://api.bcb.gov.br/dados/serie/bcdata.sgs.3690/dados?formato=json&dataInicial=01%2F01%2F1901&dataFinal=31%2F12%2F1941;2026-10-08
1928-01-01;1928;8.365000;8365;0.001000;3690;Taxa de cambio - Livre - Dolar americano - Fim de periodo;1 mil-reis/US$;annual_end_period;https://api.bcb.gov.br/dados/serie/bcdata.sgs.3690/dados?formato=json&dataInicial=01%2F01%2F1901&dataFinal=31%2F12%2F1941;2026-10-08
1929-01-01;1929;8.479000;8479;0.001000;3690;Taxa de cambio - Livre - Dolar americano - Fim de periodo;1 mil-reis/US$;annual_end_period;https://api.bcb.gov.br/dados/serie/bcdata.sgs.3690/dados?formato=json&dataInicial=01%2F01%2F1901&dataFinal=31%2F12%2F1941;2026-10-08
1930-01-01;1930;9.240000;9240;0.001000;3690;Taxa de cambio - Livre - Dolar americano - Fim de periodo;1 mil-reis/US$;annual_end_period;https://api.bcb.gov.br/dados/serie/bcdata.sgs.3690/dados?formato=json&dataInicial=01%2F01%2F1901&dataFinal=31%2F12%2F1941;2026-10-08
1931-01-01;1931;14.268000;14268;0.001000;3690;Taxa de cambio - Livre - Dolar americano - Fim de periodo;1 mil-reis/US$;annual_end_period;https://api.bcb.gov.br/dados/serie/bcdata.sgs.3690/dados?formato=json&dataInicial=01%2F01%2F1901&dataFinal=31%2F12%2F1941;2026-10-08
1932-01-01;1932;14.134000;14134;0.001000;3690;Taxa de cambio - Livre - Dolar americano - Fim de periodo;1 mil-reis/US$;annual_end_period;https://api.bcb.gov.br/dados/serie/bcdata.sgs.3690/dados?formato=json&dataInicial=01%2F01%2F1901&dataFinal=31%2F12%2F1941;2026-10-08
1933-01-01;1933;12.700000;12700;0.001000;3690;Taxa de cambio - Livre - Dolar americano - Fim de periodo;1 mil-reis/US$;annual_end_period;https://api.bcb.gov.br/dados/serie/bcdata.sgs.3690/dados?formato=json&dataInicial=01%2F01%2F1901&dataFinal=31%2F12%2F1941;2026-10-08
1934-01-01;1934;12.078000;12078;0.001000;3690;Taxa de cambio - Livre - Dolar americano - Fim de periodo;1 mil-reis/US$;annual_end_period;https://api.bcb.gov.br/dados/serie/bcdata.sgs.3690/dados?formato=json&dataInicial=01%2F01%2F1901&dataFinal=31%2F12%2F1941;2026-10-08
1935-01-01;1935;11.903000;11903;0.001000;3690;Taxa de cambio - Livre - Dolar americano - Fim de periodo;1 mil-reis/US$;annual_end_period;https://api.bcb.gov.br/dados/serie/bcdata.sgs.3690/dados?formato=json&dataInicial=01%2F01%2F1901&dataFinal=31%2F12%2F1941;2026-10-08
1936-01-01;1936;11.791000;11791;0.001000;3690;Taxa de cambio - Livre - Dolar americano - Fim de periodo;1 mil-reis/US$;annual_end_period;https://api.bcb.gov.br/dados/serie/bcdata.sgs.3690/dados?formato=json&dataInicial=01%2F01%2F1901&dataFinal=31%2F12%2F1941;2026-10-08
1937-01-01;1937;11.397000;11397;0.001000;3690;Taxa de cambio - Livre - Dolar americano - Fim de periodo;1 mil-reis/US$;annual_end_period;https://api.bcb.gov.br/dados/serie/bcdata.sgs.3690/dados?formato=json&dataInicial=01%2F01%2F1901&dataFinal=31%2F12%2F1941;2026-10-08
1938-01-01;1938;17.620000;17620;0.001000;3690;Taxa de cambio - Livre - Dolar americano - Fim de periodo;1 mil-reis/US$;annual_end_period;https://api.bcb.gov.br/dados/serie/bcdata.sgs.3690/dados?formato=json&dataInicial=01%2F01%2F1901&dataFinal=31%2F12%2F1941;2026-10-08
1939-01-01;1939;16.645000;16645;0.001000;3690;Taxa de cambio - Livre - Dolar americano - Fim de periodo;1 mil-reis/US$;annual_end_period;https://api.bcb.gov.br/dados/serie/bcdata.sgs.3690/dados?formato=json&dataInicial=01%2F01%2F1901&dataFinal=31%2F12%2F1941;2026-10-08
1940-01-01;1940;16.632000;16632;0.001000;3690;Taxa de cambio - Livre - Dolar americano - Fim de periodo;1 mil-reis/US$;annual_end_period;https://api.bcb.gov.br/dados/serie/bcdata.sgs.3690/dados?formato=json&dataInicial=01%2F01%2F1901&dataFinal=31%2F12%2F1941;2026-10-08
1941-01-01;1941;16.599000;16599;0.001000;3690;Taxa de cambio - Livre - Dolar americano - Fim de periodo;1 mil-reis/US$;annual_end_period;https://api.bcb.gov.br/dados/serie/bcdata.sgs.3690/dados?formato=json&dataInicial=01%2F01%2F1901&dataFinal=31%2F12%2F1941;2026-10-08
