source_table_id;source_file;table_kind;row_count;column_count;first_calendar_year;last_calendar_year;calendar_year_count;sha256;refined_path
irpf_aeb1941_1945_df_1933_1943_faixas;irpf_aeb1941_1945_df_1933_1943_faixas.csv;bracket_distribution;131;27;1933;1943;11;79628463f1555438e1a3d8cd78dd84ad11c014c5762db151cae376d387dd2f75;data/refined/extractions/irpf_aeb1941_1945_df_1933_1943_faixas.csv
irpf_aeb1941_1945_df_1933_1943_totais;irpf_aeb1941_1945_df_1933_1943_totais.csv;total;11;25;1933;1943;11;eab310e22e552ba9e453181baae1acd58cc72692f939184082fc1047b35d5949;data/refined/extractions/irpf_aeb1941_1945_df_1933_1943_totais.csv
irpf_aeb_brasil_1946_1960_faixas;irpf_aeb_brasil_1946_1960_faixas.csv;bracket_distribution;213;20;1946;1960;15;ef62f9c1ef88250d653d00ee3c835cde31c62f6d2b9c2a768285b86eb2a2efe5;data/refined/extractions/irpf_aeb_brasil_1946_1960_faixas.csv
irpf_aeb_brasil_1946_1960_totais;irpf_aeb_brasil_1946_1960_totais.csv;total;15;20;1946;1960;15;1e34a9915e0d4adfc5993b6ff920fdec8bf8c800001e782c71f317cd416ee3b2;data/refined/extractions/irpf_aeb_brasil_1946_1960_totais.csv
irpf_aef_1970_faixas;irpf_aef_1970_faixas.csv;bracket_distribution;18;43;1968;1968;1;d31d980949e40f7e9ed3885b034f9598ec7f120d7e2398e7841d5501d4dd9778;data/refined/extractions/irpf_aef_1970_faixas.csv
irpf_aef_1970_totais;irpf_aef_1970_totais.csv;total;1;66;1968;1968;1;db724e4361bf8207ea9d2d58b21f7c3e9892f289065ce196365f65fec30a9938;data/refined/extractions/irpf_aef_1970_totais.csv
irpf_aef_1971_faixas;irpf_aef_1971_faixas.csv;bracket_distribution;15;48;1969;1969;1;b815f95d12afbbc45fe2e1b4e406fc819f401bc0688b48f8f958d806b414e2d7;data/refined/extractions/irpf_aef_1971_faixas.csv
irpf_aef_1971_totais;irpf_aef_1971_totais.csv;total;1;85;1969;1969;1;3cab7ad0bfab028b66d022ac598fc99559248b87c521c09e8c10c849c00f6ec3;data/refined/extractions/irpf_aef_1971_totais.csv
irpf_aef_1972_faixas;irpf_aef_1972_faixas.csv;bracket_distribution;8;28;1970;1970;1;adc9633f3a97743c16f41067e777984c2149cc44b3f114e5f668e7a2af2f7d18;data/refined/extractions/irpf_aef_1972_faixas.csv
irpf_aef_1972_faixas_origem;irpf_aef_1972_faixas_origem.csv;bracket_source_detail;9;26;1970;1970;1;76b6d632fa5af64cd6875eed780429d4422d215f53afd6c3e629d4d2321d54e8;data/refined/extractions/irpf_aef_1972_faixas_origem.csv
irpf_aef_1972_totais;irpf_aef_1972_totais.csv;total;1;30;1970;1970;1;52e263e07f84e955d1f01a205c3ad3cf0a8b584654d51d1ae454bfdbc4b574ee;data/refined/extractions/irpf_aef_1972_totais.csv
irpf_aef_1973_faixas;irpf_aef_1973_faixas.csv;bracket_distribution;8;28;1971;1971;1;1c0f4dd1c9c9e92fccdee5cd4fdd9f187ae0f62955aaed0bec8788fc80d0e07e;data/refined/extractions/irpf_aef_1973_faixas.csv
irpf_aef_1973_faixas_origem;irpf_aef_1973_faixas_origem.csv;bracket_source_detail;9;26;1971;1971;1;da5f12e34cec0fcd1540a5f827d2f5168e7d6b48693fd779bc27ef51db98ef26;data/refined/extractions/irpf_aef_1973_faixas_origem.csv
irpf_aef_1973_totais;irpf_aef_1973_totais.csv;total;1;30;1971;1971;1;c8dfbbd54a3672a4fed299d5a5657cc0b076c12a495836280b1bd3d062336f47;data/refined/extractions/irpf_aef_1973_totais.csv
irpf_aef_1974_faixas;irpf_aef_1974_faixas.csv;bracket_distribution;8;28;1972;1972;1;61b623d969eebdd4660ca42e354362d0298df92f8b0634c804cad48e621e787a;data/refined/extractions/irpf_aef_1974_faixas.csv
irpf_aef_1974_faixas_origem;irpf_aef_1974_faixas_origem.csv;bracket_source_detail;9;29;1972;1972;1;d10ea21b580c9981bb5035c8b9ffaec8f5e0cc02b8c3e740376ca9d079db42cb;data/refined/extractions/irpf_aef_1974_faixas_origem.csv
irpf_aef_1974_totais;irpf_aef_1974_totais.csv;total;1;33;1972;1972;1;86a247481083be7202dbc6a7117aaaafe79e08a3681220afa77317d06036f59f;data/refined/extractions/irpf_aef_1974_totais.csv
irpf_aef_1975_rendimento_bruto_faixas;irpf_aef_1975_rendimento_bruto_faixas.csv;bracket_distribution;15;39;1973;1973;1;551600f93a8b16ae541b4e88db4fbd473e18af943f0bd3affe7b4b95b834d643;data/refined/extractions/irpf_aef_1975_rendimento_bruto_faixas.csv
irpf_aef_1975_rendimento_bruto_totais;irpf_aef_1975_rendimento_bruto_totais.csv;total;1;38;1973;1973;1;60e6b3419a694dec3290043df9028c325ad5373aa5488c00476d3ee1bf8a69e2;data/refined/extractions/irpf_aef_1975_rendimento_bruto_totais.csv
irpf_aef_1976_faixas;irpf_aef_1976_faixas.csv;bracket_distribution;8;28;1974;1974;1;c87f4e7725c0983f4c415d6eb1b4bd0c9b3d4fe3b5cd0aea7820215e1b280f2a;data/refined/extractions/irpf_aef_1976_faixas.csv
irpf_aef_1976_faixas_origem;irpf_aef_1976_faixas_origem.csv;bracket_source_detail;9;29;1974;1974;1;d3523cebcc5d78544cf8a617479b5c12cd1a46489eff48655911cf648e4bcb69;data/refined/extractions/irpf_aef_1976_faixas_origem.csv
irpf_aef_1976_totais;irpf_aef_1976_totais.csv;total;1;33;1974;1974;1;b2b026a574330d498fa6f779b49de0bd0198e4f48ca8e528a9d22708f0ee97bf;data/refined/extractions/irpf_aef_1976_totais.csv
irpf_aef_1977_faixas;irpf_aef_1977_faixas.csv;bracket_distribution;10;32;1975;1975;1;6dfbe9a197e7391a1ff4bdb91df5b389b20c13ca1422dd927f18e3d48da92d42;data/refined/extractions/irpf_aef_1977_faixas.csv
irpf_aef_1977_faixas_origem;irpf_aef_1977_faixas_origem.csv;bracket_source_detail;11;39;1975;1975;1;88a8c3f94930e5b3948d488e81fd69ae078a4523171d34144a2b3de9d47b1d6b;data/refined/extractions/irpf_aef_1977_faixas_origem.csv
irpf_aef_1977_totais;irpf_aef_1977_totais.csv;total;1;43;1975;1975;1;852ca32dc67bc1f93578da83999c4dc06b8eecb613b46eea05eff7d8fbfb100a;data/refined/extractions/irpf_aef_1977_totais.csv
irpf_aef_1978_faixas;irpf_aef_1978_faixas.csv;bracket_distribution;10;32;1976;1976;1;824a53f2af673e2398237c7cb71f672ad60fffe674a9cd4ec12b4e6f33d0a88f;data/refined/extractions/irpf_aef_1978_faixas.csv
irpf_aef_1978_faixas_origem;irpf_aef_1978_faixas_origem.csv;bracket_source_detail;11;39;1976;1976;1;ae5d79158e374b33ea69ddda71d8e1d36be7745dde844a8fcaa3891f9c060efe;data/refined/extractions/irpf_aef_1978_faixas_origem.csv
irpf_aef_1978_totais;irpf_aef_1978_totais.csv;total;1;43;1976;1976;1;e87b4016274c87673f3459c5b1cf7c0dd5ecc16f64f61bcbf20e1b6d912100b0;data/refined/extractions/irpf_aef_1978_totais.csv
irpf_aef_1979_faixas;irpf_aef_1979_faixas.csv;bracket_distribution;10;32;1977;1977;1;a0bced8025bfd5419cabeae4b82434576482845918b6c97d255ca6a49dc86e5d;data/refined/extractions/irpf_aef_1979_faixas.csv
irpf_aef_1979_faixas_origem;irpf_aef_1979_faixas_origem.csv;bracket_source_detail;11;39;1977;1977;1;bc28d3629c4e50b373bfa712c03bea7ed096cca1adf4cb9f9ce0ca2e36b0eece;data/refined/extractions/irpf_aef_1979_faixas_origem.csv
irpf_aef_1979_totais;irpf_aef_1979_totais.csv;total;1;43;1977;1977;1;80ca9b99562b024e630538f57423d6a6e3d742dd659666096691088901f13f02;data/refined/extractions/irpf_aef_1979_totais.csv
irpf_aef_1980_renda_liquida_por_rendimento_bruto;irpf_aef_1980_renda_liquida_por_rendimento_bruto.csv;bracket_distribution;14;34;1978;1978;1;85a47f2284dcab0b5f410b83c2287e3eca241eb54f5294b11f917ca199da95d8;data/refined/extractions/irpf_aef_1980_renda_liquida_por_rendimento_bruto.csv
irpf_aef_1980_renda_liquida_por_rendimento_bruto_totais;irpf_aef_1980_renda_liquida_por_rendimento_bruto_totais.csv;total;1;44;1978;1978;1;7224e2f86ad7cdead828f477ccd313897ad2feb7574d09e331aec973d0e4793a;data/refined/extractions/irpf_aef_1980_renda_liquida_por_rendimento_bruto_totais.csv
irpf_aef_1980_rendimento_bruto_faixas;irpf_aef_1980_rendimento_bruto_faixas.csv;bracket_distribution;14;34;1978;1978;1;f810070213e5459ed2e0cb289d5636084f5daa564d5c8bc6de344fdc6e1b8a69;data/refined/extractions/irpf_aef_1980_rendimento_bruto_faixas.csv
irpf_aef_1980_rendimento_bruto_totais;irpf_aef_1980_rendimento_bruto_totais.csv;total;1;41;1978;1978;1;07f2a2eb3124736ff9af025488ac7c646b12229447ff0dc5ab7de30254792356;data/refined/extractions/irpf_aef_1980_rendimento_bruto_totais.csv
irpf_aef_1981_renda_liquida_por_rendimento_bruto;irpf_aef_1981_renda_liquida_por_rendimento_bruto.csv;bracket_distribution;14;34;1979;1979;1;5dc144f7f53fa4985e48bc81ce920877c1adc1d043b5538592935130e23ac62c;data/refined/extractions/irpf_aef_1981_renda_liquida_por_rendimento_bruto.csv
irpf_aef_1981_renda_liquida_por_rendimento_bruto_totais;irpf_aef_1981_renda_liquida_por_rendimento_bruto_totais.csv;total;1;44;1979;1979;1;bd0786cca407c438b4be0fdeacb465410c4c9883ba60413e4ed722e37e00ae8f;data/refined/extractions/irpf_aef_1981_renda_liquida_por_rendimento_bruto_totais.csv
irpf_aef_1981_rendimento_bruto_faixas;irpf_aef_1981_rendimento_bruto_faixas.csv;bracket_distribution;14;34;1979;1979;1;4bef8caf31e6698e3962f59a6276faae79acee93aa2e0d65dfdf43e3fffc63ec;data/refined/extractions/irpf_aef_1981_rendimento_bruto_faixas.csv
irpf_aef_1981_rendimento_bruto_totais;irpf_aef_1981_rendimento_bruto_totais.csv;total;1;41;1979;1979;1;a2809b913f47ef2f8c366b895ebffb6c08cd7f195d69bf6103d0e8ca5e0f8337;data/refined/extractions/irpf_aef_1981_rendimento_bruto_totais.csv
irpf_aef_1982_renda_liquida_por_rendimento_bruto;irpf_aef_1982_renda_liquida_por_rendimento_bruto.csv;bracket_distribution;14;34;1980;1980;1;d7c31203c32c047875cb3cbec66552b492427b7a883b3747b21a3fc371809b39;data/refined/extractions/irpf_aef_1982_renda_liquida_por_rendimento_bruto.csv
irpf_aef_1982_renda_liquida_por_rendimento_bruto_totais;irpf_aef_1982_renda_liquida_por_rendimento_bruto_totais.csv;total;1;44;1980;1980;1;51a53b2250d5097dc2ba1ae5f35af3c6e8177b06ba9fa8f6add1db6ecbb8705b;data/refined/extractions/irpf_aef_1982_renda_liquida_por_rendimento_bruto_totais.csv
irpf_aef_1982_rendimento_bruto_faixas;irpf_aef_1982_rendimento_bruto_faixas.csv;bracket_distribution;14;33;1980;1980;1;69aa0669752de2661024f07aa6ffe98387c86b2122aa940d6ac9db564b2fa869;data/refined/extractions/irpf_aef_1982_rendimento_bruto_faixas.csv
irpf_aef_1982_rendimento_bruto_totais;irpf_aef_1982_rendimento_bruto_totais.csv;total;1;38;1980;1980;1;1feabb499e885fa7a10ebc2ca3b99d5cf77153c790a9ea5f2dac2f57383b5515;data/refined/extractions/irpf_aef_1982_rendimento_bruto_totais.csv
irpf_aef_1986_renda_liquida_por_rendimento_bruto;irpf_aef_1986_renda_liquida_por_rendimento_bruto.csv;bracket_distribution;14;35;1984;1984;1;c65793c9a2b82020697c8a2363443e4a36022c503ceb967e34c371a3c2d5ea5e;data/refined/extractions/irpf_aef_1986_renda_liquida_por_rendimento_bruto.csv
irpf_aef_1986_renda_liquida_por_rendimento_bruto_totais;irpf_aef_1986_renda_liquida_por_rendimento_bruto_totais.csv;total;1;44;1984;1984;1;834f62161d506c1fcf1316046c6bf4a33f9755e7b7d27388660f9eba85a8b08a;data/refined/extractions/irpf_aef_1986_renda_liquida_por_rendimento_bruto_totais.csv
irpf_aef_1986_rendimento_bruto_faixas;irpf_aef_1986_rendimento_bruto_faixas.csv;bracket_distribution;14;35;1984;1984;1;a069598ad4f793bae2603a2bb59456fe99c6886edbcda6337ad384746d0b6e26;data/refined/extractions/irpf_aef_1986_rendimento_bruto_faixas.csv
irpf_aef_1986_rendimento_bruto_totais;irpf_aef_1986_rendimento_bruto_totais.csv;total;1;41;1984;1984;1;9c4c08d0c353f78a9369c2c49a50d9aecbbfb3dfd1fc89db9a1e7e4eb47bf351;data/refined/extractions/irpf_aef_1986_rendimento_bruto_totais.csv
irpf_boletim_estatistico_28_1968_faixas;irpf_boletim_estatistico_28_1968_faixas.csv;bracket_distribution;13;34;1965;1965;1;3fa8c3df1d1e2aa1f099f644e269db0cc029ab1bdfb149510bf66385e0289edd;data/refined/extractions/irpf_boletim_estatistico_28_1968_faixas.csv
irpf_boletim_estatistico_28_1968_totais;irpf_boletim_estatistico_28_1968_totais.csv;total;1;50;1965;1965;1;307c992cea070486622c262afb39b07f7eaf27898644c5aa60af01cbdac134cc;data/refined/extractions/irpf_boletim_estatistico_28_1968_totais.csv
irpf_boletim_estatistico_32_1968_faixas;irpf_boletim_estatistico_32_1968_faixas.csv;bracket_distribution;13;39;1966;1966;1;49cd1f68bd6fcf69707eb695a514ab9ceeff09b8d176d44d467fc80e335a5272;data/refined/extractions/irpf_boletim_estatistico_32_1968_faixas.csv
irpf_boletim_estatistico_32_1968_totais;irpf_boletim_estatistico_32_1968_totais.csv;total;1;62;1966;1966;1;42c5b08975aa0207b834f2b15a84a338080b38b1b6d27f8c9a938a4fbe418107;data/refined/extractions/irpf_boletim_estatistico_32_1968_totais.csv
irpf_castro_2014_2006_renda_bruta_total_faixas;irpf_castro_2014_2006_renda_bruta_total_faixas.csv;bracket_distribution;10;33;2006;2006;1;45401f3999234f2abb61b1893d7ec2be32968a441828ca3831be6b2a26cd0f2c;data/refined/extractions/irpf_castro_2014_2006_renda_bruta_total_faixas.csv
irpf_castro_2014_2006_renda_bruta_total_totais;irpf_castro_2014_2006_renda_bruta_total_totais.csv;total;1;27;2006;2006;1;bd3767b3bdfbf4711489219b73fa4f271c1d3642528ce6fed11f1160f85ec00a;data/refined/extractions/irpf_castro_2014_2006_renda_bruta_total_totais.csv
irpf_cief_1982_renda_liquida_por_rendimento_bruto;irpf_cief_1982_renda_liquida_por_rendimento_bruto.csv;bracket_distribution;14;36;1981;1981;1;4c35a0b644a05ac5227d4e1c81df97265b082ccaf7af74d82a056b0db2f92138;data/refined/extractions/irpf_cief_1982_renda_liquida_por_rendimento_bruto.csv
irpf_cief_1982_renda_liquida_por_rendimento_bruto_totais;irpf_cief_1982_renda_liquida_por_rendimento_bruto_totais.csv;total;1;45;1981;1981;1;46ac22b415b126691f8845a62b2d7ca8725d07a8dd324286ad37e0693f8d0e51;data/refined/extractions/irpf_cief_1982_renda_liquida_por_rendimento_bruto_totais.csv
irpf_cief_1982_rendimento_bruto_faixas;irpf_cief_1982_rendimento_bruto_faixas.csv;bracket_distribution;14;36;1981;1981;1;10bfd12accc5d76873eefc79ad38d068ce93b14ce5b62410e58bf11c0a64ed06;data/refined/extractions/irpf_cief_1982_rendimento_bruto_faixas.csv
irpf_cief_1982_rendimento_bruto_totais;irpf_cief_1982_rendimento_bruto_totais.csv;total;1;42;1981;1981;1;00781ae6b11f397fcb06dfa6266df8b8a707898835ed295db0417552dba7e965;data/refined/extractions/irpf_cief_1982_rendimento_bruto_totais.csv
irpf_cief_1983_renda_liquida_por_rendimento_bruto;irpf_cief_1983_renda_liquida_por_rendimento_bruto.csv;bracket_distribution;14;35;1982;1982;1;1aa478da7d8fb2edc140e66d343bde7357ca481c8190ff988b57b2295b5a2d6e;data/refined/extractions/irpf_cief_1983_renda_liquida_por_rendimento_bruto.csv
irpf_cief_1983_renda_liquida_por_rendimento_bruto_totais;irpf_cief_1983_renda_liquida_por_rendimento_bruto_totais.csv;total;1;44;1982;1982;1;808f6c99124757ab1c1dc127bccfa625260c55d7463ee2b4d01bb07444fb61aa;data/refined/extractions/irpf_cief_1983_renda_liquida_por_rendimento_bruto_totais.csv
irpf_cief_1983_rendimento_bruto_faixas;irpf_cief_1983_rendimento_bruto_faixas.csv;bracket_distribution;14;35;1982;1982;1;d961f222ef5869073e6aedd92f79f5d4c4806f0f75bc9b01fd5d74ed324b7804;data/refined/extractions/irpf_cief_1983_rendimento_bruto_faixas.csv
irpf_cief_1983_rendimento_bruto_totais;irpf_cief_1983_rendimento_bruto_totais.csv;total;1;41;1982;1982;1;1817a1a7ce0964a649ad2ad6cfc225cf9571d34feba2aac9218e8912bf9b67af;data/refined/extractions/irpf_cief_1983_rendimento_bruto_totais.csv
irpf_cief_1984_renda_liquida_por_rendimento_bruto;irpf_cief_1984_renda_liquida_por_rendimento_bruto.csv;bracket_distribution;14;35;1983;1983;1;12a3c20be5ef2e50cba5b5e10b6a027cb2c5985dfd82972c70b5a46921c204f7;data/refined/extractions/irpf_cief_1984_renda_liquida_por_rendimento_bruto.csv
irpf_cief_1984_renda_liquida_por_rendimento_bruto_totais;irpf_cief_1984_renda_liquida_por_rendimento_bruto_totais.csv;total;1;44;1983;1983;1;59f887484ca065c5846c07f11641996e23f773dd23439bda65807ab624d1af98;data/refined/extractions/irpf_cief_1984_renda_liquida_por_rendimento_bruto_totais.csv
irpf_cief_1984_rendimento_bruto_faixas;irpf_cief_1984_rendimento_bruto_faixas.csv;bracket_distribution;14;35;1983;1983;1;687f3662b1a8b11f279e94669d2ca306a9eedf4aa3ced89747e872b476aca9e3;data/refined/extractions/irpf_cief_1984_rendimento_bruto_faixas.csv
irpf_cief_1984_rendimento_bruto_totais;irpf_cief_1984_rendimento_bruto_totais.csv;total;1;41;1983;1983;1;b4a93acf063f893c3be135e5df3da59199b4fdd844fe0f952574fe05986e9afb;data/refined/extractions/irpf_cief_1984_rendimento_bruto_totais.csv
irpf_cief_1986_renda_liquida_por_rendimento_bruto;irpf_cief_1986_renda_liquida_por_rendimento_bruto.csv;bracket_distribution;14;35;1985;1985;1;5a376a994db8c97529828980f49dd5ad3a0aa1a1e5bec14cc8f4f8631cdfab52;data/refined/extractions/irpf_cief_1986_renda_liquida_por_rendimento_bruto.csv
irpf_cief_1986_renda_liquida_por_rendimento_bruto_totais;irpf_cief_1986_renda_liquida_por_rendimento_bruto_totais.csv;total;1;44;1985;1985;1;1017b8d3353696d73544fa17190c2a3fc145d6aab99761a5807dfb1042fd822b;data/refined/extractions/irpf_cief_1986_renda_liquida_por_rendimento_bruto_totais.csv
irpf_cief_1986_rendimento_bruto_faixas;irpf_cief_1986_rendimento_bruto_faixas.csv;bracket_distribution;14;35;1985;1985;1;f970d0fffdcd5305e6b5216ff06d3c5ee82db68895d9335acf45ae93825feba0;data/refined/extractions/irpf_cief_1986_rendimento_bruto_faixas.csv
irpf_cief_1986_rendimento_bruto_totais;irpf_cief_1986_rendimento_bruto_totais.csv;total;1;41;1985;1985;1;454cfa3376960e99fe36246d7e6d0d5e0bc2d0bd9822173d612f945f99c3df92;data/refined/extractions/irpf_cief_1986_rendimento_bruto_totais.csv
irpf_cief_1987_renda_liquida_por_rendimento_bruto;irpf_cief_1987_renda_liquida_por_rendimento_bruto.csv;bracket_distribution;11;35;1986;1986;1;4173c9e1a5983e02582cbf6dd69a93a7b2cbd4825e997a238b0c0620ee39f398;data/refined/extractions/irpf_cief_1987_renda_liquida_por_rendimento_bruto.csv
irpf_cief_1987_renda_liquida_por_rendimento_bruto_totais;irpf_cief_1987_renda_liquida_por_rendimento_bruto_totais.csv;total;1;44;1986;1986;1;b9f97c3ad9b3461cecd658c24be4b93696654e152d74dd6776671a1cf31ba45b;data/refined/extractions/irpf_cief_1987_renda_liquida_por_rendimento_bruto_totais.csv
irpf_cief_1987_rendimento_bruto_faixas;irpf_cief_1987_rendimento_bruto_faixas.csv;bracket_distribution;11;35;1986;1986;1;808b64efe9bfc62fdff35db24f210a804b93830dd781222e36e91dce9600360d;data/refined/extractions/irpf_cief_1987_rendimento_bruto_faixas.csv
irpf_cief_1987_rendimento_bruto_totais;irpf_cief_1987_rendimento_bruto_totais.csv;total;1;41;1986;1986;1;3dd0aad2442fb515e3a9ba92fc2b72e1ec9bc051916ae9329971021a39bfd894;data/refined/extractions/irpf_cief_1987_rendimento_bruto_totais.csv
irpf_cief_1988_rendimento_bruto_faixas;irpf_cief_1988_rendimento_bruto_faixas.csv;bracket_distribution;11;26;1987;1987;1;58b6e324321a57707327e3358c5009d573e7d9f29babd0fdbaf2a5c05faff83a;data/refined/extractions/irpf_cief_1988_rendimento_bruto_faixas.csv
irpf_cief_1988_rendimento_bruto_totais;irpf_cief_1988_rendimento_bruto_totais.csv;total;1;21;1987;1987;1;998163ed8cdfe115485c9e47b798e282494aaa51e6bde202d001835e4a8cafcd;data/refined/extractions/irpf_cief_1988_rendimento_bruto_totais.csv
irpf_cief_1989_renda_liquida_por_rendimento_bruto;irpf_cief_1989_renda_liquida_por_rendimento_bruto.csv;bracket_distribution;9;35;1988;1988;1;70cd6a0fc83e4a7e1e7e2097befaf66651f1caccaf7a991fe2420cdfcb54f173;data/refined/extractions/irpf_cief_1989_renda_liquida_por_rendimento_bruto.csv
irpf_cief_1989_renda_liquida_por_rendimento_bruto_totais;irpf_cief_1989_renda_liquida_por_rendimento_bruto_totais.csv;total;1;44;1988;1988;1;73f3de2471a2a627043a58841c7ba5c1639539ac4bdc36ccd6da351b9910f8bb;data/refined/extractions/irpf_cief_1989_renda_liquida_por_rendimento_bruto_totais.csv
irpf_cief_1989_rendimento_bruto_faixas;irpf_cief_1989_rendimento_bruto_faixas.csv;bracket_distribution;9;35;1988;1988;1;e73d820ec13d4a7b97cc894043500b742c301f4a3d4eed5a9998c67aacd7484c;data/refined/extractions/irpf_cief_1989_rendimento_bruto_faixas.csv
irpf_cief_1989_rendimento_bruto_totais;irpf_cief_1989_rendimento_bruto_totais.csv;total;1;41;1988;1988;1;d3cc83ef5655622e7bfe68637c989d89fd95e7a675272928c791cb05d72476e2;data/refined/extractions/irpf_cief_1989_rendimento_bruto_totais.csv
irpf_dir_1961_faixas;irpf_dir_1961_faixas.csv;bracket_distribution;16;37;1960;1960;1;d37b7606023899a065dbefc4bdb71d74a993c6ef438792e1fdeb8ea97fcaf4cf;data/refined/extractions/irpf_dir_1961_faixas.csv
irpf_dir_1961_totais;irpf_dir_1961_totais.csv;total;1;54;1960;1960;1;ed8384ce1790ef9f2af3bb43651abc605e2b137fe23ba3eb201be89a2cd3b872;data/refined/extractions/irpf_dir_1961_totais.csv
irpf_dir_1964_faixas;irpf_dir_1964_faixas.csv;bracket_distribution;15;41;1963;1963;1;c08b5cf2aadf3c7b5de61396166451e4df0aa7b35a078f252e21afebfa7384bb;data/refined/extractions/irpf_dir_1964_faixas.csv
irpf_dir_1964_totais;irpf_dir_1964_totais.csv;total;1;59;1963;1963;1;e7bd7c60cd07fc8deacf9eb928a41d0ad49df7772136f1756f481e475e190d2a;data/refined/extractions/irpf_dir_1964_totais.csv
irpf_dir_1965_faixas;irpf_dir_1965_faixas.csv;bracket_distribution;15;36;1964;1964;1;1e0f54b29e063a1262b198c25c7ffd580af156cc461d84d8ca27b7b7ebb7b4a7;data/refined/extractions/irpf_dir_1965_faixas.csv
irpf_dir_1965_totais;irpf_dir_1965_totais.csv;total;1;52;1964;1964;1;84b6565ccb19324cee0dca3fc572b7a0ddde23adeb3992588e75024aae475868;data/refined/extractions/irpf_dir_1965_totais.csv
irpf_dirpf_1999_rendimento_tributavel_faixas;irpf_dirpf_1999_rendimento_tributavel_faixas.csv;bracket_distribution;11;35;1998;1998;1;5f7206cf12d5698e290a75ab2fc000430a22ca89fa32007061b0ea3b2d36ddfb;data/refined/extractions/irpf_dirpf_1999_rendimento_tributavel_faixas.csv
irpf_dirpf_1999_rendimento_tributavel_totais;irpf_dirpf_1999_rendimento_tributavel_totais.csv;total;1;36;1998;1998;1;7ca6e99cea44dba60538371e47de4148934319c88f871545068ba262a1a4634c;data/refined/extractions/irpf_dirpf_1999_rendimento_tributavel_totais.csv
irpf_gnirpf_2008_ac2007_rendimentos_totais_faixas;irpf_gnirpf_2008_ac2007_rendimentos_totais_faixas.csv;bracket_distribution;11;55;2007;2007;1;70a43e0635afd2948bcf8edf6a0b895372ce67e472834273e70f0a1ac64d5277;data/refined/extractions/irpf_gnirpf_2008_ac2007_rendimentos_totais_faixas.csv
irpf_gnirpf_2008_ac2007_rendimentos_totais_totais;irpf_gnirpf_2008_ac2007_rendimentos_totais_totais.csv;total;1;45;2007;2007;1;fe9b383e68366a27850a062d86fc2d409dbdf71e8b45859c1a7ff253ea742867;data/refined/extractions/irpf_gnirpf_2008_ac2007_rendimentos_totais_totais.csv
irpf_gnirpf_2009_ac2008_rendimentos_totais_faixas;irpf_gnirpf_2009_ac2008_rendimentos_totais_faixas.csv;bracket_distribution;11;55;2008;2008;1;fc3325d15329b958b5285fa510b0fd60a60bb038a1e061a83579d237eae52b19;data/refined/extractions/irpf_gnirpf_2009_ac2008_rendimentos_totais_faixas.csv
irpf_gnirpf_2009_ac2008_rendimentos_totais_totais;irpf_gnirpf_2009_ac2008_rendimentos_totais_totais.csv;total;1;45;2008;2008;1;3057ef17833a273a0b3841185ffb464042fccfe6d41ff92ff46b085715a90334;data/refined/extractions/irpf_gnirpf_2009_ac2008_rendimentos_totais_totais.csv
irpf_gnirpf_2010_ac2009_rendimentos_totais_faixas;irpf_gnirpf_2010_ac2009_rendimentos_totais_faixas.csv;bracket_distribution;11;55;2009;2009;1;1342f7b44f71e725cfdf3f876f5bd9f65083969f2edbc5dbbab328af729a27e4;data/refined/extractions/irpf_gnirpf_2010_ac2009_rendimentos_totais_faixas.csv
irpf_gnirpf_2010_ac2009_rendimentos_totais_totais;irpf_gnirpf_2010_ac2009_rendimentos_totais_totais.csv;total;1;45;2009;2009;1;7b3bc64d9ff9040b60bcbd50e70d27b62953c9f8bd773470b39907aab4c6245e;data/refined/extractions/irpf_gnirpf_2010_ac2009_rendimentos_totais_totais.csv
irpf_gnirpf_2011_ac2010_rendimentos_totais_faixas;irpf_gnirpf_2011_ac2010_rendimentos_totais_faixas.csv;bracket_distribution;11;55;2010;2010;1;6ba80fbbc66fb11db9b7305cd290a9757fce646bc2b08cdeeafc3c1dbc880226;data/refined/extractions/irpf_gnirpf_2011_ac2010_rendimentos_totais_faixas.csv
irpf_gnirpf_2011_ac2010_rendimentos_totais_totais;irpf_gnirpf_2011_ac2010_rendimentos_totais_totais.csv;total;1;45;2010;2010;1;657d1f384f66006b2ae0e564d4a266f25939a4d4ea267c5fd6f527547b5e9871;data/refined/extractions/irpf_gnirpf_2011_ac2010_rendimentos_totais_totais.csv
irpf_gnirpf_2012_ac2011_rendimentos_totais_faixas;irpf_gnirpf_2012_ac2011_rendimentos_totais_faixas.csv;bracket_distribution;11;55;2011;2011;1;c67011aaa924403d4f210aba63aeb6a4aa2f2cbbd44f5c1e7222c4497ba50841;data/refined/extractions/irpf_gnirpf_2012_ac2011_rendimentos_totais_faixas.csv
irpf_gnirpf_2012_ac2011_rendimentos_totais_totais;irpf_gnirpf_2012_ac2011_rendimentos_totais_totais.csv;total;1;45;2011;2011;1;efef01000ffbe39ba1525cfd462a0a36f0cda4b8c8b4b55f3a9fd382fd795c17;data/refined/extractions/irpf_gnirpf_2012_ac2011_rendimentos_totais_totais.csv
irpf_gnirpf_2013_ac2012_rendimentos_totais_faixas;irpf_gnirpf_2013_ac2012_rendimentos_totais_faixas.csv;bracket_distribution;11;55;2012;2012;1;9ef83df0727d5572737ca974d52d012424012e6cfac5e2c4bdb7ac50d96a21af;data/refined/extractions/irpf_gnirpf_2013_ac2012_rendimentos_totais_faixas.csv
irpf_gnirpf_2013_ac2012_rendimentos_totais_totais;irpf_gnirpf_2013_ac2012_rendimentos_totais_totais.csv;total;1;45;2012;2012;1;68c80066500cec21665d3952b5db25ddcee256664a5dafd58b6c620e50cd239e;data/refined/extractions/irpf_gnirpf_2013_ac2012_rendimentos_totais_totais.csv
irpf_gnirpf_2014_ac2013_rendimentos_totais_faixas;irpf_gnirpf_2014_ac2013_rendimentos_totais_faixas.csv;bracket_distribution;11;55;2013;2013;1;e5b8e8338f02bbaae10e240b8ad1c1972550e8ebbcfd1dc84a7612482e6f2d1a;data/refined/extractions/irpf_gnirpf_2014_ac2013_rendimentos_totais_faixas.csv
irpf_gnirpf_2014_ac2013_rendimentos_totais_totais;irpf_gnirpf_2014_ac2013_rendimentos_totais_totais.csv;total;1;45;2013;2013;1;004961f6ab9727d867eb851f2f12acbd923ab535a452b28f3ba38fbd19654b08;data/refined/extractions/irpf_gnirpf_2014_ac2013_rendimentos_totais_totais.csv
irpf_gnirpf_2015_ac2014_rendimentos_totais_faixas;irpf_gnirpf_2015_ac2014_rendimentos_totais_faixas.csv;bracket_distribution;17;55;2014;2014;1;7a03711bff708db0118f8537ed0cf61c61ee73bbf1718e61a685b2dca53cccf6;data/refined/extractions/irpf_gnirpf_2015_ac2014_rendimentos_totais_faixas.csv
irpf_gnirpf_2015_ac2014_rendimentos_totais_totais;irpf_gnirpf_2015_ac2014_rendimentos_totais_totais.csv;total;1;45;2014;2014;1;aeb5a0c383a81595884cbe23b3ca70b14308e81c9be7615f40f27ad3905c3943;data/refined/extractions/irpf_gnirpf_2015_ac2014_rendimentos_totais_totais.csv
irpf_gnirpf_2016_ac2015_rendimentos_totais_faixas;irpf_gnirpf_2016_ac2015_rendimentos_totais_faixas.csv;bracket_distribution;17;57;2015;2015;1;196ac0ff9906d4b575b91227673919118f8d90ddc94425fdee3bc08c15c04715;data/refined/extractions/irpf_gnirpf_2016_ac2015_rendimentos_totais_faixas.csv
irpf_gnirpf_2016_ac2015_rendimentos_totais_totais;irpf_gnirpf_2016_ac2015_rendimentos_totais_totais.csv;total;1;48;2015;2015;1;e8c64b9a9e2ba03c1ef9506f7d82577c9389ce4f5ba1e5a9ae55ba813b040b21;data/refined/extractions/irpf_gnirpf_2016_ac2015_rendimentos_totais_totais.csv
irpf_gnirpf_2017_ac2016_rendimentos_totais_faixas;irpf_gnirpf_2017_ac2016_rendimentos_totais_faixas.csv;bracket_distribution;17;57;2016;2016;1;18c9c33aa0a31c181dcab06060dd1bbc50525072de84ca5b7f7f2c516db9e6f6;data/refined/extractions/irpf_gnirpf_2017_ac2016_rendimentos_totais_faixas.csv
irpf_gnirpf_2017_ac2016_rendimentos_totais_totais;irpf_gnirpf_2017_ac2016_rendimentos_totais_totais.csv;total;1;48;2016;2016;1;dd6548fd9a5add2754c819a0c0d897ff24ab88a539a1ba0ffef947073904fa02;data/refined/extractions/irpf_gnirpf_2017_ac2016_rendimentos_totais_totais.csv
irpf_gnirpf_2018_ac2017_rendimentos_totais_faixas;irpf_gnirpf_2018_ac2017_rendimentos_totais_faixas.csv;bracket_distribution;17;57;2017;2017;1;2020c74c0ac70139e317d7a9efa7262f93797719e9d5f31080f43670a7995baf;data/refined/extractions/irpf_gnirpf_2018_ac2017_rendimentos_totais_faixas.csv
irpf_gnirpf_2018_ac2017_rendimentos_totais_totais;irpf_gnirpf_2018_ac2017_rendimentos_totais_totais.csv;total;1;48;2017;2017;1;d91c6cbd0cf792ad65349de95564b9c989ea611f6a14df1c092dbc6d27886e30;data/refined/extractions/irpf_gnirpf_2018_ac2017_rendimentos_totais_totais.csv
irpf_gnirpf_2019_ac2018_rendimentos_totais_faixas;irpf_gnirpf_2019_ac2018_rendimentos_totais_faixas.csv;bracket_distribution;17;57;2018;2018;1;aee339e1657509003edf4bf35cec89a25adaf1543660c533f52717bb05294f37;data/refined/extractions/irpf_gnirpf_2019_ac2018_rendimentos_totais_faixas.csv
irpf_gnirpf_2019_ac2018_rendimentos_totais_totais;irpf_gnirpf_2019_ac2018_rendimentos_totais_totais.csv;total;1;48;2018;2018;1;7f05e14b80e64a4d0a5ef59e7ae22ea3b982e12118bc58726d4ffcead7e84280;data/refined/extractions/irpf_gnirpf_2019_ac2018_rendimentos_totais_totais.csv
irpf_gnirpf_2020_ac2019_rendimentos_totais_faixas;irpf_gnirpf_2020_ac2019_rendimentos_totais_faixas.csv;bracket_distribution;17;80;2019;2019;1;e1f76dda4a2f2b3ecefbd752f8ce1cb1ebefbe0f526a657efdd68376a0e7e00f;data/refined/extractions/irpf_gnirpf_2020_ac2019_rendimentos_totais_faixas.csv
irpf_gnirpf_2020_ac2019_rendimentos_totais_totais;irpf_gnirpf_2020_ac2019_rendimentos_totais_totais.csv;total;1;57;2019;2019;1;f1f9cb5532c2f815362128663c74952ddd5b4b327c1bbdbfe0c814fc52e77912;data/refined/extractions/irpf_gnirpf_2020_ac2019_rendimentos_totais_totais.csv
irpf_gnirpf_2021_ac2020_rendimentos_totais_faixas;irpf_gnirpf_2021_ac2020_rendimentos_totais_faixas.csv;bracket_distribution;17;80;2020;2020;1;c5fc5d7af0946e21a14a8aa48ecb239a58f875edfe4bf321480cd7edc86a8365;data/refined/extractions/irpf_gnirpf_2021_ac2020_rendimentos_totais_faixas.csv
irpf_gnirpf_2021_ac2020_rendimentos_totais_totais;irpf_gnirpf_2021_ac2020_rendimentos_totais_totais.csv;total;1;57;2020;2020;1;14221a09c992e56a92b7b64d3229d4b1a15e54a95ddda15e983874b0f5861e58;data/refined/extractions/irpf_gnirpf_2021_ac2020_rendimentos_totais_totais.csv
irpf_gnirpf_2022_ac2021_rendimentos_totais_faixas;irpf_gnirpf_2022_ac2021_rendimentos_totais_faixas.csv;bracket_distribution;17;100;2021;2021;1;c8a44c1bb59ad75c2485f0c57f2928a89da3eb933375318848b6d5ab97366da3;data/refined/extractions/irpf_gnirpf_2022_ac2021_rendimentos_totais_faixas.csv
irpf_gnirpf_2022_ac2021_rendimentos_totais_totais;irpf_gnirpf_2022_ac2021_rendimentos_totais_totais.csv;total;1;60;2021;2021;1;21a0217fc956ae591df9f0f83ad9878c321e8e94be24b21a4534e4c0559bc743;data/refined/extractions/irpf_gnirpf_2022_ac2021_rendimentos_totais_totais.csv
irpf_gnirpf_2023_ac2022_rendimentos_totais_faixas;irpf_gnirpf_2023_ac2022_rendimentos_totais_faixas.csv;bracket_distribution;17;104;2022;2022;1;00ec8add6df409f64d2d9a405f0896c3060ad8206357939795e192fce63dc3a4;data/refined/extractions/irpf_gnirpf_2023_ac2022_rendimentos_totais_faixas.csv
irpf_gnirpf_2023_ac2022_rendimentos_totais_totais;irpf_gnirpf_2023_ac2022_rendimentos_totais_totais.csv;total;1;63;2022;2022;1;e1c2573bacb5fb47309b9bc64ea957deaff275887ee61be01e3efce89510c58b;data/refined/extractions/irpf_gnirpf_2023_ac2022_rendimentos_totais_totais.csv
irpf_gnirpf_2024_ac2023_rendimentos_totais_faixas;irpf_gnirpf_2024_ac2023_rendimentos_totais_faixas.csv;bracket_distribution;17;104;2023;2023;1;0ea59640e4b1bfa4986339a0d34754f8a062324d9b2cbd91be16e7c2546643f8;data/refined/extractions/irpf_gnirpf_2024_ac2023_rendimentos_totais_faixas.csv
irpf_gnirpf_2024_ac2023_rendimentos_totais_totais;irpf_gnirpf_2024_ac2023_rendimentos_totais_totais.csv;total;1;63;2023;2023;1;ba64383e4559bd5f3fc87afc2703447297f25cb4f8543b36ed2fa7f612f95d7b;data/refined/extractions/irpf_gnirpf_2024_ac2023_rendimentos_totais_totais.csv
irpf_gnirpf_2025_ac2024_rendimentos_totais_faixas;irpf_gnirpf_2025_ac2024_rendimentos_totais_faixas.csv;bracket_distribution;17;106;2024;2024;1;cffe0f654149ccefc398e6d5085c81d48304997d65241c2d3b3da18a07294aab;data/refined/extractions/irpf_gnirpf_2025_ac2024_rendimentos_totais_faixas.csv
irpf_gnirpf_2025_ac2024_rendimentos_totais_totais;irpf_gnirpf_2025_ac2024_rendimentos_totais_totais.csv;total;1;69;2024;2024;1;8fcfeca520128e590749b7a4f5ea98e3bf7d35b6dc0eb358aee0fc936eb420da;data/refined/extractions/irpf_gnirpf_2025_ac2024_rendimentos_totais_totais.csv
irpf_historico_faixas_consolidado;irpf_historico_faixas_consolidado.csv;historical_consolidated;571;40;1927;1977;44;2624efe7d84c901a0e7e39a9f9f617655f9611ffb5d7178e013b2dbe130eb62a;data/refined/extractions/irpf_historico_faixas_consolidado.csv
irpf_historico_totais_consolidado;irpf_historico_totais_consolidado.csv;historical_consolidated;44;29;1927;1977;44;43ecca18a1ea0ac61d2209db1f742479c8a87cf519e5bacd9ca07032acf0227f;data/refined/extractions/irpf_historico_totais_consolidado.csv
irpf_receita_2004_dirpf_2003_rendimento_tributavel_faixas;irpf_receita_2004_dirpf_2003_rendimento_tributavel_faixas.csv;bracket_distribution;7;35;2002;2002;1;b695f7bc6edf79fbf42e7fe368f45440bddce863e93a7a7668a9e7f1e6a44a2e;data/refined/extractions/irpf_receita_2004_dirpf_2003_rendimento_tributavel_faixas.csv
irpf_receita_2004_dirpf_2003_rendimento_tributavel_totais;irpf_receita_2004_dirpf_2003_rendimento_tributavel_totais.csv;total;1;22;2002;2002;1;7512e64461d614dca08da160f91c34ff1286a5908f0e74797c6ac7b0b8ff8554;data/refined/extractions/irpf_receita_2004_dirpf_2003_rendimento_tributavel_totais.csv
irpf_receita_cief_1968_faixas;irpf_receita_cief_1968_faixas.csv;bracket_distribution;13;33;1967;1967;1;760bb36a836850f6c4fd61cc396c6508c4f539c6fbe49fee6cf79f0ba0f5dd9e;data/refined/extractions/irpf_receita_cief_1968_faixas.csv
irpf_receita_cief_1968_totais;irpf_receita_cief_1968_totais.csv;total;1;48;1967;1967;1;2fcabd772e12971806c5fb377bde621753c70b1d041fdc9e240014929b2c0071;data/refined/extractions/irpf_receita_cief_1968_totais.csv
irpf_souza_reis_1930_df_1927_1928_faixas;irpf_souza_reis_1930_df_1927_1928_faixas.csv;bracket_distribution;40;29;1927;1928;2;99264285bc7bd2165c83fa31a84d8b0f49e2bcd0e321ee06fbd1eb09b4edc7d3;data/refined/extractions/irpf_souza_reis_1930_df_1927_1928_faixas.csv
irpf_souza_reis_1930_df_1927_1928_totais;irpf_souza_reis_1930_df_1927_1928_totais.csv;total;2;27;1927;1928;2;d4c68c6ffc47fc5c2280a8f8938a76de6bbc5c323d94e46d3cfc63b2afb7712b;data/refined/extractions/irpf_souza_reis_1930_df_1927_1928_totais.csv
irpf_torres_2003_dirpf_2001_rendimento_tributavel_acima;irpf_torres_2003_dirpf_2001_rendimento_tributavel_acima.csv;above_threshold_distribution;41;25;2000;2000;1;14552babfa7d2a178e2e1b4d07c56507a9b098dc82431cfdb36485d927f77274;data/refined/extractions/irpf_torres_2003_dirpf_2001_rendimento_tributavel_acima.csv
irpf_torres_2003_dirpf_2001_rendimento_tributavel_intervalos;irpf_torres_2003_dirpf_2001_rendimento_tributavel_intervalos.csv;bracket_distribution;41;29;2000;2000;1;dd98f7bbcd8c2190f36dc60f2c1ac1c0fb4a49bfa5b215114cf9f670cfd8281e;data/refined/extractions/irpf_torres_2003_dirpf_2001_rendimento_tributavel_intervalos.csv
irpf_torres_2003_dirpf_2001_rendimento_tributavel_totais;irpf_torres_2003_dirpf_2001_rendimento_tributavel_totais.csv;total;1;28;2000;2000;1;ae2deb2963e8779f929fad3ce2cf5b0f6759f24df806251d89f056090219e6b7;data/refined/extractions/irpf_torres_2003_dirpf_2001_rendimento_tributavel_totais.csv
irpf_tributacao_pos_real_2001_rendimento_tributavel_faixas;irpf_tributacao_pos_real_2001_rendimento_tributavel_faixas.csv;bracket_distribution;22;31;1996;1997;2;b7366394c4b308ecc2e6a0232fe78b00e7392002fef943214bc13aa66668f302;data/refined/extractions/irpf_tributacao_pos_real_2001_rendimento_tributavel_faixas.csv
irpf_tributacao_pos_real_2001_rendimento_tributavel_totais;irpf_tributacao_pos_real_2001_rendimento_tributavel_totais.csv;total;2;22;1996;1997;2;42e6fc4e46d344fb1e784859e285886f612ca92f13d33ead389847df7f1ea29d;data/refined/extractions/irpf_tributacao_pos_real_2001_rendimento_tributavel_totais.csv
