calendar_year;geographic_scope;recommended_series;ordering_concept;reported_incomes;source_block;reason_not_compatible
1973;Brasil;serie paralela/candidata;rendimento bruto total;"rendimento bruto; renda bruta; abatimentos/deducoes; RLIQ em blocos quando disponivel";;"faixas ordenadas por renda/rendimento bruto; nao redistribuir como renda liquida sem microdados"
1978;Brasil;serie paralela por rendimento bruto;rendimento bruto total;"rendimento bruto; renda bruta; abatimentos/deducoes; RLIQ em blocos quando disponivel";;"faixas ordenadas por renda/rendimento bruto; nao redistribuir como renda liquida sem microdados"
1979;Brasil;serie paralela por rendimento bruto;rendimento bruto total;"rendimento bruto; renda bruta; abatimentos/deducoes; RLIQ em blocos quando disponivel";;"faixas ordenadas por renda/rendimento bruto; nao redistribuir como renda liquida sem microdados"
1980;Brasil;serie paralela por rendimento bruto;rendimento bruto total;"rendimento bruto; renda bruta; abatimentos/deducoes; RLIQ em blocos quando disponivel";;"faixas ordenadas por renda/rendimento bruto; nao redistribuir como renda liquida sem microdados"
1981;Brasil;serie paralela por rendimento bruto;rendimento bruto total;"rendimento bruto; renda bruta; abatimentos/deducoes; RLIQ em blocos quando disponivel";;"faixas ordenadas por renda/rendimento bruto; nao redistribuir como renda liquida sem microdados"
1982;Brasil;serie paralela por rendimento bruto;rendimento bruto total;"rendimento bruto; renda bruta; abatimentos/deducoes; RLIQ em blocos quando disponivel";;"faixas ordenadas por renda/rendimento bruto; nao redistribuir como renda liquida sem microdados"
1983;Brasil;serie paralela por rendimento bruto;rendimento bruto total;"rendimento bruto; renda bruta; abatimentos/deducoes; RLIQ em blocos quando disponivel";;"faixas ordenadas por renda/rendimento bruto; nao redistribuir como renda liquida sem microdados"
1984;Brasil;serie paralela por rendimento bruto;rendimento bruto total;"rendimento bruto; renda bruta; abatimentos/deducoes; RLIQ em blocos quando disponivel";;"faixas ordenadas por renda/rendimento bruto; nao redistribuir como renda liquida sem microdados"
1985;Brasil;serie paralela por rendimento bruto;rendimento bruto total;"rendimento bruto; renda bruta; abatimentos/deducoes; RLIQ em blocos quando disponivel";;"faixas ordenadas por renda/rendimento bruto; nao redistribuir como renda liquida sem microdados"
1986;Brasil;serie paralela por rendimento bruto;rendimento bruto total;"rendimento bruto; renda bruta; abatimentos/deducoes; RLIQ em blocos quando disponivel";;"faixas ordenadas por renda/rendimento bruto; nao redistribuir como renda liquida sem microdados"
1987;Brasil;serie paralela por rendimento bruto;rendimento bruto total;"rendimento bruto; renda bruta; abatimentos/deducoes; RLIQ em blocos quando disponivel";;"faixas ordenadas por renda/rendimento bruto; nao redistribuir como renda liquida sem microdados"
1988;Brasil;serie paralela por rendimento bruto;rendimento bruto total;"rendimento bruto; renda bruta; abatimentos/deducoes; RLIQ em blocos quando disponivel";;"faixas ordenadas por renda/rendimento bruto; nao redistribuir como renda liquida sem microdados"
1996;Brasil;bloco moderno especifico;rendimento tributavel bruto;"RBT; numero de declarantes; alguns totais de RLIQ/deducoes/imposto conforme fonte";;"faixas ordenadas por rendimento tributavel bruto; conceito distinto da renda liquida historica"
1997;Brasil;bloco moderno especifico;rendimento tributavel bruto;"RBT; numero de declarantes; alguns totais de RLIQ/deducoes/imposto conforme fonte";;"faixas ordenadas por rendimento tributavel bruto; conceito distinto da renda liquida historica"
1998;Brasil;bloco moderno especifico;rendimento tributavel bruto;"RBT; numero de declarantes; alguns totais de RLIQ/deducoes/imposto conforme fonte";;"faixas ordenadas por rendimento tributavel bruto; conceito distinto da renda liquida historica"
2000;Brasil;bloco moderno especifico;rendimento tributavel bruto;"RBT; numero de declarantes; alguns totais de RLIQ/deducoes/imposto conforme fonte";torres_2003_dirpf_2001;"faixas ordenadas por rendimento tributavel bruto; conceito distinto da renda liquida historica"
2002;Brasil;bloco moderno especifico;rendimento tributavel bruto;"RBT; numero de declarantes; alguns totais de RLIQ/deducoes/imposto conforme fonte";receita_2004_o_ir_pessoas_fisicas_brasil;"faixas ordenadas por rendimento tributavel bruto; conceito distinto da renda liquida historica"
2006;Brasil;bloco moderno especifico;renda bruta total;"renda bruta total; declaracoes; Gini publicado/recalculado quando disponivel";castro_2014_renda_bruta_2006;"faixas ordenadas por renda/rendimento bruto; nao redistribuir como renda liquida sem microdados"
2007;Brasil;GNIRPF moderna;rendimentos totais em faixas de salario minimo mensal;"RBT; tributacao exclusiva; isentos/nao tributaveis; RTOT; base de calculo; bens; dividas; imposto";gnirpf_2008_ac2007_rendimentos_totais;"faixas de rendimentos totais em salarios minimos; conceito distinto da renda liquida historica"
2008;Brasil;GNIRPF moderna;rendimentos totais em faixas de salario minimo mensal;"RBT; tributacao exclusiva; isentos/nao tributaveis; RTOT; base de calculo; bens; dividas; imposto";gnirpf_2009_ac2008_rendimentos_totais;"faixas de rendimentos totais em salarios minimos; conceito distinto da renda liquida historica"
2009;Brasil;GNIRPF moderna;rendimentos totais em faixas de salario minimo mensal;"RBT; tributacao exclusiva; isentos/nao tributaveis; RTOT; base de calculo; bens; dividas; imposto";gnirpf_2010_ac2009_rendimentos_totais;"faixas de rendimentos totais em salarios minimos; conceito distinto da renda liquida historica"
2010;Brasil;GNIRPF moderna;rendimentos totais em faixas de salario minimo mensal;"RBT; tributacao exclusiva; isentos/nao tributaveis; RTOT; base de calculo; bens; dividas; imposto";gnirpf_2011_ac2010_rendimentos_totais;"faixas de rendimentos totais em salarios minimos; conceito distinto da renda liquida historica"
2011;Brasil;GNIRPF moderna;rendimentos totais em faixas de salario minimo mensal;"RBT; tributacao exclusiva; isentos/nao tributaveis; RTOT; base de calculo; bens; dividas; imposto";gnirpf_2012_ac2011_rendimentos_totais;"faixas de rendimentos totais em salarios minimos; conceito distinto da renda liquida historica"
2012;Brasil;GNIRPF moderna;rendimentos totais em faixas de salario minimo mensal;"RBT; tributacao exclusiva; isentos/nao tributaveis; RTOT; base de calculo; bens; dividas; imposto";gnirpf_2013_ac2012_rendimentos_totais;"faixas de rendimentos totais em salarios minimos; conceito distinto da renda liquida historica"
2013;Brasil;GNIRPF moderna;rendimentos totais em faixas de salario minimo mensal;"RBT; tributacao exclusiva; isentos/nao tributaveis; RTOT; base de calculo; bens; dividas; imposto";gnirpf_2014_ac2013_rendimentos_totais;"faixas de rendimentos totais em salarios minimos; conceito distinto da renda liquida historica"
2014;Brasil;GNIRPF moderna;rendimentos totais em faixas de salario minimo mensal;"RBT; tributacao exclusiva; isentos/nao tributaveis; RTOT; base de calculo; bens; dividas; imposto";gnirpf_2015_ac2014_rendimentos_totais;"faixas de rendimentos totais em salarios minimos; conceito distinto da renda liquida historica"
2015;Brasil;GNIRPF moderna;rendimentos totais em faixas de salario minimo mensal;"RBT; tributacao exclusiva; isentos/nao tributaveis; RTOT; base de calculo; bens; dividas; imposto";gnirpf_2016_ac2015_rendimentos_totais;"faixas de rendimentos totais em salarios minimos; conceito distinto da renda liquida historica"
2016;Brasil;GNIRPF moderna;rendimentos totais em faixas de salario minimo mensal;"RBT; tributacao exclusiva; isentos/nao tributaveis; RTOT; base de calculo; bens; dividas; imposto";gnirpf_2017_ac2016_rendimentos_totais;"faixas de rendimentos totais em salarios minimos; conceito distinto da renda liquida historica"
2017;Brasil;GNIRPF moderna;rendimentos totais em faixas de salario minimo mensal;"RBT; tributacao exclusiva; isentos/nao tributaveis; RTOT; base de calculo; bens; dividas; imposto";gnirpf_2018_ac2017_rendimentos_totais;"faixas de rendimentos totais em salarios minimos; conceito distinto da renda liquida historica"
2018;Brasil;GNIRPF moderna;rendimentos totais em faixas de salario minimo mensal;"RBT; tributacao exclusiva; isentos/nao tributaveis; RTOT; base de calculo; bens; dividas; imposto";gnirpf_2019_ac2018_rendimentos_totais;"faixas de rendimentos totais em salarios minimos; conceito distinto da renda liquida historica"
2019;Brasil;GNIRPF moderna;rendimentos totais em faixas de salario minimo mensal;"RBT; tributacao exclusiva; isentos/nao tributaveis; RTOT; base de calculo; bens; dividas; imposto";gnirpf_2020_ac2019_rendimentos_totais;"faixas de rendimentos totais em salarios minimos; conceito distinto da renda liquida historica"
2020;Brasil;GNIRPF moderna;rendimentos totais em faixas de salario minimo mensal;"RBT; tributacao exclusiva; isentos/nao tributaveis; RTOT; base de calculo; bens; dividas; imposto";gnirpf_2021_ac2020_rendimentos_totais;"faixas de rendimentos totais em salarios minimos; conceito distinto da renda liquida historica"
2021;Brasil;GNIRPF moderna;rendimentos totais em faixas de salario minimo mensal;"RBT; tributacao exclusiva; isentos/nao tributaveis; RTOT; base de calculo; bens; dividas; imposto";gnirpf_2022_ac2021_rendimentos_totais;"faixas de rendimentos totais em salarios minimos; conceito distinto da renda liquida historica"
2022;Brasil;GNIRPF moderna;rendimentos totais em faixas de salario minimo mensal;"RBT; tributacao exclusiva; isentos/nao tributaveis; RTOT; base de calculo; bens; dividas; imposto";gnirpf_2023_ac2022_rendimentos_totais;"faixas de rendimentos totais em salarios minimos; conceito distinto da renda liquida historica"
2023;Brasil;GNIRPF moderna;rendimentos totais em faixas de salario minimo mensal;"RBT; tributacao exclusiva; isentos/nao tributaveis; RTOT; base de calculo; bens; dividas; imposto";gnirpf_2024_ac2023_rendimentos_totais;"faixas de rendimentos totais em salarios minimos; conceito distinto da renda liquida historica"
2024;Brasil;GNIRPF moderna;rendimentos totais em faixas de salario minimo mensal;"RBT; tributacao exclusiva; isentos/nao tributaveis; RTOT; base de calculo; bens; dividas; imposto";gnirpf_2025_ac2024_rendimentos_totais;"faixas de rendimentos totais em salarios minimos; conceito distinto da renda liquida historica"
