field_name;present_in;brackets_non_empty;totals_non_empty;description
aba_planilha;brackets | totals;264;18;
abatimento_calculado_cr_mil;brackets;98;0;
abatimento_calculado_cr_mil_diferenca_total_menos_faixas;totals;0;7;
abatimento_calculado_cr_mil_publicado;totals;0;7;
abatimento_calculado_cr_mil_soma_faixas;totals;0;7;
abatimento_calculado_cz;brackets;14;0;
abatimento_calculado_cz_diferenca_total_menos_faixas;totals;0;1;
abatimento_calculado_cz_mil;brackets;11;0;
abatimento_calculado_cz_mil_diferenca_total_menos_faixas;totals;0;1;
abatimento_calculado_cz_mil_publicado;totals;0;1;
abatimento_calculado_cz_mil_soma_faixas;totals;0;1;
abatimento_calculado_cz_publicado;totals;0;1;
abatimento_calculado_cz_soma_faixas;totals;0;1;
abatimento_calculado_ncz_mil;brackets;9;0;
abatimento_calculado_ncz_mil_diferenca_total_menos_faixas;totals;0;1;
abatimento_calculado_ncz_mil_publicado;totals;0;1;
abatimento_calculado_ncz_mil_soma_faixas;totals;0;1;
abatimentos_calculado_bruta_menos_liquida_cr_mil;brackets;16;0;
abatimentos_calculado_cr_mil;brackets;33;0;
abatimentos_calculado_cr_mil_diferenca_total_menos_faixas;totals;0;2;
abatimentos_calculado_cr_mil_soma_faixas;totals;0;2;
abatimentos_calculado_cr_mil_total_publicado;totals;0;2;
abatimentos_cr_mil;brackets;30;0;
abatimentos_cr_mil_diferenca_total_menos_faixas;totals;0;2;
abatimentos_cr_mil_soma_faixas;totals;0;2;
abatimentos_cr_mil_total_publicado;totals;0;2;
abatimentos_dependentes_cr_mil;brackets;16;0;
abatimentos_dependentes_cr_mil_diferenca_total_menos_faixas;totals;0;1;
abatimentos_dependentes_cr_mil_soma_faixas;totals;0;1;
abatimentos_dependentes_cr_mil_total_publicado;totals;0;1;
abatimentos_diferenca_subtipos_agregada_cr_mil;totals;0;1;
abatimentos_diferenca_total_menos_bruta_liquida_cr_mil;brackets;16;0;
abatimentos_diferenca_total_menos_subtipos_cr_mil;brackets;16;0;
abatimentos_esposas_cr_mil;brackets;16;0;
abatimentos_esposas_cr_mil_diferenca_total_menos_faixas;totals;0;1;
abatimentos_esposas_cr_mil_soma_faixas;totals;0;1;
abatimentos_esposas_cr_mil_total_publicado;totals;0;1;
abatimentos_ncr;brackets;13;0;
abatimentos_ncr_diferenca_total_menos_faixas;totals;0;1;
abatimentos_ncr_mil;brackets;39;0;
abatimentos_ncr_mil_diferenca_total_menos_faixas;totals;0;2;
abatimentos_ncr_mil_soma_faixas;totals;0;3;
abatimentos_ncr_mil_total_publicado;totals;0;3;
abatimentos_ncr_soma_faixas;totals;0;1;
abatimentos_ncr_total_publicado;totals;0;1;
abatimentos_soma_subtipos_cr_mil;brackets;16;0;
abatimentos_total_cr_mil;brackets;16;0;
abatimentos_total_cr_mil_diferenca_total_menos_faixas;totals;0;1;
abatimentos_total_cr_mil_soma_faixas;totals;0;1;
abatimentos_total_cr_mil_total_publicado;totals;0;1;
adicional_protecao_familia_cr_mil;brackets;15;0;
adicional_protecao_familia_cr_mil_diferenca_total_menos_faixas;totals;0;1;
adicional_protecao_familia_cr_mil_soma_faixas;totals;0;1;
adicional_protecao_familia_cr_mil_total_publicado;totals;0;1;
adicional_protecao_familia_narrativo_cr_mil_aprox;totals;0;1;
aliquota_efetiva_percentual;brackets;22;0;
aliquota_efetiva_percentual_publicada;totals;0;2;
ano_calendario;brackets | totals;747;49;
ano_calendario_inferido;brackets | totals;503;40;
ano_exercicio;brackets | totals;1027;73;
ano_exercicio_inferido;brackets | totals;10;1;
ano_lancamento;brackets | totals;213;15;
arquivo_fonte;brackets | totals;904;70;
arquivo_fonte_cruzamento;totals;0;1;
arquivo_fonte_primaria;brackets | totals;82;1;
arquivo_imagem_contribuintes;brackets | totals;48;3;
arquivo_imagem_declarantes;brackets;11;0;
arquivo_imagem_mct_a;totals;0;3;
arquivo_imagem_mct_b;totals;0;3;
arquivo_imagem_monetaria;brackets | totals;48;3;
arquivo_imagem_mso_a;totals;0;3;
arquivo_imagem_mso_b;totals;0;3;
arquivo_imagem_quadro_04;totals;0;1;
arquivo_imagem_quadro_05;totals;0;1;
arquivo_imagem_rendimento;brackets;11;0;
arquivo_imagem_tabela;brackets | totals;850;58;
arquivo_imagem_tabela_a;totals;0;2;
arquivo_imagem_tabela_b;totals;0;2;
arquivo_imagem_tabela_ii_a;totals;0;1;
arquivo_imagem_tabela_iii_a;totals;0;1;
arquivo_ocr;brackets | totals;374;30;
arquivo_ocr_xml;brackets | totals;152;12;
arquivo_pdf;brackets | totals;264;18;
arquivo_texto_extraido;brackets | totals;28;3;
arquivo_texto_primaria;brackets | totals;82;1;
arquivo_xlsx;brackets | totals;264;18;
base_calculo_rtl_rs;brackets;264;0;
base_calculo_rtl_rs_milhoes;brackets;264;0;
bens_e_direitos_brasil_rs_milhoes;brackets;17;0;
bens_e_direitos_exterior_rs_milhoes;brackets;17;0;
bens_e_direitos_rs_milhoes;brackets;264;0;
calendar_year;brackets | totals;1250;89;
codigo_corte;brackets;41;0;
codigo_faixa;brackets;1209;0;
contribuintes_casadas;brackets;13;0;
contribuintes_casadas_diferenca_total_menos_faixas;totals;0;1;
contribuintes_casadas_soma_faixas;totals;0;1;
contribuintes_casadas_total_publicado;totals;0;1;
contribuintes_casados;brackets;87;0;
contribuintes_casados_diferenca_total_menos_faixas;totals;0;6;
contribuintes_casados_soma_faixas;totals;0;6;
contribuintes_casados_total_publicado;totals;0;6;
contribuintes_com_cheques_poupanca;brackets;15;0;
contribuintes_com_cheques_poupanca_diferenca_total_menos_faixas;totals;0;1;
contribuintes_com_cheques_poupanca_soma_faixas;totals;0;1;
contribuintes_com_cheques_poupanca_total_publicado;totals;0;1;
contribuintes_com_declaracao_fora_prazo;brackets;15;0;
contribuintes_com_declaracao_fora_prazo_diferenca_total_menos_faixas;totals;0;1;
contribuintes_com_declaracao_fora_prazo_soma_faixas;totals;0;1;
contribuintes_com_declaracao_fora_prazo_total_publicado;totals;0;1;
contribuintes_com_desconto_na_fonte;brackets;15;0;
contribuintes_com_desconto_na_fonte_diferenca_total_menos_faixas;totals;0;1;
contribuintes_com_desconto_na_fonte_soma_faixas;totals;0;1;
contribuintes_com_desconto_na_fonte_total_publicado;totals;0;1;
contribuintes_com_desconto_no_ato;brackets;15;0;
contribuintes_com_desconto_no_ato_diferenca_total_menos_faixas;totals;0;1;
contribuintes_com_desconto_no_ato_soma_faixas;totals;0;1;
contribuintes_com_desconto_no_ato_total_publicado;totals;0;1;
contribuintes_com_imposto_liquido_a_restituir;brackets;15;0;
contribuintes_com_imposto_liquido_a_restituir_diferenca_total_menos_faixas;totals;0;1;
contribuintes_com_imposto_liquido_a_restituir_soma_faixas;totals;0;1;
contribuintes_com_imposto_liquido_a_restituir_total_publicado;totals;0;1;
contribuintes_com_reducao_investimento;brackets;15;0;
contribuintes_com_reducao_investimento_diferenca_total_menos_faixas;totals;0;1;
contribuintes_com_reducao_investimento_soma_faixas;totals;0;1;
contribuintes_com_reducao_investimento_total_publicado;totals;0;1;
contribuintes_diferenca_subcategorias_agregada;totals;0;4;
contribuintes_diferenca_total_menos_subtotal;brackets;56;0;
contribuintes_espolios;brackets;102;0;
contribuintes_espolios_diferenca_total_menos_faixas;totals;0;7;
contribuintes_espolios_soma_faixas;totals;0;7;
contribuintes_espolios_total_publicado;totals;0;7;
contribuintes_homens_casados;brackets;15;0;
contribuintes_homens_casados_diferenca_total_menos_faixas;totals;0;1;
contribuintes_homens_casados_soma_faixas;totals;0;1;
contribuintes_homens_casados_total_publicado;totals;0;1;
contribuintes_mulheres_casadas;brackets;89;0;
contribuintes_mulheres_casadas_diferenca_total_menos_faixas;totals;0;6;
contribuintes_mulheres_casadas_soma_faixas;totals;0;6;
contribuintes_mulheres_casadas_total_publicado;totals;0;6;
contribuintes_solteiros_viuvos;brackets;30;0;
contribuintes_solteiros_viuvos_desquitados;brackets;57;0;
contribuintes_solteiros_viuvos_desquitados_diferenca_total_menos_faixas;totals;0;4;
contribuintes_solteiros_viuvos_desquitados_divorciados;brackets;15;0;
contribuintes_solteiros_viuvos_desquitados_divorciados_diferenca_total_menos_faixas;totals;0;1;
contribuintes_solteiros_viuvos_desquitados_divorciados_soma_faixas;totals;0;1;
contribuintes_solteiros_viuvos_desquitados_divorciados_total_publicado;totals;0;1;
contribuintes_solteiros_viuvos_desquitados_soma_faixas;totals;0;4;
contribuintes_solteiros_viuvos_desquitados_total_publicado;totals;0;4;
contribuintes_solteiros_viuvos_diferenca_total_menos_faixas;totals;0;1;
contribuintes_solteiros_viuvos_soma_faixas;totals;0;1;
contribuintes_solteiros_viuvos_total_publicado;totals;0;1;
contribuintes_subcategorias_diferenca_total_menos_soma;brackets;18;0;
contribuintes_subcategorias_soma;brackets;18;0;
contribuintes_subcategorias_soma_faixas;totals;0;1;
contribuintes_subtotal_soma;brackets;56;0;
contribuintes_total;brackets;118;0;
contribuintes_total_diferenca_total_menos_faixas;totals;0;8;
contribuintes_total_menos_subcategorias_soma_faixas;totals;0;1;
contribuintes_total_soma_faixas;totals;0;8;
contribuintes_total_total_publicado;totals;0;8;
contribuintes_viuvos_solteiros_espolios;brackets;15;0;
contribuintes_viuvos_solteiros_espolios_diferenca_total_menos_faixas;totals;0;1;
contribuintes_viuvos_solteiros_espolios_soma_faixas;totals;0;1;
contribuintes_viuvos_solteiros_espolios_total_publicado;totals;0;1;
corte_rendimento_tributavel_anual_rs;brackets;41;0;
declarantes;brackets;62;0;
declarantes_com_imposto_liquido_pagar;brackets;15;0;
declarantes_com_imposto_liquido_pagar_publicado;totals;0;1;
declarantes_diferenca_total_menos_faixas;totals;0;8;
declarantes_mct;brackets;30;0;
declarantes_mct_total_publicado;totals;0;3;
declarantes_mso;brackets;30;0;
declarantes_mso_total_publicado;totals;0;3;
declarantes_origem_soma;totals;0;7;
declarantes_renda_liquida_negativa_incluidos;brackets;62;0;
declarantes_renda_liquida_negativa_total_publicado;totals;0;7;
declarantes_sem_imposto_rl_inferior_com_restituicao;brackets;15;0;
declarantes_sem_imposto_rl_inferior_com_restituicao_publicado;totals;0;1;
declarantes_sem_imposto_rl_inferior_sem_restituicao;brackets;15;0;
declarantes_sem_imposto_rl_inferior_sem_restituicao_publicado;totals;0;1;
declarantes_sem_imposto_rl_superior_com_restituicao;brackets;15;0;
declarantes_sem_imposto_rl_superior_com_restituicao_publicado;totals;0;1;
declarantes_sem_imposto_rl_superior_sem_restituicao;brackets;15;0;
declarantes_sem_imposto_rl_superior_sem_restituicao_publicado;totals;0;1;
declarantes_soma_faixas;totals;0;9;
declarantes_total;brackets;15;0;
declarantes_total_publicado;totals;0;8;
deducao_cedular_calculada_cr_mil;brackets;15;0;
deducao_cedular_calculada_cr_mil_diferenca_total_menos_faixas;totals;0;1;
deducao_cedular_calculada_cr_mil_soma_faixas;totals;0;1;
deducao_cedular_calculada_cr_mil_total_publicado;totals;0;1;
deducao_incentivo_rs_milhoes;brackets;102;0;
deducao_livro_caixa_rs_milhoes;brackets;264;0;
deducao_previdenciaria_oficial_rs_milhoes;brackets;102;0;
deducao_previdenciaria_privada_fapi_rs_milhoes;brackets;102;0;
deducao_previdenciaria_rra_rs_milhoes;brackets;102;0;
deducao_previdenciaria_rs_milhoes;brackets;264;0;
deducoes_cedulares_calculadas_cr_mil;brackets;98;0;
deducoes_cedulares_calculadas_cr_mil_diferenca_total_menos_faixas;totals;0;7;
deducoes_cedulares_calculadas_cr_mil_publicado;totals;0;7;
deducoes_cedulares_calculadas_cr_mil_soma_faixas;totals;0;7;
deducoes_cedulares_calculadas_cz;brackets;14;0;
deducoes_cedulares_calculadas_cz_diferenca_total_menos_faixas;totals;0;1;
deducoes_cedulares_calculadas_cz_mil;brackets;11;0;
deducoes_cedulares_calculadas_cz_mil_diferenca_total_menos_faixas;totals;0;1;
deducoes_cedulares_calculadas_cz_mil_publicado;totals;0;1;
deducoes_cedulares_calculadas_cz_mil_soma_faixas;totals;0;1;
deducoes_cedulares_calculadas_cz_publicado;totals;0;1;
deducoes_cedulares_calculadas_cz_soma_faixas;totals;0;1;
deducoes_cedulares_calculadas_ncz_mil;brackets;9;0;
deducoes_cedulares_calculadas_ncz_mil_diferenca_total_menos_faixas;totals;0;1;
deducoes_cedulares_calculadas_ncz_mil_publicado;totals;0;1;
deducoes_cedulares_calculadas_ncz_mil_soma_faixas;totals;0;1;
deducoes_dependentes_rs_milhoes;brackets;264;0;
deducoes_instrucao_rs_milhoes;brackets;264;0;
deducoes_medicas_rs_milhoes;brackets;264;0;
deducoes_pensao_alimenticia_escritura_rs_milhoes;brackets;102;0;
deducoes_pensao_alimenticia_judicial_rs_milhoes;brackets;102;0;
deducoes_pensao_alimenticia_rra_rs_milhoes;brackets;102;0;
deducoes_pensao_alimenticia_rs_milhoes;brackets;264;0;
deducoes_rs_mil_quadro_04;totals;0;1;
deducoes_rs_milhoes_receita_quadro_resumo;totals;0;1;
demais_abatimentos_cr_mil;brackets;16;0;
demais_abatimentos_cr_mil_diferenca_total_menos_faixas;totals;0;1;
demais_abatimentos_cr_mil_soma_faixas;totals;0;1;
demais_abatimentos_cr_mil_total_publicado;totals;0;1;
dependentes;brackets;76;0;
dependentes_diferenca_total_menos_faixas;totals;0;5;
dependentes_soma_faixas;totals;0;5;
dependentes_total_publicado;totals;0;7;
desconto_na_fonte_cr_mil;brackets;15;0;
desconto_na_fonte_cr_mil_diferenca_total_menos_faixas;totals;0;1;
desconto_na_fonte_cr_mil_soma_faixas;totals;0;1;
desconto_na_fonte_cr_mil_total_publicado;totals;0;1;
desconto_na_fonte_ncr;brackets;13;0;
desconto_na_fonte_ncr_diferenca_total_menos_faixas;totals;0;1;
desconto_na_fonte_ncr_mil;brackets;39;0;
desconto_na_fonte_ncr_mil_diferenca_total_menos_faixas;totals;0;2;
desconto_na_fonte_ncr_mil_soma_faixas;totals;0;3;
desconto_na_fonte_ncr_mil_total_publicado;totals;0;3;
desconto_na_fonte_ncr_soma_faixas;totals;0;1;
desconto_na_fonte_ncr_total_publicado;totals;0;1;
desconto_padrao_cr_mil;brackets;70;0;
desconto_padrao_cr_mil_diferenca_total_menos_faixas;totals;0;5;
desconto_padrao_cr_mil_publicado;totals;0;5;
desconto_padrao_cr_mil_soma_faixas;totals;0;5;
desconto_padrao_cz;brackets;14;0;
desconto_padrao_cz_diferenca_total_menos_faixas;totals;0;1;
desconto_padrao_cz_mil;brackets;11;0;
desconto_padrao_cz_mil_diferenca_total_menos_faixas;totals;0;1;
desconto_padrao_cz_mil_publicado;totals;0;1;
desconto_padrao_cz_mil_soma_faixas;totals;0;1;
desconto_padrao_cz_publicado;totals;0;1;
desconto_padrao_cz_soma_faixas;totals;0;1;
desconto_padrao_ncz_mil;brackets;9;0;
desconto_padrao_ncz_mil_diferenca_total_menos_faixas;totals;0;1;
desconto_padrao_ncz_mil_publicado;totals;0;1;
desconto_padrao_ncz_mil_soma_faixas;totals;0;1;
desconto_padrao_numero_declarantes;brackets;90;0;
desconto_padrao_numero_declarantes_diferenca_total_menos_faixas;totals;0;7;
desconto_padrao_numero_declarantes_publicado;totals;0;7;
desconto_padrao_numero_declarantes_soma_faixas;totals;0;7;
desconto_padrao_rs_milhoes;brackets;264;0;
desconto_pagamento_ato_cr_mil;brackets;18;0;
desconto_pagamento_ato_cr_mil_diferenca_total_menos_faixas;totals;0;1;
desconto_pagamento_ato_cr_mil_soma_faixas;totals;0;1;
desconto_pagamento_ato_cr_mil_total_publicado;totals;0;1;
diferenca_base_calculo_rtl_rs_milhoes;totals;0;18;
diferenca_bens_e_direitos_brasil_rs_milhoes;totals;0;1;
diferenca_bens_e_direitos_exterior_rs_milhoes;totals;0;1;
diferenca_bens_e_direitos_rs_milhoes;totals;0;18;
diferenca_declaracoes;totals;0;1;
diferenca_declarantes;totals;0;19;
diferenca_declarantes_receita_total_menos_torres;totals;0;1;
diferenca_deducao_previdenciaria_rs_milhoes;totals;0;6;
diferenca_deducoes_pensao_alimenticia_rs_milhoes;totals;0;6;
diferenca_dividas_e_onus_rs_milhoes;totals;0;18;
diferenca_doacoes_e_herancas_rs_milhoes;totals;0;10;
diferenca_imposto_devido_rs_milhoes;totals;0;6;
diferenca_imposto_total_menos_faixas;totals;0;11;
diferenca_ir_devido_rs_milhoes;totals;0;2;
diferenca_pessoas_publicadas_menos_calculadas;brackets;131;0;
diferenca_pessoas_total_menos_faixas;totals;0;26;
diferenca_rbt_receita_menos_torres_rs_milhoes;totals;0;1;
diferenca_renda_bruta_rs;totals;0;1;
diferenca_renda_total_menos_faixas;totals;0;26;
diferenca_rendimento_bruto_total_cz_mil;totals;0;1;
diferenca_rendimento_total_rtot_rs_milhoes;totals;0;18;
diferenca_rendimento_tributavel_bruto_rs_milhoes;totals;0;18;
diferenca_rendimento_tributavel_rs_milhoes;totals;0;2;
diferenca_rendimentos_isentos_nao_tributaveis_rs_milhoes;totals;0;18;
diferenca_rendimentos_tributacao_exclusiva_rs_milhoes;totals;0;18;
diferenca_soma_menos_total_publicado_mil;totals;0;2;
dividas_e_onus_rs_milhoes;brackets;264;0;
doacoes_e_herancas_rs;brackets;170;0;
doacoes_e_herancas_rs_milhoes;brackets;170;0;
doacoes_efetuadas_rs_milhoes;brackets;102;0;
faixa_renda_bruta_anual_publicada;brackets;10;0;
faixa_renda_liquida;brackets;40;0;
faixa_renda_liquida_cr;brackets;95;0;
faixa_renda_liquida_cr_mil;brackets;390;0;
faixa_renda_liquida_ncr;brackets;26;0;
faixa_renda_liquida_ncr_mil;brackets;13;0;
faixa_renda_mensal_publicada;brackets;7;0;
faixa_renda_tributavel_anual_rs_mil;brackets;33;0;
faixa_rendimento_bruto_cr;brackets;15;0;
faixa_rendimento_bruto_total_cr;brackets;196;0;
faixa_rendimento_bruto_total_cz;brackets;61;0;
faixa_rendimento_bruto_total_ncz;brackets;18;0;
faixa_rendimento_total_sm_mensal_normalizada;brackets;264;0;
faixa_rendimento_total_sm_mensal_publicada;brackets;264;0;
faixa_rendimento_tributavel_anual_rs;brackets;41;0;
faixa_topo_aberta;brackets;1209;0;
folha_contribuintes_scandata;brackets | totals;15;1;
folha_monetaria_scandata;brackets | totals;15;1;
folha_scandata;brackets | totals;31;2;
fonte;brackets | totals;1168;88;
fonte_bloco;brackets | totals;403;23;
fonte_cruzamento;totals;0;1;
fonte_primaria_validacao;brackets | totals;82;1;
fonte_torres;brackets | totals;82;1;
geographic_scope;brackets | totals;1250;89;
gini_brown_publicado;totals;0;1;
gini_brown_recalculado_faixas;totals;0;1;
imposto_a_pagar_rs_milhoes;brackets;264;0;
imposto_a_restituir_rs_milhoes;brackets;264;0;
imposto_calculado_cr_mil;brackets;33;0;
imposto_calculado_cr_mil_diferenca_total_menos_faixas;totals;0;2;
imposto_calculado_cr_mil_soma_faixas;totals;0;2;
imposto_calculado_cr_mil_total_publicado;totals;0;2;
imposto_de_renda_devido_rs_mil_quadro_04;totals;0;1;
imposto_devido_1_rs_milhoes;brackets;102;0;
imposto_devido_apurado_xlsx_rs_milhoes;brackets;102;0;
imposto_devido_calculado_cr_mil;brackets;98;0;
imposto_devido_calculado_cr_mil_diferenca_total_menos_faixas;totals;0;7;
imposto_devido_calculado_cr_mil_publicado;totals;0;7;
imposto_devido_calculado_cr_mil_soma_faixas;totals;0;7;
imposto_devido_calculado_cz;brackets;14;0;
imposto_devido_calculado_cz_diferenca_total_menos_faixas;totals;0;1;
imposto_devido_calculado_cz_publicado;totals;0;1;
imposto_devido_calculado_cz_soma_faixas;totals;0;1;
imposto_devido_calculado_declarantes;brackets;132;0;
imposto_devido_calculado_declarantes_diferenca_total_menos_faixas;totals;0;10;
imposto_devido_calculado_declarantes_publicado;totals;0;10;
imposto_devido_calculado_declarantes_soma_faixas;totals;0;10;
imposto_devido_calculado_ncz_mil;brackets;9;0;
imposto_devido_calculado_ncz_mil_diferenca_total_menos_faixas;totals;0;1;
imposto_devido_calculado_ncz_mil_publicado;totals;0;1;
imposto_devido_calculado_ncz_mil_soma_faixas;totals;0;1;
imposto_devido_rra_rs_milhoes;brackets;102;0;
imposto_devido_rs_milhoes;brackets;264;0;
imposto_devido_rs_milhoes_receita_quadro_resumo;totals;0;1;
imposto_liquido_a_restituir_cr_mil;brackets;15;0;
imposto_liquido_a_restituir_cr_mil_diferenca_total_menos_faixas;totals;0;1;
imposto_liquido_a_restituir_cr_mil_soma_faixas;totals;0;1;
imposto_liquido_a_restituir_cr_mil_total_publicado;totals;0;1;
imposto_liquido_devido_cr_mil;brackets;15;0;
imposto_liquido_devido_cr_mil_diferenca_total_menos_faixas;totals;0;1;
imposto_liquido_devido_cr_mil_soma_faixas;totals;0;1;
imposto_liquido_devido_cr_mil_total_publicado;totals;0;1;
imposto_notificado_cedular_cr_mil;brackets;31;0;
imposto_notificado_cedular_cr_mil_diferenca_total_menos_faixas;totals;0;2;
imposto_notificado_cedular_cr_mil_soma_faixas;totals;0;2;
imposto_notificado_cedular_cr_mil_total_publicado;totals;0;2;
imposto_notificado_complementar_cr_mil;brackets;31;0;
imposto_notificado_complementar_cr_mil_diferenca_total_menos_faixas;totals;0;2;
imposto_notificado_complementar_cr_mil_soma_faixas;totals;0;2;
imposto_notificado_complementar_cr_mil_total_publicado;totals;0;2;
imposto_notificado_cr_mil;brackets;156;0;
imposto_notificado_cr_mil_soma_faixas;totals;0;11;
imposto_notificado_cr_mil_total;totals;0;11;
imposto_notificado_total_cr_mil;brackets;31;0;
imposto_notificado_total_cr_mil_diferenca_total_menos_faixas;totals;0;2;
imposto_notificado_total_cr_mil_soma_faixas;totals;0;2;
imposto_notificado_total_cr_mil_total_publicado;totals;0;2;
imposto_pago_rs_milhoes;brackets;264;0;
imposto_progressivo_cr_mil;brackets;15;0;
imposto_progressivo_cr_mil_diferenca_total_menos_faixas;totals;0;1;
imposto_progressivo_cr_mil_soma_faixas;totals;0;1;
imposto_progressivo_cr_mil_total_publicado;totals;0;1;
imposto_progressivo_ncr;brackets;13;0;
imposto_progressivo_ncr_diferenca_total_menos_faixas;totals;0;1;
imposto_progressivo_ncr_mil;brackets;39;0;
imposto_progressivo_ncr_mil_diferenca_total_menos_faixas;totals;0;2;
imposto_progressivo_ncr_mil_soma_faixas;totals;0;3;
imposto_progressivo_ncr_mil_total_publicado;totals;0;3;
imposto_progressivo_ncr_soma_faixas;totals;0;1;
imposto_progressivo_ncr_total_publicado;totals;0;1;
imposto_retido_na_fonte_cr_mil;brackets;15;0;
imposto_retido_na_fonte_cr_mil_diferenca_total_menos_faixas;totals;0;1;
imposto_retido_na_fonte_cr_mil_soma_faixas;totals;0;1;
imposto_retido_na_fonte_cr_mil_total_publicado;totals;0;1;
imposto_total_com_adicional_narrativo_cr_mil_aprox;totals;0;1;
imposto_total_rs_milhoes;brackets;102;0;
incentivos_bnb_cr_mil;brackets;18;0;
incentivos_bnb_cr_mil_diferenca_total_menos_faixas;totals;0;1;
incentivos_bnb_cr_mil_soma_faixas;totals;0;1;
incentivos_bnb_cr_mil_total_publicado;totals;0;1;
incentivos_dec_157_cr_mil;brackets;18;0;
incentivos_dec_157_cr_mil_diferenca_total_menos_faixas;totals;0;1;
incentivos_dec_157_cr_mil_soma_faixas;totals;0;1;
incentivos_dec_157_cr_mil_total_publicado;totals;0;1;
ir_devido_rs_milhoes;brackets;22;0;
ir_devido_rs_milhoes_publicado;totals;0;2;
ir_devido_rs_milhoes_soma_faixas;totals;0;2;
limite_inferior;brackets;40;0;
limite_inferior_anual_rs;brackets;7;0;
limite_inferior_anual_rs_publicado;brackets;10;0;
limite_inferior_cr;brackets;282;0;
limite_inferior_cr_mil;brackets;388;0;
limite_inferior_cz;brackets;56;0;
limite_inferior_mensal_rs;brackets;7;0;
limite_inferior_ncr;brackets;24;0;
limite_inferior_ncr_mil;brackets;13;0;
limite_inferior_ncz;brackets;16;0;
limite_inferior_rs;brackets;74;0;
limite_inferior_sm_mensal;brackets;264;0;
limite_superior;brackets;38;0;
limite_superior_anual_rs;brackets;6;0;
limite_superior_anual_rs_publicado;brackets;9;0;
limite_superior_cr;brackets;282;0;
limite_superior_cr_mil;brackets;361;0;
limite_superior_cz;brackets;56;0;
limite_superior_mensal_rs;brackets;6;0;
limite_superior_ncr;brackets;24;0;
limite_superior_ncr_mil;brackets;12;0;
limite_superior_ncz;brackets;16;0;
limite_superior_rs;brackets;70;0;
limite_superior_sm_mensal;brackets;246;0;
linhas_detalhe_agregadas;brackets;68;0;
linhas_validacao_tab11;brackets;51;0;
metodo_agregacao_fonte;brackets;68;0;
metodo_pessoas;brackets | totals;171;13;
moeda;brackets | totals;1037;74;
numero_cortes_acumulados;totals;0;1;
numero_declaracoes;brackets;51;0;
numero_declaracoes_acima_corte;brackets;41;0;
numero_declaracoes_total_torres;totals;0;1;
numero_declarantes;brackets | totals;183;3;
numero_declarantes_diferenca_total_menos_faixas;totals;0;11;
numero_declarantes_publicado;totals;0;11;
numero_declarantes_publicado_tabela_ii_a;totals;0;1;
numero_declarantes_rendimento_tributavel_receita;totals;0;1;
numero_declarantes_rendimentos_totais_quadro_04;totals;0;1;
numero_declarantes_rendimentos_tributaveis_completo_quadro_04;totals;0;1;
numero_declarantes_rendimentos_tributaveis_simplificado_quadro_04;totals;0;1;
numero_declarantes_rendimentos_tributaveis_total_quadro_04;totals;0;1;
numero_declarantes_soma_faixas;totals;0;12;
numero_declarantes_total_receita_quadro_resumo;totals;0;1;
numero_faixas;totals;0;73;
numero_faixas_origem;totals;0;7;
numero_intervalos_derivados;totals;0;1;
numero_linhas_abatimentos_subtipos_inconsistentes;totals;0;1;
numero_linhas_detalhe_agregadas;totals;0;4;
numero_linhas_subcategorias_inconsistentes;totals;0;3;
numero_linhas_validacao_tab11;totals;0;3;
numero_ufs_categorias_agregadas;totals;0;4;
numero_ufs_validacao_tab11;totals;0;3;
observacao;brackets | totals;939;77;
observacao_fechamento;totals;0;1;
observacao_linha;brackets;397;0;
ordem_corte;brackets;41;0;
ordem_faixa;brackets;1209;0;
pagina_contribuintes_impressa;brackets | totals;15;1;
pagina_impressa;brackets | totals;845;61;
pagina_impressa_a;totals;0;2;
pagina_impressa_b;totals;0;2;
pagina_impressa_contribuintes;brackets | totals;33;2;
pagina_impressa_declarantes;brackets;11;0;
pagina_impressa_mct_a;totals;0;3;
pagina_impressa_mct_b;totals;0;3;
pagina_impressa_monetaria;brackets | totals;33;2;
pagina_impressa_mso_a;totals;0;3;
pagina_impressa_mso_b;totals;0;3;
pagina_impressa_rendimento;brackets;11;0;
pagina_impressa_tabela;brackets | totals;264;18;
pagina_monetaria_impressa;brackets | totals;15;1;
pagina_pdf;brackets | totals;845;61;
pagina_pdf_a;totals;0;2;
pagina_pdf_b;totals;0;2;
pagina_pdf_contribuintes;brackets | totals;33;2;
pagina_pdf_declarantes;brackets;11;0;
pagina_pdf_mct_a;totals;0;3;
pagina_pdf_mct_b;totals;0;3;
pagina_pdf_monetaria;brackets | totals;33;2;
pagina_pdf_mso_a;totals;0;3;
pagina_pdf_mso_b;totals;0;3;
pagina_pdf_quadro_04;totals;0;1;
pagina_pdf_quadro_05;totals;0;1;
pagina_pdf_rendimento;brackets;11;0;
pagina_pdf_tabela;brackets | totals;264;18;
pagina_pdf_tabela_ii_a;totals;0;1;
pagina_pdf_tabela_iii_a;totals;0;1;
percentual_declaracoes;brackets;10;0;
percentual_declaracoes_acumulado;brackets;10;0;
percentual_declarantes_acumulado_publicado;brackets;7;0;
percentual_declarantes_publicado;brackets;7;0;
percentual_renda_bruta;brackets;10;0;
percentual_renda_bruta_acumulado;brackets;10;0;
percentual_rendimento_tributavel_acumulado_publicado;brackets;7;0;
percentual_rendimento_tributavel_publicado;brackets;7;0;
pessoas_calculadas_por_media;brackets;131;0;
pessoas_calculadas_por_media_total;totals;0;11;
pessoas_fisicas_notificadas;brackets;384;0;
pessoas_fisicas_notificadas_soma_faixas;totals;0;28;
pessoas_fisicas_notificadas_total;totals;0;2;
pessoas_fisicas_notificadas_total_publicado;totals;0;26;
quadro;brackets | totals;630;47;
quadro_contribuintes;brackets | totals;33;2;
quadro_monetario;brackets | totals;33;2;
quadros;totals;0;3;
quantidade_declarantes;brackets;264;0;
renda_bruta_calculada_cr_mil;brackets;98;0;
renda_bruta_calculada_cr_mil_diferenca_total_menos_faixas;totals;0;7;
renda_bruta_calculada_cr_mil_publicado;totals;0;7;
renda_bruta_calculada_cr_mil_soma_faixas;totals;0;7;
renda_bruta_calculada_cz;brackets;14;0;
renda_bruta_calculada_cz_diferenca_total_menos_faixas;totals;0;1;
renda_bruta_calculada_cz_mil;brackets;11;0;
renda_bruta_calculada_cz_mil_diferenca_total_menos_faixas;totals;0;1;
renda_bruta_calculada_cz_mil_publicado;totals;0;1;
renda_bruta_calculada_cz_mil_soma_faixas;totals;0;1;
renda_bruta_calculada_cz_publicado;totals;0;1;
renda_bruta_calculada_cz_soma_faixas;totals;0;1;
renda_bruta_calculada_ncz_mil;brackets;9;0;
renda_bruta_calculada_ncz_mil_diferenca_total_menos_faixas;totals;0;1;
renda_bruta_calculada_ncz_mil_publicado;totals;0;1;
renda_bruta_calculada_ncz_mil_soma_faixas;totals;0;1;
renda_bruta_cr_mil;brackets;79;0;
renda_bruta_cr_mil_diferenca_total_menos_faixas;totals;0;5;
renda_bruta_cr_mil_soma_faixas;totals;0;5;
renda_bruta_cr_mil_total_publicado;totals;0;5;
renda_bruta_media_rs;brackets;10;0;
renda_bruta_ncr;brackets;13;0;
renda_bruta_ncr_diferenca_total_menos_faixas;totals;0;1;
renda_bruta_ncr_mil;brackets;39;0;
renda_bruta_ncr_mil_diferenca_total_menos_faixas;totals;0;2;
renda_bruta_ncr_mil_soma_faixas;totals;0;3;
renda_bruta_ncr_mil_total_publicado;totals;0;3;
renda_bruta_ncr_soma_faixas;totals;0;1;
renda_bruta_ncr_total_publicado;totals;0;1;
renda_bruta_total_rs;brackets;10;0;
renda_bruta_total_rs_milhoes;brackets;10;0;
renda_liquida_acima_1084000_cr_mil;brackets;14;0;
renda_liquida_acima_1084000_cr_mil_diferenca_total_menos_faixas;totals;0;1;
renda_liquida_acima_1084000_cr_mil_publicado;totals;0;1;
renda_liquida_acima_1084000_cr_mil_soma_faixas;totals;0;1;
renda_liquida_acima_1084000_declarantes;brackets;14;0;
renda_liquida_acima_1084000_declarantes_diferenca_total_menos_faixas;totals;0;1;
renda_liquida_acima_1084000_declarantes_publicado;totals;0;1;
renda_liquida_acima_1084000_declarantes_soma_faixas;totals;0;1;
renda_liquida_acima_146000_cr_mil;brackets;14;0;
renda_liquida_acima_146000_cr_mil_diferenca_total_menos_faixas;totals;0;1;
renda_liquida_acima_146000_cr_mil_publicado;totals;0;1;
renda_liquida_acima_146000_cr_mil_soma_faixas;totals;0;1;
renda_liquida_acima_146000_declarantes;brackets;14;0;
renda_liquida_acima_146000_declarantes_diferenca_total_menos_faixas;totals;0;1;
renda_liquida_acima_146000_declarantes_publicado;totals;0;1;
renda_liquida_acima_146000_declarantes_soma_faixas;totals;0;1;
renda_liquida_acima_21600_cz_mil;brackets;11;0;
renda_liquida_acima_21600_cz_mil_diferenca_total_menos_faixas;totals;0;1;
renda_liquida_acima_21600_cz_mil_publicado;totals;0;1;
renda_liquida_acima_21600_cz_mil_soma_faixas;totals;0;1;
renda_liquida_acima_21600_declarantes;brackets;11;0;
renda_liquida_acima_21600_declarantes_diferenca_total_menos_faixas;totals;0;1;
renda_liquida_acima_21600_declarantes_publicado;totals;0;1;
renda_liquida_acima_21600_declarantes_soma_faixas;totals;0;1;
renda_liquida_acima_278000_cr_mil;brackets;14;0;
renda_liquida_acima_278000_cr_mil_diferenca_total_menos_faixas;totals;0;1;
renda_liquida_acima_278000_cr_mil_publicado;totals;0;1;
renda_liquida_acima_278000_cr_mil_soma_faixas;totals;0;1;
renda_liquida_acima_278000_declarantes;brackets;14;0;
renda_liquida_acima_278000_declarantes_diferenca_total_menos_faixas;totals;0;1;
renda_liquida_acima_278000_declarantes_publicado;totals;0;1;
renda_liquida_acima_278000_declarantes_soma_faixas;totals;0;1;
renda_liquida_acima_2818000_cr_mil;brackets;14;0;
renda_liquida_acima_2818000_cr_mil_diferenca_total_menos_faixas;totals;0;1;
renda_liquida_acima_2818000_cr_mil_publicado;totals;0;1;
renda_liquida_acima_2818000_cr_mil_soma_faixas;totals;0;1;
renda_liquida_acima_2818000_declarantes;brackets;14;0;
renda_liquida_acima_2818000_declarantes_diferenca_total_menos_faixas;totals;0;1;
renda_liquida_acima_2818000_declarantes_publicado;totals;0;1;
renda_liquida_acima_2818000_declarantes_soma_faixas;totals;0;1;
renda_liquida_acima_542000_cr_mil;brackets;14;0;
renda_liquida_acima_542000_cr_mil_diferenca_total_menos_faixas;totals;0;1;
renda_liquida_acima_542000_cr_mil_publicado;totals;0;1;
renda_liquida_acima_542000_cr_mil_soma_faixas;totals;0;1;
renda_liquida_acima_542000_declarantes;brackets;14;0;
renda_liquida_acima_542000_declarantes_diferenca_total_menos_faixas;totals;0;1;
renda_liquida_acima_542000_declarantes_publicado;totals;0;1;
renda_liquida_acima_542000_declarantes_soma_faixas;totals;0;1;
renda_liquida_acima_620_declarantes;brackets;9;0;
renda_liquida_acima_620_declarantes_diferenca_total_menos_faixas;totals;0;1;
renda_liquida_acima_620_declarantes_publicado;totals;0;1;
renda_liquida_acima_620_declarantes_soma_faixas;totals;0;1;
renda_liquida_acima_620_ncz_mil;brackets;9;0;
renda_liquida_acima_620_ncz_mil_diferenca_total_menos_faixas;totals;0;1;
renda_liquida_acima_620_ncz_mil_publicado;totals;0;1;
renda_liquida_acima_620_ncz_mil_soma_faixas;totals;0;1;
renda_liquida_acima_65000_cr_mil;brackets;14;0;
renda_liquida_acima_65000_cr_mil_diferenca_total_menos_faixas;totals;0;1;
renda_liquida_acima_65000_cr_mil_publicado;totals;0;1;
renda_liquida_acima_65000_cr_mil_soma_faixas;totals;0;1;
renda_liquida_acima_65000_declarantes;brackets;14;0;
renda_liquida_acima_65000_declarantes_diferenca_total_menos_faixas;totals;0;1;
renda_liquida_acima_65000_declarantes_publicado;totals;0;1;
renda_liquida_acima_65000_declarantes_soma_faixas;totals;0;1;
renda_liquida_acima_9250_cz;brackets;14;0;
renda_liquida_acima_9250_cz_diferenca_total_menos_faixas;totals;0;1;
renda_liquida_acima_9250_cz_publicado;totals;0;1;
renda_liquida_acima_9250_cz_soma_faixas;totals;0;1;
renda_liquida_acima_9250_declarantes;brackets;14;0;
renda_liquida_acima_9250_declarantes_diferenca_total_menos_faixas;totals;0;1;
renda_liquida_acima_9250_declarantes_publicado;totals;0;1;
renda_liquida_acima_9250_declarantes_soma_faixas;totals;0;1;
renda_liquida_acima_94200_cr_mil;brackets;14;0;
renda_liquida_acima_94200_cr_mil_diferenca_total_menos_faixas;totals;0;1;
renda_liquida_acima_94200_cr_mil_publicado;totals;0;1;
renda_liquida_acima_94200_cr_mil_soma_faixas;totals;0;1;
renda_liquida_acima_94200_declarantes;brackets;14;0;
renda_liquida_acima_94200_declarantes_diferenca_total_menos_faixas;totals;0;1;
renda_liquida_acima_94200_declarantes_publicado;totals;0;1;
renda_liquida_acima_94200_declarantes_soma_faixas;totals;0;1;
renda_liquida_cr_mil;brackets;141;0;
renda_liquida_cr_mil_diferenca_total_menos_faixas;totals;0;12;
renda_liquida_cr_mil_soma_faixas;totals;0;12;
renda_liquida_cr_mil_total_publicado;totals;0;12;
renda_liquida_declarada_cr_mil;brackets;213;0;
renda_liquida_declarada_cr_mil_soma_faixas;totals;0;15;
renda_liquida_declarada_cr_mil_total;totals;0;15;
renda_liquida_mct_cr_mil;brackets;30;0;
renda_liquida_mct_cr_mil_total_publicado;totals;0;3;
renda_liquida_media;brackets | totals;40;2;
renda_liquida_media_cr;brackets | totals;485;24;
renda_liquida_media_cr_publicada;totals;0;11;
renda_liquida_media_ncr;brackets | totals;39;1;
renda_liquida_mil;brackets;40;0;
renda_liquida_mil_soma_faixas;totals;0;2;
renda_liquida_mil_total;totals;0;2;
renda_liquida_mso_cr_mil;brackets;30;0;
renda_liquida_mso_cr_mil_total_publicado;totals;0;3;
renda_liquida_ncr;brackets;13;0;
renda_liquida_ncr_diferenca_total_menos_faixas;totals;0;1;
renda_liquida_ncr_mil;brackets;39;0;
renda_liquida_ncr_mil_diferenca_total_menos_faixas;totals;0;2;
renda_liquida_ncr_mil_soma_faixas;totals;0;3;
renda_liquida_ncr_mil_total_publicado;totals;0;3;
renda_liquida_ncr_soma_faixas;totals;0;1;
renda_liquida_ncr_total_publicado;totals;0;1;
renda_liquida_negativa_cr_mil_publicada;brackets | totals;160;7;
renda_liquida_negativa_cr_mil_publicada_diferenca_total_menos_faixas;totals;0;7;
renda_liquida_negativa_cr_mil_publicada_publicado;totals;0;7;
renda_liquida_negativa_cr_mil_publicada_soma_faixas;totals;0;7;
renda_liquida_negativa_cz_mil_publicada;brackets;11;0;
renda_liquida_negativa_cz_mil_publicada_diferenca_total_menos_faixas;totals;0;1;
renda_liquida_negativa_cz_mil_publicada_publicado;totals;0;1;
renda_liquida_negativa_cz_mil_publicada_soma_faixas;totals;0;1;
renda_liquida_negativa_cz_publicada;brackets;14;0;
renda_liquida_negativa_cz_publicada_diferenca_total_menos_faixas;totals;0;1;
renda_liquida_negativa_cz_publicada_publicado;totals;0;1;
renda_liquida_negativa_cz_publicada_soma_faixas;totals;0;1;
renda_liquida_negativa_declarantes;brackets;132;0;
renda_liquida_negativa_declarantes_diferenca_total_menos_faixas;totals;0;10;
renda_liquida_negativa_declarantes_publicado;totals;0;10;
renda_liquida_negativa_declarantes_soma_faixas;totals;0;10;
renda_liquida_negativa_ncz_mil_publicada;brackets;9;0;
renda_liquida_negativa_ncz_mil_publicada_diferenca_total_menos_faixas;totals;0;1;
renda_liquida_negativa_ncz_mil_publicada_publicado;totals;0;1;
renda_liquida_negativa_ncz_mil_publicada_soma_faixas;totals;0;1;
renda_liquida_original;brackets;40;0;
renda_liquida_positiva_cr_mil_soma_origem;totals;0;7;
renda_liquida_total_cr_mil;brackets;131;0;
renda_liquida_total_cr_mil_publicada;totals;0;11;
renda_liquida_total_cr_mil_soma_faixas;totals;0;11;
renda_liquida_zero_a_1084000_cr_mil;brackets;14;0;
renda_liquida_zero_a_1084000_cr_mil_diferenca_total_menos_faixas;totals;0;1;
renda_liquida_zero_a_1084000_cr_mil_publicado;totals;0;1;
renda_liquida_zero_a_1084000_cr_mil_soma_faixas;totals;0;1;
renda_liquida_zero_a_1084000_declarantes;brackets;14;0;
renda_liquida_zero_a_1084000_declarantes_diferenca_total_menos_faixas;totals;0;1;
renda_liquida_zero_a_1084000_declarantes_publicado;totals;0;1;
renda_liquida_zero_a_1084000_declarantes_soma_faixas;totals;0;1;
renda_liquida_zero_a_146000_cr_mil;brackets;14;0;
renda_liquida_zero_a_146000_cr_mil_diferenca_total_menos_faixas;totals;0;1;
renda_liquida_zero_a_146000_cr_mil_publicado;totals;0;1;
renda_liquida_zero_a_146000_cr_mil_soma_faixas;totals;0;1;
renda_liquida_zero_a_146000_declarantes;brackets;14;0;
renda_liquida_zero_a_146000_declarantes_diferenca_total_menos_faixas;totals;0;1;
renda_liquida_zero_a_146000_declarantes_publicado;totals;0;1;
renda_liquida_zero_a_146000_declarantes_soma_faixas;totals;0;1;
renda_liquida_zero_a_21600_cz_mil;brackets;11;0;
renda_liquida_zero_a_21600_cz_mil_diferenca_total_menos_faixas;totals;0;1;
renda_liquida_zero_a_21600_cz_mil_publicado;totals;0;1;
renda_liquida_zero_a_21600_cz_mil_soma_faixas;totals;0;1;
renda_liquida_zero_a_21600_declarantes;brackets;11;0;
renda_liquida_zero_a_21600_declarantes_diferenca_total_menos_faixas;totals;0;1;
renda_liquida_zero_a_21600_declarantes_publicado;totals;0;1;
renda_liquida_zero_a_21600_declarantes_soma_faixas;totals;0;1;
renda_liquida_zero_a_278000_cr_mil;brackets;14;0;
renda_liquida_zero_a_278000_cr_mil_diferenca_total_menos_faixas;totals;0;1;
renda_liquida_zero_a_278000_cr_mil_publicado;totals;0;1;
renda_liquida_zero_a_278000_cr_mil_soma_faixas;totals;0;1;
renda_liquida_zero_a_278000_declarantes;brackets;14;0;
renda_liquida_zero_a_278000_declarantes_diferenca_total_menos_faixas;totals;0;1;
renda_liquida_zero_a_278000_declarantes_publicado;totals;0;1;
renda_liquida_zero_a_278000_declarantes_soma_faixas;totals;0;1;
renda_liquida_zero_a_2818000_cr_mil;brackets;14;0;
renda_liquida_zero_a_2818000_cr_mil_diferenca_total_menos_faixas;totals;0;1;
renda_liquida_zero_a_2818000_cr_mil_publicado;totals;0;1;
renda_liquida_zero_a_2818000_cr_mil_soma_faixas;totals;0;1;
renda_liquida_zero_a_2818000_declarantes;brackets;14;0;
renda_liquida_zero_a_2818000_declarantes_diferenca_total_menos_faixas;totals;0;1;
renda_liquida_zero_a_2818000_declarantes_publicado;totals;0;1;
renda_liquida_zero_a_2818000_declarantes_soma_faixas;totals;0;1;
renda_liquida_zero_a_542000_cr_mil;brackets;14;0;
renda_liquida_zero_a_542000_cr_mil_diferenca_total_menos_faixas;totals;0;1;
renda_liquida_zero_a_542000_cr_mil_publicado;totals;0;1;
renda_liquida_zero_a_542000_cr_mil_soma_faixas;totals;0;1;
renda_liquida_zero_a_542000_declarantes;brackets;14;0;
renda_liquida_zero_a_542000_declarantes_diferenca_total_menos_faixas;totals;0;1;
renda_liquida_zero_a_542000_declarantes_publicado;totals;0;1;
renda_liquida_zero_a_542000_declarantes_soma_faixas;totals;0;1;
renda_liquida_zero_a_620_declarantes;brackets;9;0;
renda_liquida_zero_a_620_declarantes_diferenca_total_menos_faixas;totals;0;1;
renda_liquida_zero_a_620_declarantes_publicado;totals;0;1;
renda_liquida_zero_a_620_declarantes_soma_faixas;totals;0;1;
renda_liquida_zero_a_620_ncz_mil;brackets;9;0;
renda_liquida_zero_a_620_ncz_mil_diferenca_total_menos_faixas;totals;0;1;
renda_liquida_zero_a_620_ncz_mil_publicado;totals;0;1;
renda_liquida_zero_a_620_ncz_mil_soma_faixas;totals;0;1;
renda_liquida_zero_a_65000_cr_mil;brackets;14;0;
renda_liquida_zero_a_65000_cr_mil_diferenca_total_menos_faixas;totals;0;1;
renda_liquida_zero_a_65000_cr_mil_publicado;totals;0;1;
renda_liquida_zero_a_65000_cr_mil_soma_faixas;totals;0;1;
renda_liquida_zero_a_65000_declarantes;brackets;14;0;
renda_liquida_zero_a_65000_declarantes_diferenca_total_menos_faixas;totals;0;1;
renda_liquida_zero_a_65000_declarantes_publicado;totals;0;1;
renda_liquida_zero_a_65000_declarantes_soma_faixas;totals;0;1;
renda_liquida_zero_a_9250_cz;brackets;14;0;
renda_liquida_zero_a_9250_cz_diferenca_total_menos_faixas;totals;0;1;
renda_liquida_zero_a_9250_cz_publicado;totals;0;1;
renda_liquida_zero_a_9250_cz_soma_faixas;totals;0;1;
renda_liquida_zero_a_9250_declarantes;brackets;14;0;
renda_liquida_zero_a_9250_declarantes_diferenca_total_menos_faixas;totals;0;1;
renda_liquida_zero_a_9250_declarantes_publicado;totals;0;1;
renda_liquida_zero_a_9250_declarantes_soma_faixas;totals;0;1;
renda_liquida_zero_a_94200_cr_mil;brackets;14;0;
renda_liquida_zero_a_94200_cr_mil_diferenca_total_menos_faixas;totals;0;1;
renda_liquida_zero_a_94200_cr_mil_publicado;totals;0;1;
renda_liquida_zero_a_94200_cr_mil_soma_faixas;totals;0;1;
renda_liquida_zero_a_94200_declarantes;brackets;14;0;
renda_liquida_zero_a_94200_declarantes_diferenca_total_menos_faixas;totals;0;1;
renda_liquida_zero_a_94200_declarantes_publicado;totals;0;1;
renda_liquida_zero_a_94200_declarantes_soma_faixas;totals;0;1;
renda_media_tributavel_acima_corte_rs_calculada;brackets;41;0;
renda_media_tributavel_acima_corte_rs_mil_publicada;brackets;41;0;
renda_media_tributavel_rs_torres_calculada;totals;0;1;
rendimento_bruto_com_imposto_liquido_pagar_cr_mil;brackets;15;0;
rendimento_bruto_com_imposto_liquido_pagar_cr_mil_publicado;totals;0;1;
rendimento_bruto_cr_mil_diferenca_total_menos_faixas;totals;0;1;
rendimento_bruto_cr_mil_soma_faixas;totals;0;1;
rendimento_bruto_cr_mil_total_publicado;totals;0;1;
rendimento_bruto_medio_cr;brackets | totals;113;1;
rendimento_bruto_medio_cz;brackets;36;0;
rendimento_bruto_medio_ncz;brackets;9;0;
rendimento_bruto_sem_imposto_rl_inferior_com_restituicao_cr_mil;brackets;15;0;
rendimento_bruto_sem_imposto_rl_inferior_com_restituicao_cr_mil_publicado;totals;0;1;
rendimento_bruto_sem_imposto_rl_inferior_sem_restituicao_cr_mil;brackets;15;0;
rendimento_bruto_sem_imposto_rl_inferior_sem_restituicao_cr_mil_publicado;totals;0;1;
rendimento_bruto_sem_imposto_rl_superior_com_restituicao_cr_mil;brackets;15;0;
rendimento_bruto_sem_imposto_rl_superior_com_restituicao_cr_mil_publicado;totals;0;1;
rendimento_bruto_sem_imposto_rl_superior_sem_restituicao_cr_mil;brackets;15;0;
rendimento_bruto_sem_imposto_rl_superior_sem_restituicao_cr_mil_publicado;totals;0;1;
rendimento_bruto_total_cr_mil;brackets;128;0;
rendimento_bruto_total_cr_mil_diferenca_total_menos_faixas;totals;0;8;
rendimento_bruto_total_cr_mil_publicado;totals;0;7;
rendimento_bruto_total_cr_mil_soma_faixas;totals;0;8;
rendimento_bruto_total_cr_mil_total_publicado;totals;0;1;
rendimento_bruto_total_cz;brackets;25;0;
rendimento_bruto_total_cz_diferenca_total_menos_faixas;totals;0;1;
rendimento_bruto_total_cz_mil;brackets;22;0;
rendimento_bruto_total_cz_mil_diferenca_total_menos_faixas;totals;0;1;
rendimento_bruto_total_cz_mil_publicado;totals;0;2;
rendimento_bruto_total_cz_mil_soma_faixas;totals;0;2;
rendimento_bruto_total_cz_publicado;totals;0;1;
rendimento_bruto_total_cz_soma_faixas;totals;0;1;
rendimento_bruto_total_ncz_mil;brackets;9;0;
rendimento_bruto_total_ncz_mil_diferenca_total_menos_faixas;totals;0;1;
rendimento_bruto_total_ncz_mil_publicado;totals;0;1;
rendimento_bruto_total_ncz_mil_soma_faixas;totals;0;1;
rendimento_total_rtot_medio_por_declarante_rs;brackets;264;0;
rendimento_total_rtot_rs;brackets;264;0;
rendimento_total_rtot_rs_milhoes;brackets;264;0;
rendimento_tributavel_acima_corte_rs_mil;brackets;41;0;
rendimento_tributavel_acima_corte_rs_milhoes;brackets;41;0;
rendimento_tributavel_alugueis_rs_milhoes;brackets;68;0;
rendimento_tributavel_bruto_medio_rs;brackets;7;0;
rendimento_tributavel_bruto_rs;brackets;264;0;
rendimento_tributavel_bruto_rs_mil;brackets;7;0;
rendimento_tributavel_bruto_rs_milhoes;brackets;271;0;
rendimento_tributavel_bruto_rs_milhoes_diferenca_total_menos_faixas;totals;0;1;
rendimento_tributavel_bruto_rs_milhoes_publicado;totals;0;1;
rendimento_tributavel_bruto_rs_milhoes_soma_faixas;totals;0;1;
rendimento_tributavel_exterior_rs_milhoes;brackets;68;0;
rendimento_tributavel_medio_rs;brackets;74;0;
rendimento_tributavel_medio_rs_mil_publicado;brackets;33;0;
rendimento_tributavel_outros_rs_milhoes;brackets;51;0;
rendimento_tributavel_pensao_alimenticia_outros_rs_milhoes;brackets;17;0;
rendimento_tributavel_recebido_pj_rs_milhoes;brackets;68;0;
rendimento_tributavel_resultado_atividade_rural_rs_milhoes;brackets;68;0;
rendimento_tributavel_rra_rs_milhoes;brackets;68;0;
rendimento_tributavel_rs_mil;brackets;74;0;
rendimento_tributavel_rs_mil_total_torres;totals;0;1;
rendimento_tributavel_rs_milhoes;brackets;74;0;
rendimento_tributavel_rs_milhoes_publicado;totals;0;2;
rendimento_tributavel_rs_milhoes_publicado_tabela_iii_a;totals;0;1;
rendimento_tributavel_rs_milhoes_receita_quadro_resumo;totals;0;1;
rendimento_tributavel_rs_milhoes_soma_faixas;totals;0;3;
rendimento_tributavel_rs_milhoes_total_torres;totals;0;1;
rendimento_tributavel_trabalho_nao_assalariado_rs_milhoes;brackets;68;0;
rendimentos_isentos_nao_tributaveis_rs;brackets;264;0;
rendimentos_isentos_nao_tributaveis_rs_milhoes;brackets;264;0;
rendimentos_liquidos_tributaveis_rs_mil_quadro_04;totals;0;1;
rendimentos_liquidos_tributaveis_rs_milhoes_receita_quadro_resumo;totals;0;1;
rendimentos_nao_tributaveis_numero_declarantes;brackets;28;0;
rendimentos_nao_tributaveis_numero_declarantes_diferenca_total_menos_faixas;totals;0;2;
rendimentos_nao_tributaveis_numero_declarantes_publicado;totals;0;2;
rendimentos_nao_tributaveis_numero_declarantes_soma_faixas;totals;0;2;
rendimentos_nao_tributaveis_valor_cr_mil;brackets;28;0;
rendimentos_nao_tributaveis_valor_cr_mil_diferenca_total_menos_faixas;totals;0;2;
rendimentos_nao_tributaveis_valor_cr_mil_publicado;totals;0;2;
rendimentos_nao_tributaveis_valor_cr_mil_soma_faixas;totals;0;2;
rendimentos_totais_rs_milhoes_receita_quadro_resumo;totals;0;1;
rendimentos_tributacao_exclusiva_rs;brackets;264;0;
rendimentos_tributacao_exclusiva_rs_milhoes;brackets;264;0;
rendimentos_tributaveis_form_completo_rs_mil_quadro_04;totals;0;1;
rendimentos_tributaveis_form_simplificado_rs_mil_quadro_04;totals;0;1;
rendimentos_tributaveis_total_rs_mil_quadro_04;totals;0;1;
retencao_na_fonte_cr_mil;brackets;18;0;
retencao_na_fonte_cr_mil_diferenca_total_menos_faixas;totals;0;1;
retencao_na_fonte_cr_mil_soma_faixas;totals;0;1;
retencao_na_fonte_cr_mil_total_publicado;totals;0;1;
rotulo_corte;brackets;41;0;
serie_nacional_comparavel;brackets | totals;40;3;
serie_nacional_comparavel_renda_liquida;brackets | totals;323;25;
source_block;brackets | totals;1250;89;
source_file;brackets | totals;1250;89;
source_row_number;brackets | totals;1250;89;
source_table_id;brackets | totals;1250;89;
tabela;brackets | totals;281;40;
tabela_declarantes;brackets;33;0;
tabela_imposto;brackets;22;0;
tabela_rendimento;brackets;11;0;
table_kind;brackets | totals;1250;89;
tax_return_year;brackets | totals;1240;88;
tipo_linha;brackets;82;0;
tipo_rendimento;brackets | totals;442;29;
tipo_rendimento_faixa;brackets | totals;587;1;
tipo_valor_monetario;brackets | totals;645;2;
tipos_formulario_agregados;brackets | totals;68;4;
tipos_formulario_validacao_tab11;brackets;51;0;
total_base_calculo_rtl_rs_milhoes_publicado;totals;0;18;
total_base_calculo_rtl_rs_milhoes_soma_faixas;totals;0;18;
total_bens_e_direitos_brasil_rs_milhoes_publicado;totals;0;1;
total_bens_e_direitos_brasil_rs_milhoes_soma_faixas;totals;0;1;
total_bens_e_direitos_exterior_rs_milhoes_publicado;totals;0;1;
total_bens_e_direitos_exterior_rs_milhoes_soma_faixas;totals;0;1;
total_bens_e_direitos_rs_milhoes_publicado;totals;0;18;
total_bens_e_direitos_rs_milhoes_soma_faixas;totals;0;18;
total_declaracoes_publicado;totals;0;1;
total_declaracoes_soma_faixas;totals;0;1;
total_declarantes_publicado;totals;0;18;
total_declarantes_soma_faixas;totals;0;18;
total_deducao_previdenciaria_rs_milhoes_publicado_agregado;totals;0;6;
total_deducao_previdenciaria_rs_milhoes_soma_faixas;totals;0;6;
total_deducoes_pensao_alimenticia_rs_milhoes_publicado_agregado;totals;0;6;
total_deducoes_pensao_alimenticia_rs_milhoes_soma_faixas;totals;0;6;
total_dividas_e_onus_rs_milhoes_publicado;totals;0;18;
total_dividas_e_onus_rs_milhoes_soma_faixas;totals;0;18;
total_doacoes_e_herancas_rs_milhoes_publicado;totals;0;10;
total_doacoes_e_herancas_rs_milhoes_soma_faixas;totals;0;10;
total_imposto_devido_rs_milhoes_publicado_consolidado;totals;0;6;
total_imposto_devido_rs_milhoes_soma_faixas;totals;0;6;
total_renda_bruta_rs_publicado;totals;0;1;
total_renda_bruta_rs_soma_faixas;totals;0;1;
total_rendimento_total_rtot_rs_milhoes_publicado_derivado;totals;0;18;
total_rendimento_total_rtot_rs_milhoes_soma_faixas;totals;0;18;
total_rendimento_tributavel_bruto_rs_milhoes_publicado;totals;0;18;
total_rendimento_tributavel_bruto_rs_milhoes_soma_faixas;totals;0;18;
total_rendimentos_isentos_nao_tributaveis_rs_milhoes_publicado;totals;0;18;
total_rendimentos_isentos_nao_tributaveis_rs_milhoes_soma_faixas;totals;0;18;
total_rendimentos_tributacao_exclusiva_rs_milhoes_publicado;totals;0;18;
total_rendimentos_tributacao_exclusiva_rs_milhoes_soma_faixas;totals;0;18;
ufs_categorias_agregadas;brackets;68;0;
ufs_validacao_tab11;brackets;51;0;
unidade_geografica;brackets | totals;1250;89;
unidade_limites_faixa;brackets | totals;1037;71;
unidade_monetaria_agregados;brackets | totals;1037;73;
unidade_monetaria_fonte;brackets | totals;51;3;
url_aef_1983_metadata;brackets | totals;28;2;
url_archive;brackets | totals;444;35;
url_cinii;brackets | totals;161;14;
url_fonte;brackets | totals;401;30;
url_fonte_cruzamento;totals;0;1;
url_openlibrary;brackets | totals;13;1;
url_pdf;brackets | totals;433;34;
url_pdf_download;brackets | totals;304;20;
url_pdf_original;brackets | totals;11;1;
url_pdf_view;brackets | totals;264;18;
url_primaria_archive;brackets | totals;82;1;
url_primaria_original;brackets | totals;82;1;
url_torres;brackets | totals;82;1;
url_xlsx_download;brackets | totals;264;18;
url_xlsx_view;brackets | totals;264;18;
validacao_pessoas;totals;0;2;
validacao_renda;totals;0;2;
valores_pagos_administradores_imoveis_rs_milhoes;brackets;68;0;
valores_pagos_advogados_rs_milhoes;brackets;68;0;
valores_pagos_alugueis_imoveis_rs_milhoes;brackets;68;0;
valores_pagos_arrendamento_rural_rs_milhoes;brackets;102;0;
valores_pagos_corretores_imoveis_rs_milhoes;brackets;68;0;
valores_pagos_despesas_instrucao_rs_milhoes;brackets;102;0;
valores_pagos_despesas_medicas_rs_milhoes;brackets;102;0;
valores_pagos_engenheiros_arquitetos_demais_profissionais_rs_milhoes;brackets;68;0;
valores_pagos_fapi_rs_milhoes;brackets;34;0;
valores_pagos_fono_fisio_terapeutas_rs_milhoes;brackets;68;0;
valores_pagos_hospitais_clinicas_laboratorios_rs_milhoes;brackets;68;0;
valores_pagos_medicos_dentistas_rs_milhoes;brackets;68;0;
valores_pagos_outros_rs_milhoes;brackets;102;0;
valores_pagos_pensao_alimenticia_escritura_rs_milhoes;brackets;102;0;
valores_pagos_pensao_alimenticia_judicial_rs_milhoes;brackets;102;0;
valores_pagos_planos_saude_rs_milhoes;brackets;68;0;
valores_pagos_previdencia_complementar_inclui_fapi_rs_milhoes;brackets;68;0;
valores_pagos_previdencia_complementar_natureza_publica_rs_milhoes;brackets;102;0;
valores_pagos_previdencia_complementar_pgbl_rs_milhoes;brackets;34;0;
valores_pagos_previdencia_complementar_vgbl_rs_milhoes;brackets;102;0;
valores_pagos_profissional_liberal_rs_milhoes;brackets;102;0;
valores_pagos_psicologos_rs_milhoes;brackets;68;0;
