Ano;Temos;Pedro;Escopo;Serie;Fonte curta;Orden.;Rendas;Exerc.;Faixas;Moeda;Unidade;Pag.;Ref.
1927;1;1;DF;R-LOC;Souza Reis 1930;RLIQ;"RLIQ; imp.; pess.";1928;20;reis;mil-rs;38/33;[1]
1928;1;1;DF;R-LOC;Souza Reis 1930;RLIQ;"RLIQ; imp.; pess.";1929;20;reis;mil-rs;38/33;[1]
1929;0;0;-;No data;No data;-;-;-;-;-;-;-;No data
1930;0;0;-;No data;No data;-;-;-;-;-;-;-;No data
1931;0;0;-;No data;No data;-;-;-;-;-;-;-;No data
1932;0;0;-;No data;No data;-;-;-;-;-;-;-;No data
1933;1;1;DF;R-LOC;AEB 1941-1945;RLIQ;"RLIQ; imp.; pess.";1934;12;Cr$;Cr$ mil;501-502/496-497;[2]
1934;1;1;DF;R-LOC;AEB 1941-1945;RLIQ;"RLIQ; imp.; pess.";1935;12;Cr$;Cr$ mil;501-502/496-497;[2]
1935;1;1;DF;R-LOC;AEB 1946;RLIQ;"RLIQ; imp.; pess.";-;12;Cr$;Cr$ mil;506/489;[3]
1936;1;1;DF;R-LOC;AEB 1946;RLIQ;"RLIQ; imp.; pess.";-;12;Cr$;Cr$ mil;506/489;[3]
1937;1;1;DF;R-LOC;AEB 1946;RLIQ;"RLIQ; imp.; pess.";-;12;Cr$;Cr$ mil;506/489;[3]
1938;1;1;DF;R-LOC;AEB 1946;RLIQ;"RLIQ; imp.; pess.";-;12;Cr$;Cr$ mil;506/489;[3]
1939;1;1;DF;R-LOC;AEB 1946;RLIQ;"RLIQ; imp.; pess.";-;12;Cr$;Cr$ mil;506/489;[3]
1940;1;1;DF;R-LOC;AEB 1946;RLIQ;"RLIQ; imp.; pess.";-;12;Cr$;Cr$ mil;506/489;[3]
1941;1;1;DF;R-LOC;AEB 1946;RLIQ;"RLIQ; imp.; pess.";-;12;Cr$;Cr$ mil;506/489;[3]
1942;1;1;DF;R-LOC;AEB 1946;RLIQ;"RLIQ; imp.; pess.";-;12;Cr$;Cr$ mil;506/489;[3]
1943;1;1;DF;R-LOC;AEB 1946;RLIQ;"RLIQ; imp.; pess.";-;12;Cr$;Cr$ mil;506/489;[3]
1944;1;1;DF;R-LOC;AEB 1946;RLIQ;"RLIQ; imp.; pess.";-;11;Cr$;Cr$ mil;506/489;[3]
1945;1;1;DF;R-LOC;AEB 1946;RLIQ;"RLIQ; imp.; pess.";-;11;Cr$;Cr$ mil;506/489;[3]
1946;1;1;BR;N-RLIQ;AEB 1949;RLIQ;"RLIQ; RB; imp.; pess.";1947;15;Cr$;Cr$ mil;603/570;[4]
1947;1;1;BR;N-RLIQ;AEB 1949;RLIQ;"RLIQ; RB; imp.; pess.";1948;15;Cr$;Cr$ mil;603/570;[4]
1948;1;1;BR;N-RLIQ;AEB 1950;RLIQ;"RLIQ; RB; imp.; pess.";1949;15;Cr$;Cr$ mil;512/496;[5]
1949;1;1;BR;N-RLIQ;AEB 1951;RLIQ;"RLIQ; RB; imp.; pess.";1950;15;Cr$;Cr$ mil;529/506;[6]
1950;1;1;BR;N-RLIQ;AEB 1952;RLIQ;"RLIQ; RB; imp.; pess.";1951;15;Cr$;Cr$ mil;530/515;[7]
1951;1;1;BR;N-RLIQ;AEB 1953;RLIQ;"RLIQ; RB; imp.; pess.";1952;14;Cr$;Cr$ mil;469/444;[8]
1952;1;1;BR;N-RLIQ;AEB 1954;RLIQ;"RLIQ; RB; imp.; pess.";1953;14;Cr$;Cr$ mil;517/482;[9]
1953;1;1;BR;N-RLIQ;AEB 1955;RLIQ;"RLIQ; RB; imp.; pess.";1954;14;Cr$;Cr$ mil;552/531;[10]
1954;1;1;BR;N-RLIQ;AEB 1956;RLIQ;"RLIQ; RB; imp.; pess.";1955;14;Cr$;Cr$ mil;400/404;[11]
1955;1;1;BR;N-RLIQ;AEB 1957;RLIQ;"RLIQ; RB; imp.; pess.";1956;14;Cr$;Cr$ mil;474/452;[12]
1956;1;1;BR;N-RLIQ;AEB 1958;RLIQ;"RLIQ; RB; imp.; pess.";1957;13;Cr$;Cr$ mil;476/450;[13]
1957;1;1;BR;N-RLIQ;AEB 1959;RLIQ;"RLIQ; RB; imp.; pess.";1958;13;Cr$;Cr$ mil;440/436;[14]
1958;1;1;BR;N-RLIQ;AEB 1960;RLIQ;"RLIQ; RB; imp.; pess.";1959;13;Cr$;Cr$ mil;383/377;[15]
1959;1;1;BR;N-RLIQ;AEB 1961;RLIQ;"RLIQ; RB; imp.; pess.";1960;13;Cr$;Cr$ mil;420/423;[16]
1960;1;1;BR;N-RLIQ;Rel. DIR 1961;RLIQ;"RLIQ; RB; imp.; pess.";1961;16;Cr$;Cr$ mil;50/46;[17]
1961;0;0;-;No data;No data;-;-;-;-;-;-;-;No data
1962;0;0;-;No data;No data;-;-;-;-;-;-;-;No data
1963;1;1;BR;N-RLIQ;Rel. DIR 1964;RLIQ;"RLIQ; RB; imp.; pess.";1964;15;Cr$;Cr$ mil;71;[18]
1964;1;1;BR;N-RLIQ;Rel. DIR 1965;RLIQ;"RLIQ; RB; imp.; pess.";1965;15;Cr$;Cr$ mil;57/53;[19]
1965;1;1;BR;N-RLIQ;Bol. Est. 28;RLIQ;"RLIQ; RB; imp.; pess.";1966;13;NCr$;NCr$ mil;77/36;[20]
1966;1;1;GB;R-LOC;Bol. Est. 32;RLIQ;"RLIQ; imp.; pess.";1967;13;NCr$;NCr$ mil;61/29;[21]
1967;1;1;BR;N-RLIQ;CIEF 1968;RLIQ;"RLIQ; RB; imp.; pess.";1968;13;NCr$;NCr$ mil;121/48;[22]
1968;1;1;BR;N-RLIQ;AEF 1970;RLIQ;"RLIQ; RB; imp.; pess.";1969;18;Cr$;Cr$ mil;120/114;[23]
1969;1;1;BR;N-RLIQ;AEF 1971;RLIQ;"RLIQ; RB; imp.; pess.";1970;15;Cr$;Cr$ mil;168/178;[24]
1970;1;1;BR;N-RLIQ;AEF 1972;RLIQ;"RLIQ; RB; imp.; pess.";1971;8;Cr$;Cr$ mil;145/141;[25]
1971;1;1;BR;N-RLIQ;AEF 1973;RLIQ;"RLIQ; RB; imp.; pess.";1972;8;Cr$;Cr$ mil;202/200;[26]
1972;1;1;BR;N-RLIQ;AEF 1974;RLIQ;"RLIQ; RB; imp.; pess.";1973;8;Cr$;Cr$ mil;"220; 221/218; 219";[27]
1973;1;1;BR;P-CAND;AEF 1975;RBT;"RBT; RLIQ blocks";1974;15;Cr$;Cr$ mil;148/157;[28]
1974;1;1;BR;N-RLIQ;AEF 1976;RLIQ;"RLIQ; RB; imp.; pess.";1975;8;Cr$;Cr$ mil;"219; 220/216; 217";[29]
1975;1;1;BR;N-RLIQ;AEF 1977;RLIQ;"RLIQ; RB; imp.; pess.";1976;10;Cr$;Cr$ mil;"298; 299; 302; 303/295; 296; 299; 300";[30]
1976;1;1;BR;N-RLIQ;AEF 1978;RLIQ;"RLIQ; RB; imp.; pess.";1977;10;Cr$;Cr$ mil;"306; 307; 310; 311/315; 316; 319; 320";[31]
1977;1;1;BR;N-RLIQ;AEF 1979;RLIQ;"RLIQ; RB; imp.; pess.";1978;10;Cr$;Cr$ mil;"598; 599; 604; 605/607; 608; 613; 614";[32]
1978;1;1;BR;P-RBT;AEF 1980;RBT;"RBT; RLIQ blocks";1979;14;Cr$;Cr$ mil;376/383;[33]
1979;1;1;BR;P-RBT;AEF 1981;RBT;"RBT; RLIQ blocks";1980;14;Cr$;Cr$ mil;438/449;[34]
1980;1;1;BR;P-RBT;AEF 1982;RBT;"RBT; RLIQ blocks";1981;14;Cr$;Cr$ mil;259/270;[35]
1981;1;1;BR;P-RBT;IRPF 1982;RBT;"RBT; RLIQ blocks";1982;14;Cr$;Cr$ mil;25/21;[36]
1982;1;1;BR;P-RBT;IRPF 1983;RBT;"RBT; RLIQ blocks";1983;14;Cr$;Cr$ mil;25/21;[37]
1983;1;1;BR;P-RBT;IRPF 1984;RBT;"RBT; RLIQ blocks";1984;14;Cr$;Cr$ mil;23/21;[38]
1984;1;1;BR;P-RBT;AEF 1986;RBT;"RBT; RLIQ blocks";1985;14;Cr$;Cr$ mil;224/230;[39]
1985;1;1;BR;P-RBT;IRPF 1986;RBT;"RBT; RLIQ blocks";1986;14;CZ$;CZ$ 1,00;165/165;[40]
1986;1;1;BR;P-RBT;IRPF 1987;RBT;"RBT; RLIQ blocks";1987;11;CZ$;CZ$ 1.000;165/161;[41]
1987;1;1;BR;P-RBT;IRPF 1988;RBT;"RBT; RLIQ blocks";1988;11;CZ$;CZ$ 1.000;2/157;[42]
1988;1;1;BR;P-RBT;IRPF 1989;RBT;"RBT; RLIQ blocks";1989;9;NCz$;NCz$ 1.000;160/158;[43]
1989;0;0;-;No data;No data;-;-;-;-;-;-;-;No data
1990;0;0;-;No data;No data;-;-;-;-;-;-;-;No data
1991;0;0;-;No data;No data;-;-;-;-;-;-;-;No data
1992;0;0;-;No data;No data;-;-;-;-;-;-;-;No data
1993;0;0;-;No data;No data;-;-;-;-;-;-;-;No data
1994;0;0;-;No data;No data;-;-;-;-;-;-;-;No data
1995;0;0;-;No data;No data;-;-;-;-;-;-;-;No data
1996;1;1;BR;MOD;Pos-Real 2001;RTribB;"RBT; decl.";1997;11;R$;R$ mi;"5; 6/148; 149";[44]
1997;1;1;BR;MOD;Pos-Real 2001;RTribB;"RBT; decl.";1998;11;R$;R$ mi;"5; 6/148; 149";[45]
1998;1;1;BR;MOD;Analise DIRPF 1999;RTribB;"RBT; decl.";1999;11;R$;"R$ mi na Tabela III-A; R$ 1.000 no Quadro 04";10;[46]
1999;0;0;-;No data;No data;-;-;-;-;-;-;-;No data
2000;1;1;BR;MOD;Torres 2003;RTribB;"RBT; decl.";2001;41;R$;-;-;[47]
2001;0;0;-;No data;No data;-;-;-;-;-;-;-;No data
2002;1;1;BR;MOD;SRF 2004;RTribB;"RBT; decl.";2003;7;R$;R$ mi;9/5;[48]
2003;0;0;-;No data;No data;-;-;-;-;-;-;-;No data
2004;0;0;-;No data;No data;-;-;-;-;-;-;-;No data
2005;0;0;-;No data;No data;-;-;-;-;-;-;-;No data
2006;1;1;BR;MOD;Castro 2014;RB;"RB; decl.; Gini";2007;10;R$;R$ 1;99/99;[49]
2007;1;1;BR;GNIRPF;GNIRPF 2007;RTOT/SM;"RBT; RTOT; BC; bens";2008;11;R$;R$ mi;"22; 23/14; 15";[50]
2008;1;1;BR;GNIRPF;GNIRPF 2008;RTOT/SM;"RBT; RTOT; BC; bens";2009;11;R$;R$ mi;"22; 23/14; 15";[51]
2009;1;1;BR;GNIRPF;GNIRPF 2009;RTOT/SM;"RBT; RTOT; BC; bens";2010;11;R$;R$ mi;"22; 23/14; 15";[52]
2010;1;1;BR;GNIRPF;GNIRPF 2010;RTOT/SM;"RBT; RTOT; BC; bens";2011;11;R$;R$ mi;"22; 23/14; 15";[53]
2011;1;1;BR;GNIRPF;GNIRPF 2011;RTOT/SM;"RBT; RTOT; BC; bens";2012;11;R$;R$ mi;"22; 23/14; 15";[54]
2012;1;1;BR;GNIRPF;GNIRPF 2012;RTOT/SM;"RBT; RTOT; BC; bens";2013;11;R$;R$ mi;"22; 23/14; 15";[55]
2013;1;1;BR;GNIRPF;GNIRPF 2013;RTOT/SM;"RBT; RTOT; BC; bens";2014;11;R$;R$ mi;"22; 23/14; 15";[56]
2014;1;0;BR;GNIRPF;GNIRPF 2014;RTOT/SM;"RBT; RTOT; BC; bens";2015;17;R$;R$ mi;"27; 28; 29; 30; 31/23; 24; 25; 26; 27";[57]
2015;1;0;BR;GNIRPF;GNIRPF 2015;RTOT/SM;"RBT; RTOT; BC; bens";2016;17;R$;R$ mi;13/9;[58]
2016;1;0;BR;GNIRPF;GNIRPF 2016;RTOT/SM;"RBT; RTOT; BC; bens";2017;17;R$;R$ mi;13/9;[59]
2017;1;0;BR;GNIRPF;GNIRPF 2017;RTOT/SM;"RBT; RTOT; BC; bens";2018;17;R$;R$ mi;14/9;[60]
2018;1;0;BR;GNIRPF;GNIRPF 2018;RTOT/SM;"RBT; RTOT; BC; bens";2019;17;R$;R$ mi;14/9;[61]
2019;1;0;BR;GNIRPF;GNIRPF 2019;RTOT/SM;"RBT; RTOT; BC; bens";2020;17;R$;R$ mi;13/9;[62]
2020;1;0;BR;GNIRPF;GNIRPF 2020;RTOT/SM;"RBT; RTOT; BC; bens";2021;17;R$;R$ mi;13/9;[63]
2021;1;0;BR;GNIRPF;GNIRPF 2021;RTOT/SM;"RBT; RTOT; BC; bens";2022;17;R$;R$ mi;4/XLSX;[64]
2022;1;0;BR;GNIRPF;GNIRPF 2022;RTOT/SM;"RBT; RTOT; BC; bens";2023;17;R$;R$ mi;5/XLSX;[65]
2023;1;0;BR;GNIRPF;GNIRPF 2023;RTOT/SM;"RBT; RTOT; BC; bens";2024;17;R$;R$ mi;4/XLSX;[66]
2024;1;0;BR;GNIRPF;GNIRPF 2024;RTOT/SM;"RBT; RTOT; BC; bens";2025;17;R$;R$ mi;4/XLSX;[67]
